cluster_id,cluster_type,record_count,canonical_email_id,datasets_involved,member_email_ids,evidence
exact_cluster_1fbbac1cebfab6cf,exact_normalized_full,3,email_9052679456e37204fc02ae767baba553,enron,email_06e21c27af7d817b593a4fb4c8a08d89|email_9052679456e37204fc02ae767baba553|email_efeaa720c42d2fc99d5b1dea0e1c9164,"raw_hashes=3, full_hashes=1, body_hashes=1"
exact_cluster_b693a5ab7229913b,exact_normalized_full,3,email_523372485ac6e8939e58ebc1031320d8,enron,email_286f5f7021acf0109043ec927df4c8ba|email_523372485ac6e8939e58ebc1031320d8|email_b94bec2977923952c72b16711f610006,"raw_hashes=3, full_hashes=1, body_hashes=1"
exact_cluster_d86a81c18a1076db,exact_normalized_full,3,email_80d90e9f84787b08680fe771574aa6d1,enron,email_80d90e9f84787b08680fe771574aa6d1|email_dfae7f00304de52485b436774573049e|email_f815394d92fce0a50f122aed1903b141,"raw_hashes=3, full_hashes=1, body_hashes=1"
exact_cluster_0135b30fe277d57c,exact_normalized_full,3,email_70c38022d9293178dd01ae90cb322bf7,enron,email_70c38022d9293178dd01ae90cb322bf7|email_aad344a9897bed827c85f3cd08383ad1|email_c9a0930df38468bd2dc0f12f44dbada4,"raw_hashes=3, full_hashes=1, body_hashes=1"
exact_cluster_b0f68df30cbd8afe,exact_normalized_full,3,email_ceaf8379abe9446234b26276546037df,enron,email_8e556443841301e323b09fa84542b11a|email_ceaf8379abe9446234b26276546037df|email_ff2924a9e8069f070d990385815f8c2e,"raw_hashes=3, full_hashes=1, body_hashes=1"
exact_cluster_5eedb72aecd94d9a,exact_normalized_full,3,email_3e6cc87254e4008ec8ee8d7094bcfd4d,enron,email_3e6cc87254e4008ec8ee8d7094bcfd4d|email_6935d0440365f9abdc221371e8a6b317|email_96d96df3807730d2e59c7aac795660eb,"raw_hashes=3, full_hashes=1, body_hashes=1"
exact_cluster_fdb9fa219bd5f3c8,exact_normalized_full,3,email_1a2b1d8f630b53e9964a776839498659,enron,email_1a2b1d8f630b53e9964a776839498659|email_8d1b083d482d1f81ff924e3256f39f5f|email_93887a30aae215e3f63eb1b89d7ea494,"raw_hashes=3, full_hashes=1, body_hashes=1"
exact_cluster_fd4114229df6edab,exact_normalized_full,3,email_519a943a0974b3a67da06c5f650777bc,enron,email_1c459a3e6ff3d849d81ec033a99c1b52|email_36106008e483659bbd1fc613e587a7d3|email_519a943a0974b3a67da06c5f650777bc,"raw_hashes=3, full_hashes=1, body_hashes=1"
exact_cluster_717cdc723b83691d,exact_normalized_full,2,email_9d9577246fb8075a242f49f22a344c28,enron,email_9d9577246fb8075a242f49f22a344c28|email_db6e0fb2f44cacdb2d47143c47bf1570,"raw_hashes=2, full_hashes=1, body_hashes=1"
exact_cluster_bf97dc488c4416e3,exact_normalized_full,3,email_6adf9f386b20e86ff953f973d8f0f628,enron,email_2cc508245f2d366eb8e43c36f9c0595e|email_6adf9f386b20e86ff953f973d8f0f628|email_c3f247b4c89105c08b2a07e1e83bf9f7,"raw_hashes=3, full_hashes=1, body_hashes=1"
exact_cluster_4d5002d6d6583f18,exact_normalized_full,3,email_7e6014fc8dd314333d7e4f43508846c5,enron,email_21c4b6b0d01dafbffa692f3f64a8db5a|email_7e6014fc8dd314333d7e4f43508846c5|email_a439fa998d3a6e2a7a5f0dbef7081383,"raw_hashes=3, full_hashes=1, body_hashes=1"
exact_cluster_cac5e79a65569254,exact_normalized_full,3,email_5c0b7cd72055132909f6a5941979a301,enron,email_176c9caa53c8f65c5509665e2e0b12eb|email_5c0b7cd72055132909f6a5941979a301|email_ba3470587cb3446a725541315e4d1467,"raw_hashes=3, full_hashes=1, body_hashes=1"
exact_cluster_ac026bb46a164776,exact_normalized_full,3,email_e59702ddadd52c9ed24e05e6e8cd4e1e,enron,email_b5436c97875bf65bd2ad980b13116800|email_d02b665e0af3421083b89825fc147cf0|email_e59702ddadd52c9ed24e05e6e8cd4e1e,"raw_hashes=3, full_hashes=1, body_hashes=1"
exact_cluster_6091fa7669546461,exact_normalized_full,3,email_911b6122dad953f602550b2c171dc42d,enron,email_4736afec80d84818ad3655222b1d12cc|email_4adfee0bf355c88d0a8fec54334039d4|email_911b6122dad953f602550b2c171dc42d,"raw_hashes=3, full_hashes=1, body_hashes=1"
exact_cluster_cfdcd71c540e4528,exact_normalized_full,3,email_1bd7cb949861f978582bfda165c739aa,enron,email_1bd7cb949861f978582bfda165c739aa|email_61847dbdce4e9452c5a792afacaba20c|email_e70076b1cfba066109f236a4b26ae2d7,"raw_hashes=3, full_hashes=1, body_hashes=1"
exact_cluster_3d5d08adb301fc0f,exact_normalized_full,3,email_95d57facd99f70ef058865ce984abe56,enron,email_4f07aefcb38f2631d5be7db18d6f8d24|email_95d57facd99f70ef058865ce984abe56|email_d31384267d27a9293b71a05826d3f96c,"raw_hashes=3, full_hashes=1, body_hashes=1"
exact_cluster_aa992a50c983e452,exact_normalized_full,3,email_6933857daa3f614e3fee32fd1f667cae,enron,email_6708e478a13e6a612feac7922b592316|email_6933857daa3f614e3fee32fd1f667cae|email_ab3ae0efd5a55a2d07cbd446fb54bb81,"raw_hashes=3, full_hashes=1, body_hashes=1"
exact_cluster_5d777e7afe57b442,exact_normalized_full,3,email_eaa159bcdc8628b025934a06ee95714a,enron,email_857f43b0ac10d4f07a0d658c5f5e0654|email_d23f8ddacc5e5f664ae4afa0b12e878c|email_eaa159bcdc8628b025934a06ee95714a,"raw_hashes=3, full_hashes=1, body_hashes=1"
exact_cluster_fabe5ebd7e25d032,exact_normalized_full,3,email_1a796c9416667e99a99a7e312c1d9062,enron,email_1a796c9416667e99a99a7e312c1d9062|email_69709986b67c33171d9690c2043a7655|email_d3d642a1c1c4a1a2a1e585dffff1ce00,"raw_hashes=3, full_hashes=1, body_hashes=1"
exact_cluster_595e5e6ff5c1d207,exact_normalized_full,3,email_b2b2ed8702f03c1ba06ba27998863545,enron,email_2860890f01b8719f8a158c5198c4ea30|email_b2b2ed8702f03c1ba06ba27998863545|email_ff0db008fdb7ec8404b3b8e4ded16562,"raw_hashes=3, full_hashes=1, body_hashes=1"
exact_cluster_0079b9d456161856,exact_normalized_full,3,email_a3efa27d32ee3f2a04d98132a8f69331,enron,email_2aefaa72d6270a6af17199e296536e22|email_a3efa27d32ee3f2a04d98132a8f69331|email_c85d7a01488e1ef92fa0154d1277787f,"raw_hashes=3, full_hashes=1, body_hashes=1"
exact_cluster_b5794c65d6ceb5f6,exact_normalized_full,3,email_1ad37251c874ef611a568c00beb0daca,enron,email_02a196bc86975756b35a89e842a4e1b5|email_1ad37251c874ef611a568c00beb0daca|email_c29e72eac1a6676e836c764e422300a8,"raw_hashes=3, full_hashes=1, body_hashes=1"
exact_cluster_577f75f64cfa5feb,exact_normalized_full,3,email_51037fae5459222413853625e5e5d577,enron,email_51037fae5459222413853625e5e5d577|email_a1d4e45d2d59d1890071ed5ed0ac1d92|email_f235e5775db0633ebc438e548f3ae463,"raw_hashes=3, full_hashes=1, body_hashes=1"
exact_cluster_fc0bd63c2b7a7dbe,exact_normalized_full,3,email_216973f7a22b432a1136927cf414b9e9,enron,email_1ecd32dd174950be7f20cd78077cc517|email_216973f7a22b432a1136927cf414b9e9|email_551d7a5578e4d77e449037882948a9c2,"raw_hashes=3, full_hashes=1, body_hashes=1"
exact_cluster_be4ab4c0bd80175c,exact_normalized_full,3,email_91a374b26f34ca6f29b9078b728a851d,enron,email_2540dad4a8392df3165f26b64c5e6cbd|email_7d6d7fffde690d330c7a8328425279e9|email_91a374b26f34ca6f29b9078b728a851d,"raw_hashes=3, full_hashes=1, body_hashes=1"
exact_cluster_fff0884c199ebc7f,exact_normalized_full,3,email_f7d56fa43f05b85cbf59e999f0270f05,enron,email_93631246b4359312fd57f577070c11ac|email_e114f5c4f5c4eebe7ce1c477fdb39786|email_f7d56fa43f05b85cbf59e999f0270f05,"raw_hashes=3, full_hashes=1, body_hashes=1"
exact_cluster_8ba254222946d1d2,exact_normalized_full,3,email_6e122f90e8ce4cba093980bde0173086,enron,email_23dd7e376868d8d6c958ac4c58fdba4c|email_6e122f90e8ce4cba093980bde0173086|email_71c0a11a017cba2b82444377f1015441,"raw_hashes=3, full_hashes=1, body_hashes=1"
exact_cluster_ce024c6a4b3f8e39,exact_normalized_full,3,email_cedbe9ae27ed9725e92a749fe25587a4,enron,email_343c1a85176f014ec7904f22a339d0e7|email_79650fcfab11ce87b8ed5b5e4356c1f1|email_cedbe9ae27ed9725e92a749fe25587a4,"raw_hashes=3, full_hashes=1, body_hashes=1"
exact_cluster_bd00e0669c899761,exact_normalized_full,2,email_1f1ec44ad4df146e95100d537c597e1d,enron,email_1f1ec44ad4df146e95100d537c597e1d|email_61a742bc28c3c9ca4e15ef559adfbe30,"raw_hashes=2, full_hashes=1, body_hashes=1"
exact_cluster_b31a11afaf7e4a0d,exact_normalized_full,3,email_362beb477f7cc61cfcf5dec5a56d0892,enron,email_362beb477f7cc61cfcf5dec5a56d0892|email_520b23e964a83aee2dc07f92ac916607|email_a98b1c0c24e56fabd514fec4fba4bf4e,"raw_hashes=3, full_hashes=1, body_hashes=1"
exact_cluster_503e957974de5d8a,exact_normalized_full,3,email_588f1937217be02c72fc9783332672e2,enron,email_588f1937217be02c72fc9783332672e2|email_74a9f0e2a23ffe4d08519183d0f31024|email_d6b78f17538d715d7146b6072a038fa7,"raw_hashes=3, full_hashes=1, body_hashes=1"
exact_cluster_3e82da11c8022e3d,exact_normalized_full,3,email_29d4a4e40ce9a799bbba61c5b1267bf9,enron,email_06822fa721b80df0584c0f47af829b50|email_29d4a4e40ce9a799bbba61c5b1267bf9|email_3152086511735f43dcc6a6026e04e0b2,"raw_hashes=3, full_hashes=1, body_hashes=1"
exact_cluster_0f98841c7105bb30,exact_normalized_full,3,email_19f19e6aa2eab1b9c7b952fb912e93a6,enron,email_19f19e6aa2eab1b9c7b952fb912e93a6|email_69af05f84b3fe58a570d864bf08c9fb7|email_7e60c5dd29ad65e215c6a96eea5b7fb6,"raw_hashes=3, full_hashes=1, body_hashes=1"
exact_cluster_99596c5bb2288559,exact_normalized_full,3,email_3eabff6f2eb40bce7e24e905a7183010,enron,email_3eabff6f2eb40bce7e24e905a7183010|email_7f4d72094fe73b7fd10b8dae910b4fc6|email_aaec2f5a367a393b561cfd65aa23d037,"raw_hashes=3, full_hashes=1, body_hashes=1"
exact_cluster_c3b805ecb46e2ca3,exact_normalized_full,3,email_8d8faf32509399a7ccf77fa66d4f4818,enron,email_0b45be8c518421c52b0618d482abfb20|email_8d8faf32509399a7ccf77fa66d4f4818|email_cc78a784b62983f8d5f3b61af5fb2e7e,"raw_hashes=3, full_hashes=1, body_hashes=1"
exact_cluster_d8aa718b6bb600e9,exact_normalized_full,3,email_170e10648e62e93978551a61be4925c2,enron,email_170e10648e62e93978551a61be4925c2|email_2f0b0dacfdf2f90b344fe30d7ea8eb9d|email_68f004f2b7a039eae8fdba2125d3dbf3,"raw_hashes=3, full_hashes=1, body_hashes=1"
exact_cluster_d819246c92626667,exact_normalized_full,3,email_f753ba9ce5bd65927512313a93900c90,enron,email_152993efc982628fcae1563b19a4208f|email_b12179b4178863244652b0ed08fa2b47|email_f753ba9ce5bd65927512313a93900c90,"raw_hashes=3, full_hashes=1, body_hashes=1"
exact_cluster_4b2cc5f02751b6f9,exact_normalized_full,3,email_cb71afb42e9a229522ce76a91bb08580,enron,email_34b89237f0a5eb296c13b99803c228fa|email_cb71afb42e9a229522ce76a91bb08580|email_ef1e1add4759638866ec5ceff322237d,"raw_hashes=3, full_hashes=1, body_hashes=1"
exact_cluster_6d4f3d80e6f8c804,exact_normalized_full,3,email_d819fe75465cbd24ee6300e492e6936f,enron,email_91a9e2c7a12ce50c4c834fd4a3f08fb0|email_d819fe75465cbd24ee6300e492e6936f|email_f8bee9d9da5e92fa5e6a5458ec23433c,"raw_hashes=3, full_hashes=1, body_hashes=1"
exact_cluster_38b109572f9a13a6,exact_normalized_full,3,email_ad3a7bd01d2c9ae277e37b22b87037f6,enron,email_3a3c936766f571c3fefa6e09b5db4ea3|email_ad3a7bd01d2c9ae277e37b22b87037f6|email_f7da9dbc38182985a2d10c07660935cc,"raw_hashes=3, full_hashes=1, body_hashes=1"
exact_cluster_23797debbe809fb7,exact_normalized_full,3,email_ef4d83fe6d20b2de9d10bb5170274368,enron,email_4c5c0f71f42d3fa81072248f88e58201|email_e4e3e82234c51eb4e9913fb6af660e55|email_ef4d83fe6d20b2de9d10bb5170274368,"raw_hashes=3, full_hashes=1, body_hashes=1"
exact_cluster_44cfa9fe310e72e0,exact_normalized_full,3,email_5329ca1e41947e1c5bb8399abe8bfcb7,enron,email_0f53dba89b286b5937042da056336778|email_5329ca1e41947e1c5bb8399abe8bfcb7|email_de5056738989f2d91d3f5736d919d03c,"raw_hashes=3, full_hashes=1, body_hashes=1"
exact_cluster_b2f297f664c09110,exact_normalized_full,3,email_5c3b099e33ec427588e822f6737b1c73,enron,email_12c222e98aa7e527a2e3147ad7c27fc1|email_5c3b099e33ec427588e822f6737b1c73|email_af3d6801b312871b6a6b81066ca75c85,"raw_hashes=3, full_hashes=1, body_hashes=1"
exact_cluster_680347d9d605983e,exact_normalized_full,3,email_f7e5926fe847e09597eaa4b2b893f848,enron,email_84aa338162e6709ba07246d230f48fe7|email_8c971e3b7c32d2dce82929eefb313e02|email_f7e5926fe847e09597eaa4b2b893f848,"raw_hashes=3, full_hashes=1, body_hashes=1"
exact_cluster_62ce2659c276f006,exact_normalized_full,2,email_081d975651ba2d64272d2cf83001bd82,enron,email_081d975651ba2d64272d2cf83001bd82|email_38b6e080b8c18e954fb8cddcfb85266c,"raw_hashes=2, full_hashes=1, body_hashes=1"
exact_cluster_f0f6be1bfd41b1e6,exact_normalized_full,3,email_aea230a75e5ff1350a96f5391d7d564f,enron,email_7bf39d286887cadbf9e96f48040e7e13|email_aea230a75e5ff1350a96f5391d7d564f|email_ce320f3ee647ae9f8b38e10d513cf6a5,"raw_hashes=3, full_hashes=1, body_hashes=1"
exact_cluster_82a0842caf04966b,exact_normalized_full,3,email_32179aeb65df058053f2a7082692bbfb,enron,email_0a2ee2cd3f6c23ceeda8c5595b0c4e46|email_32179aeb65df058053f2a7082692bbfb|email_f512d9d296c28de20f76fe3ed40eeafc,"raw_hashes=3, full_hashes=1, body_hashes=1"
exact_cluster_2bae5643a2fce7c6,exact_normalized_full,2,email_4e2c9bfd930e8c8ebbbc83fe224d60c7,enron,email_4e2c9bfd930e8c8ebbbc83fe224d60c7|email_9934cd54657238c4198273fe0655577b,"raw_hashes=2, full_hashes=1, body_hashes=1"
exact_cluster_efa096dca4e64b11,exact_normalized_full,3,email_c12974d0aa500c5114ba93ca580bb156,enron,email_b41dd9f29aeb21d58d4de142a5407cbe|email_c12974d0aa500c5114ba93ca580bb156|email_d64ca177b96f72c351a59fcb9c694536,"raw_hashes=3, full_hashes=1, body_hashes=1"
exact_cluster_e9895c72149b4022,exact_normalized_full,2,email_56944984917aff13b59382ad3d148ea9,enron,email_517b338871f9378abb23e9e637c5c0f7|email_56944984917aff13b59382ad3d148ea9,"raw_hashes=2, full_hashes=1, body_hashes=1"
exact_cluster_fe5b91ffed1acfc2,exact_normalized_full,3,email_8e03a6fad35300e38431e4dd84ccb3bd,enron,email_336b6111aad19ac39d01f3d02fb2ef83|email_8e03a6fad35300e38431e4dd84ccb3bd|email_ca4e526f317695236cb94c333ac9fc0a,"raw_hashes=3, full_hashes=1, body_hashes=1"
exact_cluster_eb05f3542d4a30c8,exact_normalized_full,3,email_d25017acf034d9006caadd1a71d31d67,enron,email_2daecb00f41cf907fce1f789c5bd130a|email_31cc99d9f81facd8e0d7214edc73f0a5|email_d25017acf034d9006caadd1a71d31d67,"raw_hashes=3, full_hashes=1, body_hashes=1"
exact_cluster_a28e24bf4e212478,exact_normalized_full,3,email_5379e1e4f8bbdd6099a5aa41dbdb1002,enron,email_312d63ba0fd47e25294a5f4ab6d02adb|email_5379e1e4f8bbdd6099a5aa41dbdb1002|email_5d7e833365b0985b6348822a38e830d8,"raw_hashes=3, full_hashes=1, body_hashes=1"
exact_cluster_832b86c40eaed121,exact_normalized_full,3,email_535c589b57b75a1d552ea4d6528d0230,enron,email_1edd0af160c96cd3a9f4c397a1146809|email_535c589b57b75a1d552ea4d6528d0230|email_de7cf8eae7dc74e799d66c7fc5d7aae9,"raw_hashes=3, full_hashes=1, body_hashes=1"
exact_cluster_e46ecdf7517d04f2,exact_normalized_full,3,email_6a6b7589c2524de271040760d7b79916,enron,email_64f909e18118fbc35f1e24545767a596|email_6a6b7589c2524de271040760d7b79916|email_7ae61974a31d6deb2d56450a1ebeb7d6,"raw_hashes=3, full_hashes=1, body_hashes=1"
exact_cluster_0129d3837743b235,exact_normalized_full,3,email_790838e8c97ab9e673c46edcc8cfa2aa,enron,email_6ae6cb25c989b53877ee36c83d1d4e00|email_790838e8c97ab9e673c46edcc8cfa2aa|email_b0db154d39ca86e1f7e5faf8ff0444be,"raw_hashes=3, full_hashes=1, body_hashes=1"
exact_cluster_d011c7a396721676,exact_normalized_full,3,email_2fccf245cecefd4c04650d7bd5b8e543,enron,email_2fccf245cecefd4c04650d7bd5b8e543|email_645cde6792da60de421f18ec8d195fc6|email_8210254cf9baa6c9700e0e41f2f9b181,"raw_hashes=3, full_hashes=1, body_hashes=1"
exact_cluster_a38a983ea990b503,exact_normalized_full,2,email_1f6268161860e5e2456820894b260ef4,enron,email_1f6268161860e5e2456820894b260ef4|email_dfb99ff04a578b125a5976adf6d0726e,"raw_hashes=2, full_hashes=1, body_hashes=1"
exact_cluster_d29600f2a56c42ea,exact_normalized_full,3,email_e6b84d80629b524e1dab1ce35e1fe99e,enron,email_6a2c17205315aaa5b957597feb708f93|email_7ab10a3f146fce3272139141e695b7f1|email_e6b84d80629b524e1dab1ce35e1fe99e,"raw_hashes=3, full_hashes=1, body_hashes=1"
exact_cluster_f145b608e1beb75a,exact_normalized_full,3,email_90dc359229a96ea13a00330105aabc02,enron,email_42d453a775e4234c1362535fe9670b57|email_90dc359229a96ea13a00330105aabc02|email_9371edcd3e0e809034c07c0c109a7270,"raw_hashes=3, full_hashes=1, body_hashes=1"
exact_cluster_48b7f489cc1da801,exact_normalized_full,3,email_fd6d84a6de8a06f97e021d5fa9e7963e,enron,email_9c4a15fe56642877c65768a60af5078a|email_f1d78c1ca13db942cbb24a52817d74f3|email_fd6d84a6de8a06f97e021d5fa9e7963e,"raw_hashes=3, full_hashes=1, body_hashes=1"
exact_cluster_10adf7a1e994b0bd,exact_normalized_full,3,email_69c8555a241dd05f58df15fa6295211e,enron,email_69c8555a241dd05f58df15fa6295211e|email_aed286f4ede623a5c38eaa278c30259b|email_c5a8585950b760a8f476a5c56f406a4a,"raw_hashes=3, full_hashes=1, body_hashes=1"
exact_cluster_445a0827e1293d39,exact_normalized_full,3,email_83597b79c39e75b5f319aaf990a6172c,enron,email_6b24536aff2097bdbc0f6e739b6ece66|email_712d552519e9cf7be46945e8eb1747cd|email_83597b79c39e75b5f319aaf990a6172c,"raw_hashes=3, full_hashes=1, body_hashes=1"
exact_cluster_bfae50929f0454f3,exact_normalized_full,3,email_229359c1693905b4e033a800528375f0,enron,email_229359c1693905b4e033a800528375f0|email_b7c4edeb376db45af45ef678d40e1855|email_f418b6347b9b8007e8d31ce0e18fe152,"raw_hashes=3, full_hashes=1, body_hashes=1"
exact_cluster_28ac04bff9e1888e,exact_normalized_full,3,email_e23c81ce149589f63bc70f05c19f3af5,enron,email_03e8a9112d00707679b0261ccbfc19ea|email_2bd74a9374419c1131a6bb389328c563|email_e23c81ce149589f63bc70f05c19f3af5,"raw_hashes=3, full_hashes=1, body_hashes=1"
exact_cluster_be5f8ec50afc4d20,exact_normalized_full,3,email_2973f5eeb09489bf8bb7b05d97e5be12,enron,email_2973f5eeb09489bf8bb7b05d97e5be12|email_8615dd4c15445f81ab59d62902512429|email_eb0afefa1700963221e55f79e973dbd0,"raw_hashes=3, full_hashes=1, body_hashes=1"
exact_cluster_17fe1d88f73bf792,exact_normalized_full,3,email_30cb23ec6b4dacd969bc05c943017125,enron,email_30cb23ec6b4dacd969bc05c943017125|email_8b901aabd805c9887bfec3f72a99b431|email_dd375194e5a2df3ee695e81dd11632cb,"raw_hashes=3, full_hashes=1, body_hashes=1"
exact_cluster_165dbafcd6f21f74,exact_normalized_full,3,email_98c70f741040f4ce5316f09b4455fe35,enron,email_6369e01feef9b7381df93a5ca3b47804|email_84e775f5daf26ee048982e10c028fa26|email_98c70f741040f4ce5316f09b4455fe35,"raw_hashes=3, full_hashes=1, body_hashes=1"
exact_cluster_49ffbe59fa699309,exact_normalized_full,3,email_83d948c67bb7c78f8c974396966386c1,enron,email_01e36ff7c504949477f848db95e356df|email_83d948c67bb7c78f8c974396966386c1|email_9375808def6544f3ab9c8589f4cdf191,"raw_hashes=3, full_hashes=1, body_hashes=1"
exact_cluster_08147fb574773eed,exact_normalized_full,3,email_ad9f739282204be625161ece428d709f,enron,email_074d27e2012628f3b390f782d5de5014|email_2b6779ad1ea4d5299d6d384237bd17d8|email_ad9f739282204be625161ece428d709f,"raw_hashes=3, full_hashes=1, body_hashes=1"
exact_cluster_29eee16caa225928,exact_normalized_full,3,email_0faefdc700bb814b9214ef191af798c9,enron,email_0faefdc700bb814b9214ef191af798c9|email_63e5452eda399e1908450890d44f1112|email_fdf6279acf4821efbc6692e3dc4b892c,"raw_hashes=3, full_hashes=1, body_hashes=1"
exact_cluster_e13b24e2011e213a,exact_normalized_full,3,email_a49125814d2f36d7257cf5e6f7092f85,enron,email_862ed6c43ca2b477a3e26ac2ed76afa2|email_a49125814d2f36d7257cf5e6f7092f85|email_b1e233fc29030917505978419f047033,"raw_hashes=3, full_hashes=1, body_hashes=1"
exact_cluster_8ae1164b825953ef,exact_normalized_full,3,email_0ba8ebca7ca6432f9bcd0f90a84c9d94,enron,email_0ba8ebca7ca6432f9bcd0f90a84c9d94|email_95d85038e99c19efb81f881aa5804ca5|email_fceef0e74c525b8aad0d3b677aaaad5a,"raw_hashes=3, full_hashes=1, body_hashes=1"
exact_cluster_91b23ad242a269e6,exact_normalized_full,3,email_3648af98f9869de371abfb912dc14ee7,enron,email_2acd713fa26e13e7cf90734d06542484|email_3648af98f9869de371abfb912dc14ee7|email_a3e8ebd3616917ad7aa41b9aa2576b83,"raw_hashes=3, full_hashes=1, body_hashes=1"
exact_cluster_af79bac9893050ff,exact_normalized_full,3,email_6715adf4dd4a5a73fc464b6e882e0a29,enron,email_21463afadbc0896d2578acb4648a4b51|email_6715adf4dd4a5a73fc464b6e882e0a29|email_b7265471c23ac5055ca2e542639c9f36,"raw_hashes=3, full_hashes=1, body_hashes=1"
exact_cluster_3e7b7b31accb57d1,exact_normalized_full,3,email_85b65922210feeafff2c1e81b50cfe71,enron,email_66627acee4f94b7032e72e78f97b97ef|email_85b65922210feeafff2c1e81b50cfe71|email_b0eff6770f03a7d39f13927960613692,"raw_hashes=3, full_hashes=1, body_hashes=1"
exact_cluster_3668734e2d891863,exact_normalized_full,3,email_fae5f53415faa0e5d7f8189b43fa7c07,enron,email_59353ba3e5a8ddfd60f6dde09f06c8d5|email_8d2ec20c04daf38c1e7b43566d2340d2|email_fae5f53415faa0e5d7f8189b43fa7c07,"raw_hashes=3, full_hashes=1, body_hashes=1"
exact_cluster_da00849f1dd732eb,exact_normalized_full,3,email_e06ef3af7f2001d2c54ea3bae8cff5f2,enron,email_1ba28a3a075b05a328e7cf2f59eace3a|email_946d3a91ae137691afea7e4d49aa369a|email_e06ef3af7f2001d2c54ea3bae8cff5f2,"raw_hashes=3, full_hashes=1, body_hashes=1"
exact_cluster_fc89638ef3e2b873,exact_normalized_full,3,email_b0554faf1bd0e8a4fa9b91885689c26a,enron,email_69f899b1ecc4d5c6e3a622d936b5be02|email_854357bdc1c49c69252aef89fcd676c4|email_b0554faf1bd0e8a4fa9b91885689c26a,"raw_hashes=3, full_hashes=1, body_hashes=1"
exact_cluster_b9722c5d4027232e,exact_normalized_full,3,email_99791db512f40c8a960dfbc266bd7e78,enron,email_0511aef64bd7d688a352fa8faf562f15|email_99791db512f40c8a960dfbc266bd7e78|email_d50a37b775497739ebb3e875b3af8a50,"raw_hashes=3, full_hashes=1, body_hashes=1"
exact_cluster_368143e6d3d42272,exact_normalized_full,3,email_afd7b35ceba7205fdaf7453f2609c803,enron,email_605ede8c703c30761f5ce370b48b7564|email_6966c1c5256aa2d4a50efdd55bb7feb7|email_afd7b35ceba7205fdaf7453f2609c803,"raw_hashes=3, full_hashes=1, body_hashes=1"
exact_cluster_6e89415e3473962d,exact_normalized_full,3,email_2bae1e71b59d7bbd4dae6cf46130faaf,enron,email_0d1f47095a03ad83b59047a2d452c764|email_2bae1e71b59d7bbd4dae6cf46130faaf|email_67d39e59576c51be5fc40d20b8430ef2,"raw_hashes=3, full_hashes=1, body_hashes=1"
exact_cluster_6444b1bc2c97b323,exact_normalized_full,3,email_06495c481ff9194ff8fd15a54eeb86e1,enron,email_06495c481ff9194ff8fd15a54eeb86e1|email_df645cb3051b88f28c79a53dc5ba9e2d|email_edf373514c2e9b108e7ad84df7284e79,"raw_hashes=3, full_hashes=1, body_hashes=1"
exact_cluster_5d402cdff7cb8757,exact_normalized_full,3,email_f2c24d75e27adddf7601ce8b64ab1796,enron,email_45e9dd9471815e6ea55287ef247351bb|email_aa22c7dc399464bf5e8931cc7e9d1fc6|email_f2c24d75e27adddf7601ce8b64ab1796,"raw_hashes=3, full_hashes=1, body_hashes=1"
exact_cluster_820cbf209de340ab,exact_normalized_full,3,email_89f8b717a99fbaea291edb8854385e7c,enron,email_7aa47f6eedecfdd7eb5a4445a88b1235|email_89f8b717a99fbaea291edb8854385e7c|email_d578c233f37ddd1a82022140ad7adf8f,"raw_hashes=3, full_hashes=1, body_hashes=1"
exact_cluster_3b64072c27c1e177,exact_normalized_full,3,email_919ae532d9a652534cc8f93b9cda38bf,enron,email_919ae532d9a652534cc8f93b9cda38bf|email_ab2e3881270c7b9c549b87e7fb1e4d5f|email_ce0d061490beeadec9a65c83b49c19b7,"raw_hashes=3, full_hashes=1, body_hashes=1"
exact_cluster_47abe30c810876e8,exact_normalized_full,2,email_f4dee40d903156e09ce533ad1f5de364,enron,email_2302b259aef310693af2cef5e0ca4971|email_f4dee40d903156e09ce533ad1f5de364,"raw_hashes=2, full_hashes=1, body_hashes=1"
exact_cluster_68dc7f383f2a0842,exact_normalized_full,3,email_b7a76da4a8f1c41bba3c606aecde481c,enron,email_2470e5d0521e1e6ec62e07dd81ef3bed|email_5a4ecc7fb51c81a8ba0ff45caac88c70|email_b7a76da4a8f1c41bba3c606aecde481c,"raw_hashes=3, full_hashes=1, body_hashes=1"
exact_cluster_68e2bb4dec7e68c1,exact_normalized_full,3,email_7358d98e9f2b5b6e6d23d464f7dd1c75,enron,email_10d2d9de6ead136151bbef884441bbfa|email_5e8dead14ffc0d9f887c6e53cebb3337|email_7358d98e9f2b5b6e6d23d464f7dd1c75,"raw_hashes=3, full_hashes=1, body_hashes=1"
exact_cluster_e56dd8a91a51dc46,exact_normalized_full,3,email_7bf4549c62550121262dd77bda69e768,enron,email_7bf4549c62550121262dd77bda69e768|email_9354913f9fded36e772bec310b3e4af0|email_e5489f029c06abb56d96d7bf8f91a3d9,"raw_hashes=3, full_hashes=1, body_hashes=1"
exact_cluster_6ebb7a9643294d61,exact_normalized_full,3,email_5304601fc1b70b99dd92ea14c92ed57b,enron,email_5304601fc1b70b99dd92ea14c92ed57b|email_6f980224c9041014bd3dbc976735dcd0|email_8c13ae8a3d8ababf8a1380b9e1cc1700,"raw_hashes=3, full_hashes=1, body_hashes=1"
exact_cluster_ecd1bbf1507b07cb,exact_normalized_full,3,email_c34665572663f5ae012e95717a6a2c7c,enron,email_296e988e47ddda5774a56a797e9db4eb|email_319d954c1c2881be77852b4ccf26e8df|email_c34665572663f5ae012e95717a6a2c7c,"raw_hashes=3, full_hashes=1, body_hashes=1"
exact_cluster_af131a809d9f250b,exact_normalized_full,3,email_8330e96d1299860857192d2eddd5a719,enron,email_0e76cb74b8047b93b75a47a544647dcf|email_6f8b19f71d46028749140e33b2cdb78d|email_8330e96d1299860857192d2eddd5a719,"raw_hashes=3, full_hashes=1, body_hashes=1"
exact_cluster_3d4df186d22ce1b1,exact_normalized_full,2,email_21d8d5add549bc9e8d1ce28b973fbf10,enron,email_21d8d5add549bc9e8d1ce28b973fbf10|email_2b2536b0adb1298ddc07d52afcd2bb4e,"raw_hashes=2, full_hashes=1, body_hashes=1"
exact_cluster_7594ff754dedc9b5,exact_normalized_full,2,email_0de3df0c385cadb5f6b4b48137afc742,enron,email_0de3df0c385cadb5f6b4b48137afc742|email_569836506d357212f9491b31f110c22f,"raw_hashes=2, full_hashes=1, body_hashes=1"
exact_cluster_5038c8eec72a47f1,exact_normalized_full,2,email_d956547effb63be90945702fb39dc24c,enron,email_ae90478a01e3cdbce3e6b3158c12ae4d|email_d956547effb63be90945702fb39dc24c,"raw_hashes=2, full_hashes=1, body_hashes=1"
exact_cluster_b5f43a282aa8d595,exact_normalized_full,3,email_2e43d4465180df4832abc9c479c251fe,enron,email_0a35e41c0503e1192389127dbae3c27c|email_2e43d4465180df4832abc9c479c251fe|email_f038609fc028d21c311350a979b05d83,"raw_hashes=3, full_hashes=1, body_hashes=1"
exact_cluster_0db6251c9d239e15,exact_normalized_full,2,email_fab13c714097cc9bcfefd2180484b1e6,enron,email_93aff90cc5090ba45e7a8023a40a30c8|email_fab13c714097cc9bcfefd2180484b1e6,"raw_hashes=2, full_hashes=1, body_hashes=1"
exact_cluster_3475f1a0b495564a,exact_normalized_full,3,email_0ae2b9ec7f31feafac5f090084c2c0e5,enron,email_0ae2b9ec7f31feafac5f090084c2c0e5|email_78cdd7b9bdfa2288a3cbb30029906df2|email_a1da53a085b49c09a8b6af81d328a9eb,"raw_hashes=3, full_hashes=1, body_hashes=1"
exact_cluster_20ac0b5b0be5e135,exact_normalized_full,2,email_5cdda5ccf83cb15f29297ea580cf5f2e,enron,email_5cdda5ccf83cb15f29297ea580cf5f2e|email_d56675aea8e0eda01847ae0d35f6754e,"raw_hashes=2, full_hashes=1, body_hashes=1"
exact_cluster_53373bc1603d7128,exact_normalized_full,3,email_fb5c3faf1b3e63e32db53ace0422f726,enron,email_40e1b24888a0c359fcd48f04db436384|email_54cd98d35747237b5542a62949d8d0e1|email_fb5c3faf1b3e63e32db53ace0422f726,"raw_hashes=3, full_hashes=1, body_hashes=1"
exact_cluster_eae9abb331466033,exact_normalized_full,3,email_720b2c2112e77a2ba8c4bf2f4a0bcddc,enron,email_513f7e342a9032216fb105a29c2f47bf|email_65f608ef6bc37344ce851e475cc78e9f|email_720b2c2112e77a2ba8c4bf2f4a0bcddc,"raw_hashes=3, full_hashes=1, body_hashes=1"
exact_cluster_6541443ffd3dcdca,exact_normalized_full,3,email_fe8f62e25d66de6dadd0c11871f0dbb7,enron,email_0c81268b6598180cbb670e23ffa59aad|email_2f95bbee7fa3849490f05cd128a1e6f2|email_fe8f62e25d66de6dadd0c11871f0dbb7,"raw_hashes=3, full_hashes=1, body_hashes=1"
exact_cluster_de936563e2824500,exact_normalized_full,3,email_1c04631020bac33236831b1f07170eaa,enron,email_1c04631020bac33236831b1f07170eaa|email_3ef0c05f72bcca438bbe155d1ebf3499|email_7ddcd158df4d2afb158b146204f91ca0,"raw_hashes=3, full_hashes=1, body_hashes=1"
exact_cluster_dc5aa24efd1dd0cb,exact_normalized_full,2,email_a22a9c0c9421d2c707a72c77354a8e8d,enron,email_0879095330fba6ffc5b3bf618e847c33|email_a22a9c0c9421d2c707a72c77354a8e8d,"raw_hashes=2, full_hashes=1, body_hashes=1"
exact_cluster_8276e78d90a869a8,exact_normalized_full,3,email_f41f28e8debb8f2e93e294cd334876bf,enron,email_069a0db8c6ee1531dd18ba9f28edd237|email_60a467add0b3576c8d9787110824272c|email_f41f28e8debb8f2e93e294cd334876bf,"raw_hashes=3, full_hashes=1, body_hashes=1"
exact_cluster_fb7127d6e0542bf1,exact_normalized_full,3,email_293262e2eecc1b43f462cd126ba48ac0,enron,email_293262e2eecc1b43f462cd126ba48ac0|email_68b15bb3c0c7f46ab8dae9a5555d1188|email_f446dd300b4d5e2e72ad03be81716c88,"raw_hashes=3, full_hashes=1, body_hashes=1"
exact_cluster_ccb3404187fdfd01,exact_normalized_full,3,email_76ac55bcc47ee7830e5fed6fb3823b56,enron,email_538ca21f2420b10da4946c2764503d65|email_76ac55bcc47ee7830e5fed6fb3823b56|email_b46ec2532d39d42af05b2f81eb76d39b,"raw_hashes=3, full_hashes=1, body_hashes=1"
exact_cluster_9e135bb8fcfe8ee4,exact_normalized_full,3,email_51e30b26accc48d729a26295b4a65cfb,enron,email_18f6199de9786236286fceba32b8d132|email_51e30b26accc48d729a26295b4a65cfb|email_81d7951c3750d2e1dab7454428019c88,"raw_hashes=3, full_hashes=1, body_hashes=1"
exact_cluster_a67976287c0d2440,exact_normalized_full,3,email_654b5b994752622ea888dc34b4bc8897,enron,email_1f5954d2c91a4d344a1f706cf51048b2|email_654b5b994752622ea888dc34b4bc8897|email_bc507a154cb1432915d4753fd9ab0448,"raw_hashes=3, full_hashes=1, body_hashes=1"
exact_cluster_2504567fb988dbf8,exact_normalized_full,3,email_3f29a33b5e72cb3bed9cad54b5e173c6,enron,email_33e2dfe4c7a09deb8cdbefea33c09831|email_3f29a33b5e72cb3bed9cad54b5e173c6|email_880fb6f2a1f1264ad2a4d097520fd283,"raw_hashes=3, full_hashes=1, body_hashes=1"
exact_cluster_c5b69ad3b2168f1c,exact_normalized_full,3,email_361be3f3152b08cd594c55a55a5b4a69,enron,email_106f20c563a4fc8eeb6a828197e5e23d|email_361be3f3152b08cd594c55a55a5b4a69|email_3d71937975b45af06bd54a00b86bda27,"raw_hashes=3, full_hashes=1, body_hashes=1"
exact_cluster_b4b48fefd5821aeb,exact_normalized_full,3,email_91197e4a5cf6f97c038efd3ef938bac1,enron,email_7976b7bcb047c1db7f341c72ee0683ab|email_91197e4a5cf6f97c038efd3ef938bac1|email_d6b410d203b4aa62efe0bc15146bae85,"raw_hashes=3, full_hashes=1, body_hashes=1"
exact_cluster_9ed3a727074f4053,exact_normalized_full,3,email_8ba8d7751437f292d4a5bc30599de7bc,enron,email_8ba8d7751437f292d4a5bc30599de7bc|email_d9bddc5db1c54fecaa834f6236b4399c|email_e23ab4f09873036181327cdb0eaa53ee,"raw_hashes=3, full_hashes=1, body_hashes=1"
exact_cluster_5508327e4ce97e2b,exact_normalized_full,3,email_601833e5e2cc8e523bddc4e3322362f0,enron,email_57f815a8affac69ae9ce000c0b4aa624|email_601833e5e2cc8e523bddc4e3322362f0|email_f12b26b8d9d0dbbbb548a214316b5954,"raw_hashes=3, full_hashes=1, body_hashes=1"
exact_cluster_1aa2d38527069136,exact_normalized_full,2,email_de07557b3e34f8e672cc26ea528c11bb,enron,email_21605770d72fabc40186a51f8a3fb682|email_de07557b3e34f8e672cc26ea528c11bb,"raw_hashes=2, full_hashes=1, body_hashes=1"
exact_cluster_4aab067eedc25c2b,exact_normalized_full,2,email_f7dbb23ff204f27fc5b5aadab51e5840,enron,email_07461c1c6372e245ef6cc9163996fca4|email_f7dbb23ff204f27fc5b5aadab51e5840,"raw_hashes=2, full_hashes=1, body_hashes=1"
exact_cluster_44a41decf581a627,exact_normalized_full,2,email_35882a3675a772a563f0dff51e4ee385,enron,email_35882a3675a772a563f0dff51e4ee385|email_eb5ee308f721ac77c0b7d64023b3371e,"raw_hashes=2, full_hashes=1, body_hashes=1"
exact_cluster_20d00b2cd6322d01,exact_normalized_full,3,email_afdd63775f4770ce1a084087af642561,enron,email_4dc58e96f935c354d376df1161b45869|email_afdd63775f4770ce1a084087af642561|email_d103e991f31c26e664b3c2fd696265d4,"raw_hashes=3, full_hashes=1, body_hashes=1"
exact_cluster_46b9b54ddc493bf3,exact_normalized_full,3,email_82490f651010eb0fa97f43bacfbf6189,enron,email_2ba87066611a5bebfd078d416ddac5aa|email_82490f651010eb0fa97f43bacfbf6189|email_cf5210637494f1fd9880c5a43c42bf80,"raw_hashes=3, full_hashes=1, body_hashes=1"
exact_cluster_5a554b7f63d999fa,exact_normalized_full,3,email_4be2c95afd18eeade0243d693f9033f7,enron,email_43c5ed2ec94c734e9b81d23c54e8bddd|email_4be2c95afd18eeade0243d693f9033f7|email_9b9543675b8ff50346940f7daac9affc,"raw_hashes=3, full_hashes=1, body_hashes=1"
exact_cluster_59ba9c89841e7337,exact_normalized_full,3,email_c73cd629dcf986bfef61171dd1c7103b,enron,email_af5168944a756929ea1cf111abdb9770|email_c73cd629dcf986bfef61171dd1c7103b|email_ec842076b9f26fa30180eb6a5cea9589,"raw_hashes=3, full_hashes=1, body_hashes=1"
exact_cluster_188a73c4b04296bf,exact_normalized_full,2,email_ce07aaffe4cf8e75000d88a8afeb39ce,enron,email_28b766a4306b7205cf663d1719ebe572|email_ce07aaffe4cf8e75000d88a8afeb39ce,"raw_hashes=2, full_hashes=1, body_hashes=1"
exact_cluster_9d16e2d10ef5e879,exact_normalized_full,3,email_0b1d1ae5b431e5bdb9fb300cda16a83a,enron,email_0b1d1ae5b431e5bdb9fb300cda16a83a|email_3a7a53b0dc55788304f7d7b600b32289|email_d47a4d2aba7325a16e5188279e6878fa,"raw_hashes=3, full_hashes=1, body_hashes=1"
exact_cluster_32910e3bf72f723c,exact_normalized_full,3,email_c0c5ded2dff69e57543e53ebc0567753,enron,email_7092a74d2c1faa41acd2ae378c6f720a|email_8bce0a4c25c11d748890c6d367738e0f|email_c0c5ded2dff69e57543e53ebc0567753,"raw_hashes=3, full_hashes=1, body_hashes=1"
exact_cluster_133367a0db917fa4,exact_normalized_full,3,email_8e58c75b97f5d37e155a5c962942ecdf,enron,email_8e58c75b97f5d37e155a5c962942ecdf|email_dd4e978348982b37b52c2afbe6b1dcb9|email_eb6be3e657a7bb4398d6a291abbf6143,"raw_hashes=3, full_hashes=1, body_hashes=1"
exact_cluster_d489237ebe7f177f,exact_normalized_full,3,email_834f94073432c02a058af085fcf9b827,enron,email_261cfb50793bb71ef2e50d36ccb83abc|email_834f94073432c02a058af085fcf9b827|email_c7c3ddcc0ed9b44b731b4a0d0ccec8d1,"raw_hashes=3, full_hashes=1, body_hashes=1"
exact_cluster_918a65c1e40ddf58,exact_normalized_full,2,email_1da4799ed17fb0d7ff3a276838228b7e,enron,email_1da4799ed17fb0d7ff3a276838228b7e|email_a1b5062034ac7ea11e8ceac28d330af6,"raw_hashes=2, full_hashes=1, body_hashes=1"
exact_cluster_94c377d2bedb2e4d,exact_normalized_full,3,email_6eea00e295479dc695c109c1afc1edcc,enron,email_2862598d384067658c843890715d780f|email_6eea00e295479dc695c109c1afc1edcc|email_d1218dd110c7274da26f62c537020bdc,"raw_hashes=3, full_hashes=1, body_hashes=1"
exact_cluster_85198df0e1f1ad05,exact_normalized_full,3,email_e1c8d11b7bbdfb389cd886ba45552f11,enron,email_065e1663db4d992112cdab87eaeabf4f|email_4b34c7a14f7eb469b5955164fd5db3b3|email_e1c8d11b7bbdfb389cd886ba45552f11,"raw_hashes=3, full_hashes=1, body_hashes=1"
exact_cluster_01cf14f59d12d53e,exact_normalized_full,3,email_936a53aee00729c2cbe64ca063967542,enron,email_2dbfb53e141ba0c1664cd3caf1764490|email_936a53aee00729c2cbe64ca063967542|email_b370408865e254eb116da985dff45879,"raw_hashes=3, full_hashes=1, body_hashes=1"
exact_cluster_511f8382373ed9a1,exact_normalized_full,3,email_30c77c3549a6e4421f247ba7ec24cef9,enron,email_30c77c3549a6e4421f247ba7ec24cef9|email_530ef1a75a7c4ef2b2fe5b0f7f75a767|email_9feaac68c8a1cc0c4cd9cc2a8ca96f68,"raw_hashes=3, full_hashes=1, body_hashes=1"
exact_cluster_7215b3870b896390,exact_normalized_full,3,email_29111eb8caa8c3f7cade3112cb938008,enron,email_1853f273c2f4bea6090f0e20ec58d26f|email_29111eb8caa8c3f7cade3112cb938008|email_78fb83fcd8e2e3e8e09aa9411f79b375,"raw_hashes=3, full_hashes=1, body_hashes=1"
exact_cluster_8ec38b6682694207,exact_normalized_full,2,email_7748ccd7e7dc60cf73ab9fdc835789e1,enron,email_7748ccd7e7dc60cf73ab9fdc835789e1|email_cd3e4c55fb5ce97ed063f5e616317001,"raw_hashes=2, full_hashes=1, body_hashes=1"
exact_cluster_bbaa3782916f46af,exact_normalized_full,3,email_3f675a658d87485fb4e23bc0aa0a6602,enron,email_1cd9ccb926a780ebf42bc7695b84af0d|email_3f675a658d87485fb4e23bc0aa0a6602|email_9b52dddd7a54bd8f219bede77218bdf6,"raw_hashes=3, full_hashes=1, body_hashes=1"
exact_cluster_7dd020c944fdb8d6,exact_normalized_full,3,email_bb91ce47abb131b49104d9f6437f37b8,enron,email_3416d3aac8659ccc26f6a56a4500efec|email_6a933b9f71d11e9b3114e256000e0694|email_bb91ce47abb131b49104d9f6437f37b8,"raw_hashes=3, full_hashes=1, body_hashes=1"
exact_cluster_18b6b826d2b48846,exact_normalized_full,2,email_51c08eb32dba79b8d756f940b4ab5bbe,enron,email_51c08eb32dba79b8d756f940b4ab5bbe|email_5a31135f198b0c2c8ab3f27465940587,"raw_hashes=2, full_hashes=1, body_hashes=1"
exact_cluster_b197ef2c1adb11a4,exact_normalized_full,3,email_c9521ee368716a9f8257608d18d6cd44,enron,email_3d2a5bc2e32b9c638d55543a9d2bbd73|email_c9521ee368716a9f8257608d18d6cd44|email_d22509ebdaf90553c47c7590b395841b,"raw_hashes=3, full_hashes=1, body_hashes=1"
exact_cluster_84d895776edc7751,exact_normalized_full,3,email_2e4bf79b5caa6a5b772ded6bbe3090c7,enron,email_00b3a21abb931ca94c9367eac9a88eaf|email_2e4bf79b5caa6a5b772ded6bbe3090c7|email_ed45122b069cadad859e78704e064745,"raw_hashes=3, full_hashes=1, body_hashes=1"
exact_cluster_5a6f705251030911,exact_normalized_full,3,email_b1a5494b91e9a7b0734ce7899a1d4987,enron,email_1af328c765186e610ee526461ca33a51|email_b1a5494b91e9a7b0734ce7899a1d4987|email_eed275faaebfea32f55426891d41100f,"raw_hashes=3, full_hashes=1, body_hashes=1"
exact_cluster_4bc05547194ade57,exact_normalized_full,2,email_f0cddd714181c4b6b22bef2f06882b2a,enron,email_87fa419a186a02e717bac2fe0de476a6|email_f0cddd714181c4b6b22bef2f06882b2a,"raw_hashes=2, full_hashes=1, body_hashes=1"
exact_cluster_28464c1bdb52164f,exact_normalized_full,3,email_acf1a1a1ece9d196132281c54d85eaa2,enron,email_ac475957e70d160f1f0007e36af60315|email_acf1a1a1ece9d196132281c54d85eaa2|email_d367d4fce2f645a381c3a1ee259abb2c,"raw_hashes=3, full_hashes=1, body_hashes=1"
exact_cluster_49b058118991f4d7,exact_normalized_full,3,email_2034541b49949a95744f2f360ac4b964,enron,email_2034541b49949a95744f2f360ac4b964|email_35a55629f3c2d116a9d9689298b063c8|email_66cf22c71a5cf381a5d4051d733362a6,"raw_hashes=3, full_hashes=1, body_hashes=1"
exact_cluster_a0ee3e3904d679f2,exact_normalized_full,3,email_0fec7c207c603a79287baad6812a5d8c,enron,email_0fec7c207c603a79287baad6812a5d8c|email_42cbce7bb5e9b2e863272fa5d6ead1b4|email_759e8a95d8938bd9cc8e48724058665c,"raw_hashes=3, full_hashes=1, body_hashes=1"
exact_cluster_e469571675f82d49,exact_normalized_full,3,email_f3704d2dfb1881ae7c2da34760b4a2bb,enron,email_302844cef3132ee3ac9dcffd814988e8|email_bad0a017dc1a3ac0039c9823b47d4b92|email_f3704d2dfb1881ae7c2da34760b4a2bb,"raw_hashes=3, full_hashes=1, body_hashes=1"
exact_cluster_483f58471260c3e2,exact_normalized_full,3,email_8de7ee7ef7f2707fe983ff7fe20b4e83,enron,email_4fd9c915f772861de9433cfee360983e|email_8de7ee7ef7f2707fe983ff7fe20b4e83|email_ec1de331f4cfb8ed8f27b72b410e35b4,"raw_hashes=3, full_hashes=1, body_hashes=1"
exact_cluster_ae1e17b24c3b9283,exact_normalized_full,3,email_825e722b8c41195e9d905d7d2606743d,enron,email_825e722b8c41195e9d905d7d2606743d|email_94aeee94352550964a94bae48e42f542|email_f7e473491b218cfd70262e3ae858f9ee,"raw_hashes=3, full_hashes=1, body_hashes=1"
exact_cluster_2aaea18fe2bc70a6,exact_normalized_full,3,email_fa9d22303e137d815b83e7de6c62b2a3,enron,email_4647a352696bb05c6dccbc775546291a|email_d19fd46637087a1ed4475f7d86c2b082|email_fa9d22303e137d815b83e7de6c62b2a3,"raw_hashes=3, full_hashes=1, body_hashes=1"
exact_cluster_1fe7fc4e1c770182,exact_normalized_full,3,email_69d6eecdf83e40321c1b1f8af394e979,enron,email_319f2c6e36f4cb5162032327c74a3548|email_69d6eecdf83e40321c1b1f8af394e979|email_ffed5f8aabc8a06d8cbfe4706fcb13ff,"raw_hashes=3, full_hashes=1, body_hashes=1"
exact_cluster_40387f2bc4b8a0bb,exact_normalized_full,3,email_4d9c4b78adae1bc990f47fa372d283ee,enron,email_06adbd4b72192ec818cb35a8d28c25ba|email_4d9c4b78adae1bc990f47fa372d283ee|email_9a25b8fe2a9c52d8b0b1d07ff375e12c,"raw_hashes=3, full_hashes=1, body_hashes=1"
exact_cluster_9d6e0d9d6cc1d62a,exact_normalized_full,2,email_5c4e7a67fc6d307c8b8758cbda19febe,enron,email_5c4e7a67fc6d307c8b8758cbda19febe|email_f014519ab6348afc597a924043afac76,"raw_hashes=2, full_hashes=1, body_hashes=1"
exact_cluster_fa71aade64a875ad,exact_normalized_full,3,email_f8e736bf6b8085bae7bdf66f606e8580,enron,email_9f831eaee1f859de30ecb8ac8f8b849c|email_dd64989b8bcd665761fb0459880be6bb|email_f8e736bf6b8085bae7bdf66f606e8580,"raw_hashes=3, full_hashes=1, body_hashes=1"
exact_cluster_71bffee59e130893,exact_normalized_full,3,email_8419b64b41b0d39bf41fc4affde9f98c,enron,email_8145a3e0b473f35ad5b6721028b14e57|email_8419b64b41b0d39bf41fc4affde9f98c|email_b0cfd63f4faecb7b59bdffad7c9a2d90,"raw_hashes=3, full_hashes=1, body_hashes=1"
exact_cluster_efc48e1862cc740e,exact_normalized_full,3,email_b0143cb76653052bf3486b9c60a298a7,enron,email_ae9ab931f8267aa46689a6bc2d5e23d7|email_b0143cb76653052bf3486b9c60a298a7|email_ec7a8adbe8adb2f7869cafb7bc6e0f4b,"raw_hashes=3, full_hashes=1, body_hashes=1"
exact_cluster_f923f62bd1c250e3,exact_normalized_full,3,email_4ec7100efda3e25cb22292d68f32a41b,enron,email_243271efaa9aeaf2d1f1ce92668d722b|email_4ec7100efda3e25cb22292d68f32a41b|email_e5a62789bf6b5adbaa57fdb74ea88744,"raw_hashes=3, full_hashes=1, body_hashes=1"
exact_cluster_4b6a2817ca270be7,exact_normalized_full,3,email_143a36681c7daf1046fe74f26584a7ed,enron,email_143a36681c7daf1046fe74f26584a7ed|email_46429a4352410ff59bad1c9c38a2b3cf|email_7e769aac2724fbf798fd64b1ac713bd1,"raw_hashes=3, full_hashes=1, body_hashes=1"
exact_cluster_b14965d67459efb8,exact_normalized_full,3,email_152655e7686bd6460eaacd84775b70d4,enron,email_11cc49cd135231b07a35abc2cd74392d|email_152655e7686bd6460eaacd84775b70d4|email_371a1498e053cf2c8f3f3a5040877d68,"raw_hashes=3, full_hashes=1, body_hashes=1"
exact_cluster_31ca9e4e2c4cdf70,exact_normalized_full,3,email_85b1b97c8b30afcc58b8929249544602,enron,email_283c14a229d8d96876f088fe5cd4d765|email_85b1b97c8b30afcc58b8929249544602|email_8b16c5e45209048f0a24b3649c081182,"raw_hashes=3, full_hashes=1, body_hashes=1"
exact_cluster_3ff102a34b5e1c1a,exact_normalized_full,3,email_401c150b46695ef99081122eb6d79c1e,enron,email_401c150b46695ef99081122eb6d79c1e|email_63c1faa992b6f4f63438704053dda5b8|email_73c870830d09ed0d17f65335f4c4c093,"raw_hashes=3, full_hashes=1, body_hashes=1"
exact_cluster_87299289772b7bc9,exact_normalized_full,3,email_5884a24a5008c77eebde24bca57de008,enron,email_5884a24a5008c77eebde24bca57de008|email_e331a458c1a528ce76c5d53fd0740c1d|email_e40e0b612720420b0f9300bd25d3e79e,"raw_hashes=3, full_hashes=1, body_hashes=1"
exact_cluster_766f11b00cdd16f0,exact_normalized_full,2,email_11dd9ee9bed0afc00f91617d17be709d,enron,email_11dd9ee9bed0afc00f91617d17be709d|email_8d86463fcdfb112bec1a441d9a85bfbb,"raw_hashes=2, full_hashes=1, body_hashes=1"
exact_cluster_b3cc34910a1f8b44,exact_normalized_full,3,email_75faea24844f0d2608db5e143e98bfd1,enron,email_2b606be4cf8ba3edbfb3120a56e3eeeb|email_64247a8b7ba1fcc6f8b0136d9bf9cfec|email_75faea24844f0d2608db5e143e98bfd1,"raw_hashes=3, full_hashes=1, body_hashes=1"
exact_cluster_276deb4526bcbd3b,exact_normalized_full,2,email_02616136fff1ed8a27f60140b30caa44,enron,email_02616136fff1ed8a27f60140b30caa44|email_7270c2c388ff7ec0cda41adf04027395,"raw_hashes=2, full_hashes=1, body_hashes=1"
exact_cluster_28d52523baa657b9,exact_normalized_full,2,email_9fc30d35a36402fbc154b9220d0edee1,enron,email_99ac029adf9d1c7e969a17f18305029b|email_9fc30d35a36402fbc154b9220d0edee1,"raw_hashes=2, full_hashes=1, body_hashes=1"
exact_cluster_17ce26ccac291882,exact_normalized_full,3,email_edf3d804b4484836ae22390f9c38c0e3,enron,email_045a5ef51ea7ed12506343d6d492fab1|email_506ac401948bdd807b66649887aecafe|email_edf3d804b4484836ae22390f9c38c0e3,"raw_hashes=3, full_hashes=1, body_hashes=1"
exact_cluster_3a0fa1f53b06f484,exact_normalized_full,2,email_04eebea049f46a69a429b329d4261c51,enron,email_0130d9c5f9546510d5b4a17a63fea2d0|email_04eebea049f46a69a429b329d4261c51,"raw_hashes=2, full_hashes=1, body_hashes=1"
exact_cluster_5d357099561d8676,exact_normalized_full,2,email_7b565c854a1919a39e7331b8e693f08f,enron,email_34655573b99225fce175b50c34b8d01d|email_7b565c854a1919a39e7331b8e693f08f,"raw_hashes=2, full_hashes=1, body_hashes=1"
exact_cluster_a1b4cf1449d52e78,exact_normalized_full,2,email_dabecf16e1ea872037b6f400a8bb8a12,enron,email_2c3aaf36007938c33c126597c9fb8819|email_dabecf16e1ea872037b6f400a8bb8a12,"raw_hashes=2, full_hashes=1, body_hashes=1"
exact_cluster_eed56b4827e05b7b,exact_normalized_full,3,email_cdccff6b9358c98c683ade8dc10f21bd,enron,email_62029764d6d0376f6f1274083e853c76|email_63b4f68107089562071374e2879d9d11|email_cdccff6b9358c98c683ade8dc10f21bd,"raw_hashes=3, full_hashes=1, body_hashes=1"
exact_cluster_cf740bdea1ad8383,exact_normalized_full,3,email_4e5659f9511da9b6f646456be394541e,enron,email_19be8ddc7c8c21ce412dc4a3e7f2faba|email_4e5659f9511da9b6f646456be394541e|email_5f301552aed6258d9d3ea5b01832cb75,"raw_hashes=3, full_hashes=1, body_hashes=1"
exact_cluster_da9af9061319bcd4,exact_normalized_full,3,email_d63bc36db8c1781e6aa2e4dd8291ffda,enron,email_18e9e5a79f6d78f38bb0356edbc9dc1b|email_85c99ea6208081569f50ad3ea5dbab87|email_d63bc36db8c1781e6aa2e4dd8291ffda,"raw_hashes=3, full_hashes=1, body_hashes=1"
exact_cluster_4721242e2518587e,exact_normalized_full,3,email_43eb527544ea6e53732be281d20f1b2b,enron,email_0acdc5d345255a8402191a78eca5863b|email_43eb527544ea6e53732be281d20f1b2b|email_5a1a9b46048612f3c1c572e24f17b33a,"raw_hashes=3, full_hashes=1, body_hashes=1"
exact_cluster_dd4589ffc92c2095,exact_normalized_full,3,email_52e400dc0946c9e5fdf97bf7453c3c2a,enron,email_52e400dc0946c9e5fdf97bf7453c3c2a|email_94b878d9350f4b4e0d17d198e80446d0|email_ab4ef9c6bb3d3a53c4e2f97c24b56057,"raw_hashes=3, full_hashes=1, body_hashes=1"
exact_cluster_730b64f42bfbb041,exact_normalized_full,2,email_cd98b902059aa86bf719c51125f05cff,enron,email_266bbeacbcf3387c4e451e959602a584|email_cd98b902059aa86bf719c51125f05cff,"raw_hashes=2, full_hashes=1, body_hashes=1"
exact_cluster_0dfe83ef16242d27,exact_normalized_full,3,email_02a47aa6f32f6b324bc85c30824bfeec,enron,email_02a47aa6f32f6b324bc85c30824bfeec|email_b3701ebbde93713ba5e57cfe0c4d027b|email_f7ca908447f41396ef7dbe2f8252318d,"raw_hashes=3, full_hashes=1, body_hashes=1"
exact_cluster_6e0b41e336ab02e0,exact_normalized_full,3,email_8e764f281c22a727a6eb0cc2afab8e48,enron,email_75b2a9890c42cb0607467892478f3264|email_8e764f281c22a727a6eb0cc2afab8e48|email_cd08f2c41970400937b4aa902ffacd91,"raw_hashes=3, full_hashes=1, body_hashes=1"
exact_cluster_68ebdb2e8e639eee,exact_normalized_full,3,email_2014ae2f99995ac1dd82b54d75200b6a,enron,email_2014ae2f99995ac1dd82b54d75200b6a|email_700570cc275adfaba4f3edcc225085b2|email_c64ef67ae6861921548b4f4b33b2ce8a,"raw_hashes=3, full_hashes=1, body_hashes=1"
exact_cluster_73eee372e24b4668,exact_normalized_full,3,email_c8e95473e6bb686fc4e893e9acc40c5f,enron,email_4f1e4ce18b26bf1606d1b582f87053a2|email_985897b9c10a954fcab7af220594ed23|email_c8e95473e6bb686fc4e893e9acc40c5f,"raw_hashes=3, full_hashes=1, body_hashes=1"
exact_cluster_ef83503e73635072,exact_normalized_full,3,email_d60353e468e918fbff0e8bf7bc910015,enron,email_3bc73e5babfcb03a0cd95faae1ec5d9a|email_d60353e468e918fbff0e8bf7bc910015|email_f358a2d5d53cee72d324209a10e236fe,"raw_hashes=3, full_hashes=1, body_hashes=1"
exact_cluster_86132e07d270da27,exact_normalized_full,3,email_eaa2f9e1d9ad9b9a0964869258b7386d,enron,email_0c7e4a513c70907f2ca2e024b4ebf4a4|email_60a46df4b335472ca8607ae0cd96575c|email_eaa2f9e1d9ad9b9a0964869258b7386d,"raw_hashes=3, full_hashes=1, body_hashes=1"
exact_cluster_93e4cdab361aac57,exact_normalized_full,3,email_a9821a25318861bafa895e7f6d74e7e2,enron,email_a86bc0f326c24ca587b70112d34d1f2e|email_a9821a25318861bafa895e7f6d74e7e2|email_f7233277abb043578aa96382b44e2673,"raw_hashes=3, full_hashes=1, body_hashes=1"
exact_cluster_97ea5afc033142f2,exact_normalized_full,3,email_17009a4b853c6bdd037365b8751e41da,enron,email_17009a4b853c6bdd037365b8751e41da|email_6f55805a9522f9a2579c16176674a5d0|email_7ce229a9537fe0f6febacb1d71af150f,"raw_hashes=3, full_hashes=1, body_hashes=1"
exact_cluster_a2490440d7ece575,exact_normalized_full,2,email_178e4cff03c673292efbec999da60ac9,enron,email_178e4cff03c673292efbec999da60ac9|email_f736d3c94b72e3136f09a220f4b2a949,"raw_hashes=2, full_hashes=1, body_hashes=1"
exact_cluster_32abadd2dfe9f6c2,exact_normalized_full,2,email_9456469c33f68e38f3d9f1ee7465fc7c,enron,email_2a8324d5a84399c0660f232d0528c41f|email_9456469c33f68e38f3d9f1ee7465fc7c,"raw_hashes=2, full_hashes=1, body_hashes=1"
exact_cluster_343bafd414031569,exact_normalized_full,2,email_07581d2371052875e574e6f56fe3d7cc,enron,email_07581d2371052875e574e6f56fe3d7cc|email_197badf1b718c2a096e9de57b8097359,"raw_hashes=2, full_hashes=1, body_hashes=1"
exact_cluster_f0d635d3b80edc24,exact_normalized_full,3,email_3f725ebea545db0d79f75b9fcf81e461,enron,email_127b22ff4b6e63c31469fa2c43fde31b|email_3f725ebea545db0d79f75b9fcf81e461|email_a89f71e8a8ac9f43920279138ed383bc,"raw_hashes=3, full_hashes=1, body_hashes=1"
exact_cluster_62461afd86a5a72a,exact_normalized_full,3,email_3e17e5575d858ae913e469881e85c2f5,enron,email_100fcb13f8c443d1e86dd17a4bcc66ea|email_3e17e5575d858ae913e469881e85c2f5|email_87f0ba696c84c8ed193a484cc2b03264,"raw_hashes=3, full_hashes=1, body_hashes=1"
exact_cluster_79333662bd58b0ef,exact_normalized_full,2,email_e80bb4f14e279a4e3dcc561db33492de,enron,email_1aa6c238b87292764945f3b6aac3e690|email_e80bb4f14e279a4e3dcc561db33492de,"raw_hashes=2, full_hashes=1, body_hashes=1"
exact_cluster_c885c1da21171590,exact_normalized_full,3,email_edc5f16d01a47ccabb2d8760667aec23,enron,email_64aa88ce38ec0831e2aa89f7f98aad4e|email_7f3dae2f7a666cd5eae9dc718c2a9a1e|email_edc5f16d01a47ccabb2d8760667aec23,"raw_hashes=3, full_hashes=1, body_hashes=1"
exact_cluster_bb94db1a9015d156,exact_normalized_full,2,email_4100922bc18d71c079ec580c877281f7,enron,email_4100922bc18d71c079ec580c877281f7|email_7a7c31a4a95d955e67e6edf009f03c5e,"raw_hashes=2, full_hashes=1, body_hashes=1"
exact_cluster_3a0f730ed7ac291e,exact_normalized_full,3,email_ef359eaac35c46d0a10d174710cef479,enron,email_249762f65afe49f0a53ec8cb66ec9d4f|email_31111176fb2b66a7db80e1a7566a7f39|email_ef359eaac35c46d0a10d174710cef479,"raw_hashes=3, full_hashes=1, body_hashes=1"
exact_cluster_436525d6ed3cbb84,exact_normalized_full,2,email_e4c553813b6719106acbeb6c18686f29,enron,email_81f339ee02364b350a30ec640d4866d6|email_e4c553813b6719106acbeb6c18686f29,"raw_hashes=2, full_hashes=1, body_hashes=1"
exact_cluster_40fc3a3e2c9d16e5,exact_normalized_full,2,email_3f8ec2b60caf07149a3424bef8c19ab5,enron,email_03b0e29535fb980d30f5f01ba727a3b7|email_3f8ec2b60caf07149a3424bef8c19ab5,"raw_hashes=2, full_hashes=1, body_hashes=1"
exact_cluster_153150858df66209,exact_normalized_full,3,email_73126d2e5cd0291238dfdccb2bafdff5,enron,email_3353a16e465bbbf2808504782494afb4|email_73126d2e5cd0291238dfdccb2bafdff5|email_9fd54b04cad40c2c0ed2dbc43983e7e7,"raw_hashes=3, full_hashes=1, body_hashes=1"
exact_cluster_9c6351f0da0fb507,exact_normalized_full,2,email_05db414dff4f810b6d6113af60ba2a60,enron,email_05db414dff4f810b6d6113af60ba2a60|email_1ce767a52b60026734582791ea76fbdd,"raw_hashes=2, full_hashes=1, body_hashes=1"
exact_cluster_d93a40f62d3d8384,exact_normalized_full,2,email_2dd0bd9d09fbfc7af17721fb80b13282,enron,email_013191542a622f520507ac1612ef2647|email_2dd0bd9d09fbfc7af17721fb80b13282,"raw_hashes=2, full_hashes=1, body_hashes=1"
exact_cluster_9b6311dfc3b38953,exact_normalized_full,2,email_1b8dc45bf02dea40a68cf1d9f283b6d1,enron,email_1b8dc45bf02dea40a68cf1d9f283b6d1|email_a1b73e4552012a7d14b097402334168e,"raw_hashes=2, full_hashes=1, body_hashes=1"
exact_cluster_ee2a73b856cca28a,exact_normalized_full,3,email_0100dcc9b108d04acbcdd15198893244,enron,email_0100dcc9b108d04acbcdd15198893244|email_793c4ad5a776db3ffec11236f597d730|email_9491a3061c82ec5a4c707e6992cd60c1,"raw_hashes=3, full_hashes=1, body_hashes=1"
exact_cluster_ae2cde271f8b8b63,exact_normalized_full,2,email_1abb6ec88712aeae53df94f65bbe311b,enron,email_1055d5736f6401dde05c742c1769bae4|email_1abb6ec88712aeae53df94f65bbe311b,"raw_hashes=2, full_hashes=1, body_hashes=1"
exact_cluster_80b04521c50ff38d,exact_normalized_full,2,email_2a5c63ce1de11b84fbac38e638ab419c,enron,email_0e2ded14f8e6f8792626ab2582bd488d|email_2a5c63ce1de11b84fbac38e638ab419c,"raw_hashes=2, full_hashes=1, body_hashes=1"
exact_cluster_25fb2f85f4b4cf60,exact_normalized_full,2,email_bb4c651de325d0af04a0b8b6421ac9af,enron,email_6e0a9291eeb9216cff1fa774747a3a5d|email_bb4c651de325d0af04a0b8b6421ac9af,"raw_hashes=2, full_hashes=1, body_hashes=1"
exact_cluster_a89bf60464d7745c,exact_normalized_full,2,email_b2fc136653dd2f8b5409cef0a9e39bd7,enron,email_63a6cc09f3a00e2873f675040b3bbd99|email_b2fc136653dd2f8b5409cef0a9e39bd7,"raw_hashes=2, full_hashes=1, body_hashes=1"
exact_cluster_4bd6a6d29b56a9fd,exact_normalized_full,3,email_81e875febc910273a67f341f3bd9c232,enron,email_7bd2b9c9c0f58f5f9eded3f9154fa116|email_81e875febc910273a67f341f3bd9c232|email_f1c9ef3de1fef09e735641534b9a9d29,"raw_hashes=3, full_hashes=1, body_hashes=1"
exact_cluster_66e333b3020f60d5,exact_normalized_full,3,email_2f84c593d7d29c0b3bed64bbc20eed0d,enron,email_0a15d05b14e5d4938f2a5005729c8a79|email_2f84c593d7d29c0b3bed64bbc20eed0d|email_a9bf0029b6924b49f03b6ee9d8bde4f0,"raw_hashes=3, full_hashes=1, body_hashes=1"
exact_cluster_ceb947aabaae6ea3,exact_normalized_full,3,email_289e12f9bd17be60a1df9df67f920b9d,enron,email_289e12f9bd17be60a1df9df67f920b9d|email_8fbe38473d4c3589341186c6433ad0e4|email_e614053c9ff6147fdb737422fff6f35d,"raw_hashes=3, full_hashes=1, body_hashes=1"
exact_cluster_31d7707e53af72eb,exact_normalized_full,3,email_962bf20f2681319c3d2de475aeb41682,enron,email_022816bb2db642a236834597d74e1368|email_962bf20f2681319c3d2de475aeb41682|email_af45867a91fc7a98b8fd76b4ed5220e4,"raw_hashes=3, full_hashes=1, body_hashes=1"
exact_cluster_80dfa2f98b0ae012,exact_normalized_full,2,email_ab73bf6b192bcd565cf2b121891c7840,enron,email_ab73bf6b192bcd565cf2b121891c7840|email_ace782ac9f336d3854a9be6453cec63d,"raw_hashes=2, full_hashes=1, body_hashes=1"
exact_cluster_b067b29b36e2e271,exact_normalized_full,3,email_a20fae1fc07019dc482c0eecbe3eb9f1,enron,email_367a88f0f796f85af06d87b809e5ebb5|email_a20fae1fc07019dc482c0eecbe3eb9f1|email_d71f3d8422f3d3aa65a501355e384e58,"raw_hashes=3, full_hashes=1, body_hashes=1"
exact_cluster_ea4bb457f64e549f,exact_normalized_full,3,email_dbe7989fafabf7bb3265fef5e1d387ff,enron,email_5385eb6851390b6d6b6ef8ea3757883b|email_9e53df5f82486c2b0d046a74458ce85c|email_dbe7989fafabf7bb3265fef5e1d387ff,"raw_hashes=3, full_hashes=1, body_hashes=1"
exact_cluster_f20b2b9615db2a63,exact_normalized_full,3,email_b11272a840d6657ddefd98be712c85e8,enron,email_2cc25c6f2a7cb79f79bd26b329bba848|email_4a9c069985abc87d6a3920cf2306098b|email_b11272a840d6657ddefd98be712c85e8,"raw_hashes=3, full_hashes=1, body_hashes=1"
exact_cluster_1cbfd26a6bac45ae,exact_normalized_full,3,email_1f753f49643bc7c0a55eef9915b9da44,enron,email_1f753f49643bc7c0a55eef9915b9da44|email_bb9188cc58a5d2b53c82b864e048b14e|email_bfaa11d4d5e1cbab1496278d0dbb5c6d,"raw_hashes=3, full_hashes=1, body_hashes=1"
exact_cluster_8c05ac8dba79f87b,exact_normalized_full,3,email_cdd7320173d849eb682c550f9e4c56b5,enron,email_107241bd4fc3f4ef1b483ebe9dad1ad3|email_cdd7320173d849eb682c550f9e4c56b5|email_d39faa2aa125e250bedd68d64bd398c7,"raw_hashes=3, full_hashes=1, body_hashes=1"
exact_cluster_bfc7206eb5eff6fb,exact_normalized_full,3,email_2a056c7aa3a0b83a3a6b18b2282ad40d,enron,email_10f321d1e6eeef5def8ba6085a264fd2|email_2a056c7aa3a0b83a3a6b18b2282ad40d|email_ab1d5be92b9076d721e72ff3b9168ec3,"raw_hashes=3, full_hashes=1, body_hashes=1"
exact_cluster_0477c09cd8d39c5c,exact_normalized_full,3,email_81ea172ee203a1b041599cb3b61149f4,enron,email_5c93a4b826d28008db8d23491bd0af60|email_81ea172ee203a1b041599cb3b61149f4|email_f53ef0958a65bc816ba979917bc0dc52,"raw_hashes=3, full_hashes=1, body_hashes=1"
exact_cluster_73ad37649ce2de3c,exact_normalized_full,3,email_2b5d2e1695a6a3e202a6eae4a1aa6f4d,enron,email_2b5d2e1695a6a3e202a6eae4a1aa6f4d|email_4381852590300428b4c06c3cf27e447d|email_e8f7b109351299650fa7de5f8936ae75,"raw_hashes=3, full_hashes=1, body_hashes=1"
exact_cluster_b499eeaf1cc41d07,exact_normalized_full,3,email_e2de704fe838a3bd4409b56fcf2d7f05,enron,email_5ac688748c068412f5ce583f0b7254d9|email_643953eacd19a8c3b451ab098792c89a|email_e2de704fe838a3bd4409b56fcf2d7f05,"raw_hashes=3, full_hashes=1, body_hashes=1"
exact_cluster_620f2c04cd9e1113,exact_normalized_full,3,email_5aa6f8e623750a4b10bebe0fceb9a322,enron,email_5aa6f8e623750a4b10bebe0fceb9a322|email_9af511da76edd11d082e0c3644dc3a7b|email_be9bcad23da042ecab3f9f9272310d3b,"raw_hashes=3, full_hashes=1, body_hashes=1"
exact_cluster_7a7a52c66d4078f5,exact_normalized_full,3,email_ef207f29fc8101d321b5fcfe7d195524,enron,email_78188151d3574499534bf8df38221290|email_af072b3891aaaa6d8a656f900e75dc70|email_ef207f29fc8101d321b5fcfe7d195524,"raw_hashes=3, full_hashes=1, body_hashes=1"
exact_cluster_a75c25a9d1249369,exact_normalized_full,3,email_18ad1b6f0231cf48838b306317e2fe0f,enron,email_18ad1b6f0231cf48838b306317e2fe0f|email_8f0589af00f5dbb5117a6a99bf680e9c|email_9a4cf573aeeb5eedf1d5202694af3f47,"raw_hashes=3, full_hashes=1, body_hashes=1"
exact_cluster_576bab7b35da806b,exact_normalized_full,3,email_b914a751fcdd06481273a99bf86fd0c9,enron,email_7c49f39310f91edbc353d6741ec808d0|email_8236922632475cd5cddeb1b2a7db34d4|email_b914a751fcdd06481273a99bf86fd0c9,"raw_hashes=3, full_hashes=1, body_hashes=1"
exact_cluster_833ca03800e974c3,exact_normalized_full,3,email_67ee75b4f9ab9e43fcefe3c91228e5f8,enron,email_0fc424481b105a64537b4bd75f6f7ab8|email_1d4ed0cf6585fa2ea4e7c7d291b1b891|email_67ee75b4f9ab9e43fcefe3c91228e5f8,"raw_hashes=3, full_hashes=1, body_hashes=1"
exact_cluster_c937ec99db1edbcb,exact_normalized_full,3,email_4800e9945df31b3f68cdeaed241b0467,enron,email_28306ec7cc5c105e3063f4c8e149bc5c|email_4800e9945df31b3f68cdeaed241b0467|email_a094d47fbe915d2e5898f110d52a0bda,"raw_hashes=3, full_hashes=1, body_hashes=1"
exact_cluster_d7b461e434cd2991,exact_normalized_full,3,email_cea130b43cbb15e02666c161720bb4cc,enron,email_3ca4008dec7d603c7db8be46e1d3d3ae|email_96eee4dacf398540a823e238c83baade|email_cea130b43cbb15e02666c161720bb4cc,"raw_hashes=3, full_hashes=1, body_hashes=1"
exact_cluster_2ff80f29d4c24a39,exact_normalized_full,3,email_51cc6d448b8b7d144d1161242a313c55,enron,email_51cc6d448b8b7d144d1161242a313c55|email_6b70a6530abcc2321996e3c390929b04|email_74c7375302bc5ac063531cd8f5e27c44,"raw_hashes=3, full_hashes=1, body_hashes=1"
exact_cluster_f04884d9965b6181,exact_normalized_full,3,email_2885024edf22598c3cd3072d49537c0e,enron,email_0abdcb7628aa3c4889ceaced8f308de8|email_2885024edf22598c3cd3072d49537c0e|email_6adf096074f24f91d862fab8c424f0a5,"raw_hashes=3, full_hashes=1, body_hashes=1"
exact_cluster_a0a720747aa07dbe,exact_normalized_full,3,email_b99cb51a2ce882a08583060e61e7d4a1,enron,email_b99cb51a2ce882a08583060e61e7d4a1|email_c9a2adeac975b393191dca117423bc3d|email_f7dfe2b8319beb3ea03097dfcc880271,"raw_hashes=3, full_hashes=1, body_hashes=1"
exact_cluster_0c78e8c01805449b,exact_normalized_full,3,email_1e1696628543a0c17e7cae0cfb506d8b,enron,email_1e1696628543a0c17e7cae0cfb506d8b|email_c478ba5280b0bebb469af2a8d9e4657a|email_ce92d90f6026f9b353f4e28506316bcd,"raw_hashes=3, full_hashes=1, body_hashes=1"
exact_cluster_288ca2d0b807520e,exact_normalized_full,3,email_00e6f4808704d740d27a3239f00a9f7e,enron,email_00e6f4808704d740d27a3239f00a9f7e|email_cdfa83034a738f325799ac5ca3cfc90b|email_eaccb189369ca9297af01cece2efda9f,"raw_hashes=3, full_hashes=1, body_hashes=1"
exact_cluster_2b3463492f886b97,exact_normalized_full,3,email_0e246fad5d030ac4ab62d0140f6cb292,enron,email_0e246fad5d030ac4ab62d0140f6cb292|email_3c66c359dd74fcff4d20c5383f015f0e|email_b8650cbb23bfd9be2eb4bb1fbf238d2f,"raw_hashes=3, full_hashes=1, body_hashes=1"
exact_cluster_1c3b6cd0191f3d19,exact_normalized_full,3,email_64a297130873e0d67b351331a720943e,enron,email_64a297130873e0d67b351331a720943e|email_7ae289d8a7722d1ea22fc202fc44ba79|email_a25cc79d60cfc3ab6b82210407225216,"raw_hashes=3, full_hashes=1, body_hashes=1"
exact_cluster_291158c7191a409e,exact_normalized_full,3,email_aaf2e76237844b1b3a814f834a899eeb,enron,email_069b70a2ab9da83d8019de051b843382|email_75ea78f84be814f1f6810faf04f3bf30|email_aaf2e76237844b1b3a814f834a899eeb,"raw_hashes=3, full_hashes=1, body_hashes=1"
exact_cluster_73e80e5ebad33183,exact_normalized_full,3,email_1990d828e3bf09e82eef6793ac7245f1,enron,email_1990d828e3bf09e82eef6793ac7245f1|email_26e11bbb4411e5341021e7a5b0eb843c|email_35e8a0b9dae82c3c116512b64ec87bde,"raw_hashes=3, full_hashes=1, body_hashes=1"
exact_cluster_fa5248de9f3e1a7f,exact_normalized_full,3,email_e01dde4bf231875e77ae060a31aaf360,enron,email_14450a04ab8cf8b81d5c7c9798658e9c|email_2c9c4b3711dd1f74cbaff1e088df179a|email_e01dde4bf231875e77ae060a31aaf360,"raw_hashes=3, full_hashes=1, body_hashes=1"
exact_cluster_53e94701d26b33c7,exact_normalized_full,3,email_02c5657efbde1cc205d9f392295fa546,enron,email_02c5657efbde1cc205d9f392295fa546|email_6040ca0856e9252086394422f8be982c|email_62178b2ab1f4ca8cd28cdbd0ae816bcc,"raw_hashes=3, full_hashes=1, body_hashes=1"
exact_cluster_40880fa45107cecc,exact_normalized_full,3,email_12b801e402f61f89f3567e8b33a2cbae,enron,email_01c1d971198d33160d811abd6a4a0c93|email_12b801e402f61f89f3567e8b33a2cbae|email_a8cfb91af17738a228fd58e7184d703a,"raw_hashes=3, full_hashes=1, body_hashes=1"
exact_cluster_6aae58c7ac17feb6,exact_normalized_full,3,email_5cdeb58baac752c25ad814a6893a2018,enron,email_2bea7e5bfe5d18e1ff0d82e227bb7e48|email_5cdeb58baac752c25ad814a6893a2018|email_5dbbaa69654f209ea8ffac27e668d833,"raw_hashes=3, full_hashes=1, body_hashes=1"
exact_cluster_45e135dc786decb4,exact_normalized_full,3,email_0e0610475ce2aaaca1ddc7ddd13fcb28,enron,email_0e0610475ce2aaaca1ddc7ddd13fcb28|email_43173ddba4e9cc9400d8671c1b6b4d99|email_eb10b8c2874a949b484ce60eeed51c8e,"raw_hashes=3, full_hashes=1, body_hashes=1"
exact_cluster_c265766305dfffcf,exact_normalized_full,3,email_181cd16c39f61048fe2bf40e7f985146,enron,email_181cd16c39f61048fe2bf40e7f985146|email_1d1c81b5f2187b2b1541c951e9f8bc2c|email_4d5daf88dd27ecdedfb519a7831c2daf,"raw_hashes=3, full_hashes=1, body_hashes=1"
exact_cluster_a5967da4e5e85ee8,exact_normalized_full,3,email_8f5f9c97515448b3fd5a2877fd118948,enron,email_028f3b4d1e5338e78e0a10feb2a29714|email_4d78cf0add7204ded4e330fc0cb35039|email_8f5f9c97515448b3fd5a2877fd118948,"raw_hashes=3, full_hashes=1, body_hashes=1"
exact_cluster_ea336ef2cb3c3d2b,exact_normalized_full,3,email_f722fb6b8c3490915f815216cfe29ce0,enron,email_0e190dce566745384633beee4fe8c439|email_df3f4bcd8320b6a4de25e79e968ae7e3|email_f722fb6b8c3490915f815216cfe29ce0,"raw_hashes=3, full_hashes=1, body_hashes=1"
exact_cluster_befd767194a83904,exact_normalized_full,3,email_e80acde2f1f049bcf6234d0f0c41c574,enron,email_5623812c8b2e1b5cc0a8ce5f782eb933|email_a1db573c57514773118320aa44077158|email_e80acde2f1f049bcf6234d0f0c41c574,"raw_hashes=3, full_hashes=1, body_hashes=1"
exact_cluster_f71145283a4554c1,exact_normalized_full,3,email_aaff88dcd464dd5ba65ee33cf66db244,enron,email_aaff88dcd464dd5ba65ee33cf66db244|email_e2d43ca55c1a23c94d0d09dea8353149|email_f1c84aea4b3f29d9bde55af0fcf2c43d,"raw_hashes=3, full_hashes=1, body_hashes=1"
exact_cluster_3a61da47a4b8d99b,exact_normalized_full,3,email_7a1cee6b87113c659e4997bf863ab3d9,enron,email_7a1cee6b87113c659e4997bf863ab3d9|email_cb83ef98f28e17fc672648846b325f1e|email_e0a60758bb86d40b91efe4d67e304eae,"raw_hashes=3, full_hashes=1, body_hashes=1"
exact_cluster_3931e82238b82c94,exact_normalized_full,3,email_6f35bdca43187e0265c84306addfabac,enron,email_39ed22d8279d7f1fcd76e9fe23e9cf62|email_6f35bdca43187e0265c84306addfabac|email_c0d4b73713873375d1651d8a7454c0ec,"raw_hashes=3, full_hashes=1, body_hashes=1"
exact_cluster_0328ba34c6b34bbd,exact_normalized_full,3,email_676f74785a97c952a1a41a39a8b2cade,enron,email_28a50cc49140857bca9ffdf51684b126|email_676f74785a97c952a1a41a39a8b2cade|email_f3716a8bccc7d03f6fcd8700eff98480,"raw_hashes=3, full_hashes=1, body_hashes=1"
exact_cluster_8b43601bff3164e0,exact_normalized_full,3,email_a6e185c89c17a04e6f5a4bd36e1aaf43,enron,email_751ff045be85f146fb98190f4d2abd2f|email_950bb70d1b797f6a9776aaafec05127a|email_a6e185c89c17a04e6f5a4bd36e1aaf43,"raw_hashes=3, full_hashes=1, body_hashes=1"
exact_cluster_f11924a76f80c75e,exact_normalized_full,3,email_043f2a8064eff4d7280f4299aa757664,enron,email_043f2a8064eff4d7280f4299aa757664|email_1c8aca8660065cd3b395359b720af5f1|email_8305e973fc1d3f3cdc68c1f6f08e00a0,"raw_hashes=3, full_hashes=1, body_hashes=1"
exact_cluster_d94f39a4a0ab0e02,exact_normalized_full,3,email_6e69ebc454c7b3da02c263a7ba8d27a9,enron,email_39196165282f474555ba227ba2db90f6|email_6e69ebc454c7b3da02c263a7ba8d27a9|email_f3e0ec2b8d021e62279052ec823e659a,"raw_hashes=3, full_hashes=1, body_hashes=1"
exact_cluster_7914aea9edc68c23,exact_normalized_full,3,email_18b1ee344d92f0946f55e79c9cdb6b8f,enron,email_15e707ace182d120d5376d3d7b29a171|email_18b1ee344d92f0946f55e79c9cdb6b8f|email_3a1d8690ba8427725677b9f3ce98bcc0,"raw_hashes=3, full_hashes=1, body_hashes=1"
exact_cluster_625fd78a4dfd371e,exact_normalized_full,3,email_26c46196292a4b48dbcd1aad846d13c4,enron,email_20469a907d4871b38c98b160b3098890|email_26c46196292a4b48dbcd1aad846d13c4|email_a010f67173bd2fc76ba43edd735bcc3d,"raw_hashes=3, full_hashes=1, body_hashes=1"
exact_cluster_aac4e087444214e2,exact_normalized_full,3,email_18b2de9effac8efbb4d12e9d972a1d9c,enron,email_18b2de9effac8efbb4d12e9d972a1d9c|email_7617c5bf939dd67135be55ca40dfa49c|email_d7fc030bd41fd38253fe551b327cc467,"raw_hashes=3, full_hashes=1, body_hashes=1"
exact_cluster_1198f005cc808b07,exact_normalized_full,3,email_9824b625b8e536d9d17879947fd5abaa,enron,email_155240cd6dd692d1060c5d198787a74c|email_9824b625b8e536d9d17879947fd5abaa|email_ef877fa547ca95742de8402e805cf4db,"raw_hashes=3, full_hashes=1, body_hashes=1"
exact_cluster_4ee2bea2a4e1e864,exact_normalized_full,3,email_6abe27f060f68ab2027671cdfac822f0,enron,email_6abe27f060f68ab2027671cdfac822f0|email_84542b87502a743d2af2b24aa0246110|email_c992e4b34d39b2d8074acf7f3ea71d49,"raw_hashes=3, full_hashes=1, body_hashes=1"
exact_cluster_19cebf9e3a84c0b7,exact_normalized_full,3,email_0f9ae11ce013522fade98a80c649f92b,enron,email_0f9ae11ce013522fade98a80c649f92b|email_ba78bb1a74e8104784234e5628b6e3a5|email_bc636d6426ac5f84ebecab8b1aa4b38d,"raw_hashes=3, full_hashes=1, body_hashes=1"
exact_cluster_08bd74afcdfe9110,exact_normalized_full,3,email_f1ac830efafcef1e3caad912bce8116d,enron,email_636d1ef8302814f874cd52639b6c571b|email_9bba4d956bfa092cbb8576abd99a27a6|email_f1ac830efafcef1e3caad912bce8116d,"raw_hashes=3, full_hashes=1, body_hashes=1"
exact_cluster_275df2989b3c0b81,exact_normalized_full,3,email_3526b25e22623b44b6a26011d0cd26a6,enron,email_3526b25e22623b44b6a26011d0cd26a6|email_89d57b1d64e14d3105f050de3af9e88e|email_a8eb3509881039ea79f045cb23adea0c,"raw_hashes=3, full_hashes=1, body_hashes=1"
exact_cluster_b26d362420d3ff82,exact_normalized_full,3,email_4674c82a356dcfb960a3bd2c36d90c86,enron,email_4674c82a356dcfb960a3bd2c36d90c86|email_4e67fff22efa49a02951a5b7cf9e11c9|email_8062a3da4b124e241b8f9dd21adcaae8,"raw_hashes=3, full_hashes=1, body_hashes=1"
exact_cluster_5a92fdb14358eb6a,exact_normalized_full,3,email_3a53394d2e52ae81bd7e01600c0869e0,enron,email_0bc9817c5894ecf96dbd0abb3243d296|email_3a53394d2e52ae81bd7e01600c0869e0|email_bc9daa99d3ae6b99b02a3dc486853bf3,"raw_hashes=3, full_hashes=1, body_hashes=1"
exact_cluster_2c0ae82392ec3d26,exact_normalized_full,3,email_f379d6e6d0d5f8e1848877555a708192,enron,email_61f236e790eaef70324218cac6f8c78f|email_9b43e240001cf81f35e3ffc9833b5bbd|email_f379d6e6d0d5f8e1848877555a708192,"raw_hashes=3, full_hashes=1, body_hashes=1"
exact_cluster_1b646fded4cfff9f,exact_normalized_full,3,email_34b6681849c0cf001d0ae9841abab1f3,enron,email_1ae17c71479a3bbe819180f45514886e|email_34b6681849c0cf001d0ae9841abab1f3|email_3c75807bf6eb9ac24437cf26397ae7ca,"raw_hashes=3, full_hashes=1, body_hashes=1"
exact_cluster_024bc0f96c92d9fa,exact_normalized_full,3,email_eb80024afa9e39c86f598dc1eab85da6,enron,email_0b77ca08fa0f524651fb68c23612a5fc|email_bef816e8ad78c4e3ada80a5151fa7a85|email_eb80024afa9e39c86f598dc1eab85da6,"raw_hashes=3, full_hashes=1, body_hashes=1"
exact_cluster_798c0968c48da7ed,exact_normalized_full,3,email_126e4ef5cff302c99df4cea2b0747230,enron,email_126e4ef5cff302c99df4cea2b0747230|email_658aa84816eeb5fa6d61ad652fa17e49|email_bc87dbd25cf408b90f2c37dade099249,"raw_hashes=3, full_hashes=1, body_hashes=1"
exact_cluster_420ecb96ca5996d7,exact_normalized_full,3,email_46167dd28aa861ff502c6789f9c7162e,enron,email_315575592e8188b5a86c4869979ab323|email_46167dd28aa861ff502c6789f9c7162e|email_f3d1304ece8b54190cf27b17ae172095,"raw_hashes=3, full_hashes=1, body_hashes=1"
exact_cluster_c38e89d68443cb5c,exact_normalized_full,3,email_45e9e72dfc77b7ead9fe6a84d03a5fad,enron,email_2548c535ba2717e898f6c180efe5febf|email_2b68ea61d13b71c694b53dfe433c9e37|email_45e9e72dfc77b7ead9fe6a84d03a5fad,"raw_hashes=3, full_hashes=1, body_hashes=1"
exact_cluster_d1bc55bb094908ab,exact_normalized_full,3,email_0e4d5ddaf3fae58d14b6c65623a1e983,enron,email_0e4d5ddaf3fae58d14b6c65623a1e983|email_af0962433bad92ff0bb9afecaeda4919|email_b7f121984a9cec43d18dc941f27289bb,"raw_hashes=3, full_hashes=1, body_hashes=1"
exact_cluster_44a29286115e445c,exact_normalized_full,3,email_a935517d48ffef202fd9c84b6b38403d,enron,email_083287af03de34dae97f695f919e383f|email_a935517d48ffef202fd9c84b6b38403d|email_d0424b5be645ece711f3572b623ded8f,"raw_hashes=3, full_hashes=1, body_hashes=1"
exact_cluster_4880ca1e5965320b,exact_normalized_full,3,email_c45635c3513f2183897de82d1d0aaa6f,enron,email_b7621076d1870a545eb413f56fb07f9b|email_c45635c3513f2183897de82d1d0aaa6f|email_f416ef36da76de3111a3269773368552,"raw_hashes=3, full_hashes=1, body_hashes=1"
exact_cluster_c046856b583fba43,exact_normalized_full,3,email_5ac8005a2cd0218252f4278246e6e874,enron,email_0816eb5058f7d9276f617d785061134d|email_5ac8005a2cd0218252f4278246e6e874|email_a5e60381727372bf79b5ad2bb088faa4,"raw_hashes=3, full_hashes=1, body_hashes=1"
exact_cluster_476d2d0d67df7296,exact_normalized_full,3,email_d06bce7f387ddb8b720c8d4ce15154b5,enron,email_b87bf9335e53881bf5af51155a5c5217|email_d06bce7f387ddb8b720c8d4ce15154b5|email_edb1ce317506cd24d2dcbbc883f166d4,"raw_hashes=3, full_hashes=1, body_hashes=1"
exact_cluster_7eff5e328a27450f,exact_normalized_full,3,email_67cde6236176cdd1b9bf400cd00f8088,enron,email_67cde6236176cdd1b9bf400cd00f8088|email_cdcdc1bc6519b7db351d15119a04e339|email_dcb29f851988d1a1b50c32855173c944,"raw_hashes=3, full_hashes=1, body_hashes=1"
exact_cluster_8e6ad1e8d3e42a3c,exact_normalized_full,3,email_666db7b18b2a67b64d6049096d3808c3,enron,email_0fa128e3453a13a9e8e64cf2577c28e2|email_3c8b37b7f600bc07b83dc19138b898e8|email_666db7b18b2a67b64d6049096d3808c3,"raw_hashes=3, full_hashes=1, body_hashes=1"
exact_cluster_4d31b216f5bde8c4,exact_normalized_full,3,email_6631d4827eb415c1c48fdacfbb3b5021,enron,email_6631d4827eb415c1c48fdacfbb3b5021|email_96c32a3b7af304eb58cbb44b3950c42f|email_fc03fa4b0e8061da4b111b027921c2e7,"raw_hashes=3, full_hashes=1, body_hashes=1"
exact_cluster_04417f592a72ee4b,exact_normalized_full,3,email_2b675df90154aee91601348a8f694d2d,enron,email_2b675df90154aee91601348a8f694d2d|email_588789d204851f95a9b131b49ef8dd95|email_87efccc9231f22b131c3331fba53a265,"raw_hashes=3, full_hashes=1, body_hashes=1"
exact_cluster_a811cbc837bd57c8,exact_normalized_full,3,email_1844002dee5f4507d625edd66e4c313c,enron,email_1844002dee5f4507d625edd66e4c313c|email_89197b7c1f0faad6ca41ee025b7e665c|email_bc609916b787c5c0981ad8feb4952f98,"raw_hashes=3, full_hashes=1, body_hashes=1"
exact_cluster_8aeb8b9a9fee7ae3,exact_normalized_full,3,email_522f7e4533f2cf840dd72b95d72b8a42,enron,email_32a6d90c829cc6c1b02c7c6917966f40|email_522f7e4533f2cf840dd72b95d72b8a42|email_acdd5212e5535a19662451fbee787591,"raw_hashes=3, full_hashes=1, body_hashes=1"
exact_cluster_e8e2005c08765c59,exact_normalized_full,3,email_0c6c493032c0558e3b62326db899b567,enron,email_0c6c493032c0558e3b62326db899b567|email_6c41ccd005baee7f3ca8e8882883ef7e|email_99dadb439a12bd01b5b3c08f9d81cb88,"raw_hashes=3, full_hashes=1, body_hashes=1"
exact_cluster_55aca4ec3d0cafb2,exact_normalized_full,3,email_4ef98c45c1150a4404ab7f9f1221e6b9,enron,email_4ef98c45c1150a4404ab7f9f1221e6b9|email_9d5e6e6010adf7bbf2da765731b740eb|email_dde9eb2e2b951418944cbd1c540ae5ea,"raw_hashes=3, full_hashes=1, body_hashes=1"
exact_cluster_c150de4ddbff34f2,exact_normalized_full,3,email_51d029ebb00c33506d7f7beb32687906,enron,email_246ca8448cef3f8841c4bb5e598284f5|email_51d029ebb00c33506d7f7beb32687906|email_ef07df208ed2a4b07c8800972150cf2d,"raw_hashes=3, full_hashes=1, body_hashes=1"
exact_cluster_90e1a6d753f27b91,exact_normalized_full,3,email_5e44123118439e5e70570b840a653458,enron,email_1ed6b12ff7818c9d0b6843a2c558541f|email_2cf0ea334488c0491d1ea36bb672e6ff|email_5e44123118439e5e70570b840a653458,"raw_hashes=3, full_hashes=1, body_hashes=1"
exact_cluster_38658b05e4ef46bb,exact_normalized_full,3,email_11db94753b48057999335ef57f2883ca,enron,email_11db94753b48057999335ef57f2883ca|email_665a0dd0d4dd6c4308c76204d3b57161|email_d6f4341e6d23270a891850215d523104,"raw_hashes=3, full_hashes=1, body_hashes=1"
exact_cluster_f36f0adf8ad167dc,exact_normalized_full,3,email_1c61682b7ddfe9a9ac01bbdc05593dee,enron,email_1c61682b7ddfe9a9ac01bbdc05593dee|email_28ae0e55a860966f2c330f1093291bce|email_3d4ac880db54a8aa6ceab1c35f184f52,"raw_hashes=3, full_hashes=1, body_hashes=1"
exact_cluster_ad6a79d9691107b2,exact_normalized_full,3,email_1b45a5f117f1f3634a667a0e9f4acc41,enron,email_1b45a5f117f1f3634a667a0e9f4acc41|email_50bec01c5f6496746666e6e323f0b7e6|email_f531d01cf9f2e3a6db4e670ed1fa5998,"raw_hashes=3, full_hashes=1, body_hashes=1"
exact_cluster_22255007a22d1f84,exact_normalized_full,3,email_cf40923f1913034a49e5821e11f4b3e9,enron,email_3700512ace003ea9ebcc145020c38eb5|email_cf40923f1913034a49e5821e11f4b3e9|email_ec898a5dc57248ccbb9402e9c7eeb852,"raw_hashes=3, full_hashes=1, body_hashes=1"
exact_cluster_eb23ef3bc3293874,exact_normalized_full,3,email_a52a0aad98c8105df1bb90da801dd731,enron,email_18e19539ec5cdd3ff854824afa5c9a55|email_7f933466b701cd1e08102160d421b66b|email_a52a0aad98c8105df1bb90da801dd731,"raw_hashes=3, full_hashes=1, body_hashes=1"
exact_cluster_d3ac2c4a3470a0fa,exact_normalized_full,3,email_7ecdd60f8db5f9592e26722a96a076ea,enron,email_7ecdd60f8db5f9592e26722a96a076ea|email_87af38378a8b6ed7a250cf14cec852b1|email_bf5e496e9f02cd89a054e44ca882ed85,"raw_hashes=3, full_hashes=1, body_hashes=1"
exact_cluster_83a2ca375d0e3bc9,exact_normalized_full,3,email_2445204f5a0f3a2cbd2c89de87c72fe7,enron,email_2445204f5a0f3a2cbd2c89de87c72fe7|email_d3899798cad85caed786d9231c84f9a2|email_ec9484f3b14410350df0f5d8ca2f9935,"raw_hashes=3, full_hashes=1, body_hashes=1"
exact_cluster_a10db710bac9aa9a,exact_normalized_full,3,email_48c05aff13ec0785e8a9a8075b585126,enron,email_13c8a3f8cd6e749c4cacb1576b7d1994|email_48c05aff13ec0785e8a9a8075b585126|email_6b9216ed64cb368fb5c4b912dcac78bf,"raw_hashes=3, full_hashes=1, body_hashes=1"
exact_cluster_73b97aa0060cc0a2,exact_normalized_full,3,email_635a417241c92115964cf5790986aeac,enron,email_47c02f5eec484419badd8c2539df0a65|email_635a417241c92115964cf5790986aeac|email_c11debcc1e1c5e4072a3f7b9f527f1b8,"raw_hashes=3, full_hashes=1, body_hashes=1"
exact_cluster_7807abcf11ab5ad5,exact_normalized_full,3,email_3775ab01887171aa4a96729d34650aa9,enron,email_3775ab01887171aa4a96729d34650aa9|email_b825cd0826525bf61581b7cf602e5dd3|email_f0c618daa0c22808f0c5f5318d4014d2,"raw_hashes=3, full_hashes=1, body_hashes=1"
exact_cluster_cf9974b6b84a9491,exact_normalized_full,3,email_38bcc97522aaa88122e183839ea051ff,enron,email_38bcc97522aaa88122e183839ea051ff|email_734d85ebd773f566cee2dab15a73c6ba|email_908eb9047f7854217fc1586b3d51831e,"raw_hashes=3, full_hashes=1, body_hashes=1"
exact_cluster_7239c12dbcd6f3ad,exact_normalized_full,3,email_1549dde05409a8f5f54642859c193574,enron,email_1549dde05409a8f5f54642859c193574|email_9c86da7c0d52dca6f38e13f88b4f34dd|email_dd72cd9c65b52460abd8d311bf9d0468,"raw_hashes=3, full_hashes=1, body_hashes=1"
exact_cluster_188771e90ad7369b,exact_normalized_full,3,email_f8acbc1256df235bc9e43660ac9e6607,enron,email_015f4522830578648dab6ba298458a78|email_111c3139919f4ca889646adb00fe61e1|email_f8acbc1256df235bc9e43660ac9e6607,"raw_hashes=3, full_hashes=1, body_hashes=1"
exact_cluster_1a444e57765f86fd,exact_normalized_full,3,email_db5c215af80cdead3531f69c69d9d59b,enron,email_1bd2302b27a8117113fe68cfd986c474|email_db5c215af80cdead3531f69c69d9d59b|email_ec8883d13db94a506d2a8e258bf71050,"raw_hashes=3, full_hashes=1, body_hashes=1"
exact_cluster_8ec16725a755f6c0,exact_normalized_full,3,email_02311ecfeb76c7800f49501cd71e1702,enron,email_02311ecfeb76c7800f49501cd71e1702|email_19db61d075d156622607b86919bc0ef5|email_e790a73862c267e00c1bc797157bc0f9,"raw_hashes=3, full_hashes=1, body_hashes=1"
exact_cluster_9ed3da0a0152b4ea,exact_normalized_full,3,email_2093a6f985114043a11bdb8e57bc8b8a,enron,email_2093a6f985114043a11bdb8e57bc8b8a|email_6a364e4ed1ad8a5752c488d28b9d5c75|email_971a4201a89d2603e7a384b39dd4adbb,"raw_hashes=3, full_hashes=1, body_hashes=1"
exact_cluster_65b7799851b529a7,exact_normalized_full,3,email_2a426cc8990bafbd16dee987fd8603c1,enron,email_2a426cc8990bafbd16dee987fd8603c1|email_510865846be408f3bac18483a2d43379|email_a4e8306db121d2fbac5c68227c9aeba8,"raw_hashes=3, full_hashes=1, body_hashes=1"
exact_cluster_b113561e1ab332c3,exact_normalized_full,2,email_bcb1433066e4567a8f71951231f241d0,enron,email_9372bb45b6b23e3eb7a73e2b79a9afce|email_bcb1433066e4567a8f71951231f241d0,"raw_hashes=2, full_hashes=1, body_hashes=1"
exact_cluster_c3a40ee017aec21e,exact_normalized_full,2,email_ec208d2bf40dd656e57da33eb24a8802,enron,email_9dd41d2b19b2a27ff71bf56ba6e38dff|email_ec208d2bf40dd656e57da33eb24a8802,"raw_hashes=2, full_hashes=1, body_hashes=1"
exact_cluster_93585294b40c4e11,exact_normalized_full,3,email_3ae24449ea8a082c5f47b5a4d654def3,enron,email_1436364f8a178a83fc6517140a14bdf1|email_3ae24449ea8a082c5f47b5a4d654def3|email_82d0f1b98f3f00a4e6fd17c3662f4685,"raw_hashes=3, full_hashes=1, body_hashes=1"
exact_cluster_29aabd6f0e30a837,exact_normalized_full,2,email_54f2a1ec54403c8733066d90d7241f71,enron,email_54f2a1ec54403c8733066d90d7241f71|email_7fbea9544e28ea6eb649163c671779c9,"raw_hashes=2, full_hashes=1, body_hashes=1"
exact_cluster_570577dccd55c82f,exact_normalized_full,3,email_d76742fff5b426b552e12f44af663642,enron,email_01969d274dc025965f1ab95b40382850|email_c19c48f42ee64cd809b9ed476a82e0ac|email_d76742fff5b426b552e12f44af663642,"raw_hashes=3, full_hashes=1, body_hashes=1"
exact_cluster_80be8c907aeaec8b,exact_normalized_full,3,email_f4a1db282032e7ef1b05f030644577e2,enron,email_afd9b80d7b5a9d16adfa0238ff5116ca|email_f4a1db282032e7ef1b05f030644577e2|email_ff619220e80e88181f8918d870677971,"raw_hashes=3, full_hashes=1, body_hashes=1"
exact_cluster_0de186f74ec3557d,exact_normalized_full,3,email_ecac3b142443f4cc3c29a0fa1e8f8e16,enron,email_2982f3913fe318dae8527861f3c00ac0|email_a9434b9ab1682ebdf57b283d42dbcf9d|email_ecac3b142443f4cc3c29a0fa1e8f8e16,"raw_hashes=3, full_hashes=1, body_hashes=1"
exact_cluster_f6dae5e02cdf3a05,exact_normalized_full,3,email_97d8b69fc20869e9a350e18869cb168a,enron,email_97d8b69fc20869e9a350e18869cb168a|email_bcfa253cc5f820878856cbfb4cb3a070|email_ded6a8de8f51f9be0784fa4a2c3104bf,"raw_hashes=3, full_hashes=1, body_hashes=1"
exact_cluster_3f3748c3855e9863,exact_normalized_full,3,email_eecf8a0ee57537915caedac184fdcbbd,enron,email_50c244745259d490a6e0f8c0b0e63bd2|email_67ebf9a79065f4f9bfb023565736baca|email_eecf8a0ee57537915caedac184fdcbbd,"raw_hashes=3, full_hashes=1, body_hashes=1"
exact_cluster_5d8b837847528dd6,exact_normalized_full,3,email_d5b004a1f7c6f23028e263531820fc80,enron,email_1f562178d70d3b8fdc82d92ff0cb4e29|email_9c2c7bfa8ea6532eaa97a5618c0c1feb|email_d5b004a1f7c6f23028e263531820fc80,"raw_hashes=3, full_hashes=1, body_hashes=1"
exact_cluster_6ca7dc745b99bd5a,exact_normalized_full,3,email_9a40d243ee12e2bab58ddcd3edb8674a,enron,email_420aec0502287fbb04fea9cd138961da|email_9a40d243ee12e2bab58ddcd3edb8674a|email_cd849b1322ed709b0a43abaec16931c6,"raw_hashes=3, full_hashes=1, body_hashes=1"
exact_cluster_e6dd85ff20fc2cca,exact_normalized_full,3,email_a1fdd75e8a431da9b1f2f64d0a947e9b,enron,email_08a76a7f807d08499d9ca8cbfe1519fa|email_a1fdd75e8a431da9b1f2f64d0a947e9b|email_c99ad6fd0946e9bc03ce2030caa89e18,"raw_hashes=3, full_hashes=1, body_hashes=1"
exact_cluster_084550c0cacd92f2,exact_normalized_full,3,email_6d5df4194187a88007e33a3d13678ba2,enron,email_668a88a53bdbf87cdb78b00c27e49ec8|email_6d5df4194187a88007e33a3d13678ba2|email_7a1d14d9d35e27ccb5757e507a07d204,"raw_hashes=3, full_hashes=1, body_hashes=1"
exact_cluster_0b20b48685a02445,exact_normalized_full,3,email_30080934fbd614962e53ee2b0a3d99aa,enron,email_30080934fbd614962e53ee2b0a3d99aa|email_37141725893dd80461fe2e723c62604c|email_d5d9eac94d242e0c6f483925104e8240,"raw_hashes=3, full_hashes=1, body_hashes=1"
exact_cluster_38bdcf2a2f70bb82,exact_normalized_full,2,email_e7a35d6864226c7dd07405674b947646,enron,email_95c5f6b5ebd9c49304109a03dc2ee186|email_e7a35d6864226c7dd07405674b947646,"raw_hashes=2, full_hashes=1, body_hashes=1"
exact_cluster_41d2ba4594e2c0c0,exact_normalized_full,3,email_b9af08b041e861483dedfc487d29e61a,enron,email_5ee4c290b6c7905e6e47cc2c390a3518|email_b78d4cccf820b875a25433bb70acd1e8|email_b9af08b041e861483dedfc487d29e61a,"raw_hashes=3, full_hashes=1, body_hashes=1"
exact_cluster_5f761066cdbfca80,exact_normalized_full,3,email_595b234d75f1d4eaab5d73b907a32e73,enron,email_595b234d75f1d4eaab5d73b907a32e73|email_8cdb5d7e67deed605a56432c971abe67|email_d50aef9d3775622d3fa2656a3a2eaa71,"raw_hashes=3, full_hashes=1, body_hashes=1"
exact_cluster_3e590cc895072ff4,exact_normalized_full,3,email_dd9e09cf5e8f361a91717b5a30da00b5,enron,email_3e18cdcb52fb835c92ba665f43c919de|email_b5402fca573c0eb2cefc9fda63dde28f|email_dd9e09cf5e8f361a91717b5a30da00b5,"raw_hashes=3, full_hashes=1, body_hashes=1"
exact_cluster_7fe9e16d55f33b98,exact_normalized_full,3,email_81be0ee9ce46a583a48ff5b98d005ad7,enron,email_4d7b39f35723ef74e9044dd6e2e81a12|email_81be0ee9ce46a583a48ff5b98d005ad7|email_cc65c715086b3bd1cb458b1ca62ed76b,"raw_hashes=3, full_hashes=1, body_hashes=1"
exact_cluster_ffdfce9a0ec6350a,exact_normalized_full,3,email_242e3ebc046d16f0b36b81ac435a27bb,enron,email_242e3ebc046d16f0b36b81ac435a27bb|email_6220807fd721852f186880b2b04c39c9|email_6ceb3d7d9ddaadf811e2607b8c771a72,"raw_hashes=3, full_hashes=1, body_hashes=1"
exact_cluster_219c0554c405a30a,exact_normalized_full,3,email_ac592f6ae9a770b83fb7365af15cea8b,enron,email_91a90334257391f46313e8d78d56b5cf|email_ac592f6ae9a770b83fb7365af15cea8b|email_ea2c93ffc2e6563ed8e90fa337e496f8,"raw_hashes=3, full_hashes=1, body_hashes=1"
exact_cluster_7da9bbd62d462c4c,exact_normalized_full,3,email_0a59b601d16a8d7c20dc4fe1460f3fa2,enron,email_0a59b601d16a8d7c20dc4fe1460f3fa2|email_1c7dda07ef0056f63081931c418099a2|email_27a1f843bcfd3b1a3a81b8622cf2ad05,"raw_hashes=3, full_hashes=1, body_hashes=1"
exact_cluster_aa45b4e4a0de4f9c,exact_normalized_full,3,email_e6a2bbde2634aa532137319c8dc557e3,enron,email_9389b5577c1eb6a3c04ffede8f20c98a|email_e6a2bbde2634aa532137319c8dc557e3|email_e7bc2875fcaa0402391382a1a2f4a4ca,"raw_hashes=3, full_hashes=1, body_hashes=1"
exact_cluster_4159d37e11a8d72a,exact_normalized_full,3,email_34c178e3d4de23765517f076980d1c34,enron,email_34c178e3d4de23765517f076980d1c34|email_4e0c1ce3ccb2d090050b35acfb87f106|email_9fc0619a3f6a70b3ee64118364f19301,"raw_hashes=3, full_hashes=1, body_hashes=1"
exact_cluster_44cab163c08da61b,exact_normalized_full,3,email_da4b806fc2d7eaacd5f73069834d96d4,enron,email_1b10bc0b7c1c4c16af19e1c954dfc632|email_1feb94dc0c80562a4574666481fe56b7|email_da4b806fc2d7eaacd5f73069834d96d4,"raw_hashes=3, full_hashes=1, body_hashes=1"
exact_cluster_cb376489e27028bd,exact_normalized_full,2,email_b207b07682821a7208f9da4e19040930,enron,email_b207b07682821a7208f9da4e19040930|email_bd15ed415adafef1e4ccfbf9d0f95159,"raw_hashes=2, full_hashes=1, body_hashes=1"
exact_cluster_206488cf35bbeda6,exact_normalized_full,3,email_44471b20fa668ce9bd2803e237e98c13,enron,email_44471b20fa668ce9bd2803e237e98c13|email_911d84aed468f0f7761cf0ebccce530c|email_d6a6d1f7775a59431c2fa08018314d12,"raw_hashes=3, full_hashes=1, body_hashes=1"
exact_cluster_a2c422e454d4bd98,exact_normalized_full,3,email_a26ebaef42d3f3b4d3928eca6b062aaa,enron,email_00de8114405a34fc021b0bbcf587234f|email_a26ebaef42d3f3b4d3928eca6b062aaa|email_e6ab8f6528095d819d43d533e704c9cc,"raw_hashes=3, full_hashes=1, body_hashes=1"
exact_cluster_c921be3e755ddbc1,exact_normalized_full,3,email_04a5fec627d4616fcb17dfe3c8ad2500,enron,email_04a5fec627d4616fcb17dfe3c8ad2500|email_2bc4d62b8a16ade8e09fb977b4ae8714|email_563de74a0f4d9cbe4d767b58b8116e15,"raw_hashes=3, full_hashes=1, body_hashes=1"
exact_cluster_94b4d91b8fa56a3e,exact_normalized_full,4,email_7e86baa436dd044e223aed94639230f5,enron,email_45db101c6337947e1953d6baff9ca404|email_7e86baa436dd044e223aed94639230f5|email_a1c8be5bdeff0775de5ca8b3545d821b|email_baf0769654395cd2fcdfc7bb2e8f18bc,"raw_hashes=4, full_hashes=1, body_hashes=1"
exact_cluster_0d313dd8bae98624,exact_normalized_full,4,email_2ca840fc6989d7ee71e323b8e18d7a59,enron,email_1ec7befafd57b542300681e95eeacaa8|email_2ca840fc6989d7ee71e323b8e18d7a59|email_6a995ae075961c870cd66f411d67ad88|email_8fe99f1928386d3fd4080f4956688965,"raw_hashes=4, full_hashes=1, body_hashes=1"
exact_cluster_c7a3dbd827028f26,exact_normalized_full,3,email_15b7bb439733cad97fc189885199b7d3,enron,email_15b7bb439733cad97fc189885199b7d3|email_17b03f083556155f35a883c686dbef14|email_fc9c5ae4b4f915d2ca906207a834f427,"raw_hashes=3, full_hashes=1, body_hashes=1"
exact_cluster_5d6c3b8bcfe52164,exact_normalized_full,3,email_4004fefbaa02164a1eefa37773c3d0be,enron,email_4004fefbaa02164a1eefa37773c3d0be|email_7ae273af7136f150c6ff7f3a1667458c|email_c656fa33699acb5ddc50a32abed8e0e3,"raw_hashes=3, full_hashes=1, body_hashes=1"
exact_cluster_bbb32bf25d0d7fc1,exact_normalized_full,3,email_069349fa7f9c544906add6b2df587d76,enron,email_069349fa7f9c544906add6b2df587d76|email_18f0b457f15b474db5b4bffd6853c922|email_9ea4559ac304e3ebd2217980702861b4,"raw_hashes=3, full_hashes=1, body_hashes=1"
exact_cluster_0d3ef7706c61e5ce,exact_normalized_full,3,email_15901c2e2d5d23b2fc8a42ddf64c8283,enron,email_15901c2e2d5d23b2fc8a42ddf64c8283|email_381cc99f4c8c31635aec8019ff3d6bcc|email_3d7ea15d389704a28af2ed8c6bbf0b6d,"raw_hashes=3, full_hashes=1, body_hashes=1"
exact_cluster_c5db4fb322374d17,exact_normalized_full,3,email_ed6ba6843ec8af0ed6586ca45b75168c,enron,email_69a19fd9bb3909ee76ca0fd53116a961|email_b0f8683ccefcb6618b97ef4b21920f0f|email_ed6ba6843ec8af0ed6586ca45b75168c,"raw_hashes=3, full_hashes=1, body_hashes=1"
exact_cluster_ddde4ebfc5625666,exact_normalized_full,3,email_a782b5741eeb2d71b1558e92b3ab3789,enron,email_337f7ba31cb8df9c4eedb957953df43e|email_a782b5741eeb2d71b1558e92b3ab3789|email_d923629af7072c5f31e7f07897ad450f,"raw_hashes=3, full_hashes=1, body_hashes=1"
exact_cluster_65e5a6443b47b4a2,exact_normalized_full,3,email_0e97548c3a5a9fddf32806bc806cb97e,enron,email_0e97548c3a5a9fddf32806bc806cb97e|email_bc30c09465177bd1d4d281e3d7e7cc23|email_ff8ed97a1ca3e019e63c56413d46793a,"raw_hashes=3, full_hashes=1, body_hashes=1"
exact_cluster_b06c8a9e4e59db0b,exact_normalized_full,3,email_986271a785c2ecb7d756b7f549adc24f,enron,email_8060847317579b811efba1fca2ccabcf|email_986271a785c2ecb7d756b7f549adc24f|email_b1869a5f761ba6fc8a08353a0a89d32f,"raw_hashes=3, full_hashes=1, body_hashes=1"
exact_cluster_b27e81a57826b1d1,exact_normalized_full,3,email_0c4b278a3b186970a80e1ad8131cab8c,enron,email_0c4b278a3b186970a80e1ad8131cab8c|email_3caed1a5b670f39cea3316badbfdc109|email_d8a8b1c193a93f791cf7cbe9821c4a03,"raw_hashes=3, full_hashes=1, body_hashes=1"
exact_cluster_896ebcbf053e5400,exact_normalized_full,2,email_7a86821e32e737733a5d444deb13ee67,enron,email_7a86821e32e737733a5d444deb13ee67|email_e7ccba63e3c5643dd12e06457d05e3d3,"raw_hashes=2, full_hashes=1, body_hashes=1"
exact_cluster_d1d8160f35e22132,exact_normalized_full,2,email_4471c5aa9d98de2f352a838005a87e2b,enron,email_4471c5aa9d98de2f352a838005a87e2b|email_afef684f3ae6016fd1efda3193c230fe,"raw_hashes=2, full_hashes=1, body_hashes=1"
exact_cluster_39ac49221acdab3a,exact_normalized_full,3,email_0912fb1abdcc70ca0c5884b4008ee299,enron,email_0912fb1abdcc70ca0c5884b4008ee299|email_bf08d10e6e9d034a701d568ed0ef607f|email_c10bc0c2ce60c424089cb9e63b881bb9,"raw_hashes=3, full_hashes=1, body_hashes=1"
exact_cluster_d87df8b8c59387ac,exact_normalized_full,3,email_b2183e54692d499f348b6ad5fa21855e,enron,email_59ef9191a0d50a02416a8a5db982c7bd|email_a53df64cfd235bedafac3b58a6e7310f|email_b2183e54692d499f348b6ad5fa21855e,"raw_hashes=3, full_hashes=1, body_hashes=1"
exact_cluster_533fb79a01fb07df,exact_normalized_full,3,email_94f0c1d70a06f435ff3ed3d92f2a712d,enron,email_82c62abf7cb24272ad1491d1cf12eaf9|email_898c40001aa8eca808aa54e2f261cb0f|email_94f0c1d70a06f435ff3ed3d92f2a712d,"raw_hashes=3, full_hashes=1, body_hashes=1"
exact_cluster_62583fe55c2ae8d0,exact_normalized_full,3,email_94de9f1a680c49b08895865e1912b6d8,enron,email_10c979e0ae9a6c5315a6225bef813ede|email_5c85d6a7ceeae6cd1a4e6b9540f5a8e7|email_94de9f1a680c49b08895865e1912b6d8,"raw_hashes=3, full_hashes=1, body_hashes=1"
exact_cluster_c2f02fd1cae6e1e5,exact_normalized_full,3,email_bb214df1191217777e947b499c637627,enron,email_306288d8a2b9543668ace7fbbb703407|email_bb214df1191217777e947b499c637627|email_cb51c6ad32a16402cfc9c2a399c3ee97,"raw_hashes=3, full_hashes=1, body_hashes=1"
exact_cluster_932aa8eb7dfa4ed6,exact_normalized_full,3,email_0206b86cd9ea093a23824b98f60fb641,enron,email_0206b86cd9ea093a23824b98f60fb641|email_877a61ceae56e172971879388185e25f|email_bad056c22fe88f372bb369a7c89d47ff,"raw_hashes=3, full_hashes=1, body_hashes=1"
exact_cluster_98b046a476fa34f5,exact_normalized_full,3,email_493db35bf0bb97af0dd55972704a858d,enron,email_493db35bf0bb97af0dd55972704a858d|email_c683faa7a0388fe7a4918fd3e5d7c428|email_e7debf212b01a62ae524536567012f45,"raw_hashes=3, full_hashes=1, body_hashes=1"
exact_cluster_d92ee5a08d487777,exact_normalized_full,3,email_24263e9e19b6fdbfecdc596941d8f3c2,enron,email_24263e9e19b6fdbfecdc596941d8f3c2|email_62b480c8cd4b185d0deb03837a73e625|email_8ee964914bce1dcbac1c3ba8418ea6fd,"raw_hashes=3, full_hashes=1, body_hashes=1"
exact_cluster_b220e5b193450294,exact_normalized_full,3,email_42989031ae94cbbe00f2dabab470e003,enron,email_42989031ae94cbbe00f2dabab470e003|email_8b899cc45cd1af88662f2855af61db20|email_ac6a2151f558dcce5a3efcb53baa2a5e,"raw_hashes=3, full_hashes=1, body_hashes=1"
exact_cluster_721ba409497e7180,exact_normalized_full,3,email_79e66333ed816eae1b62ef4ed0a1a315,enron,email_79e66333ed816eae1b62ef4ed0a1a315|email_ad903d263760d34ebff92e30d2c82c91|email_fa425b856d062791660ac76dc2c2056d,"raw_hashes=3, full_hashes=1, body_hashes=1"
exact_cluster_ac433cee9efc9888,exact_normalized_full,3,email_5498a5b85e441046696cfb3dede6f2ec,enron,email_5498a5b85e441046696cfb3dede6f2ec|email_9623293f87eb067065b6e73774966099|email_e60e6bae1c420f69f7fedc165114bf82,"raw_hashes=3, full_hashes=1, body_hashes=1"
exact_cluster_cd097a2f4c352c00,exact_normalized_full,3,email_a73faf8638e10eeecb0e06db756c753b,enron,email_96ff26ee6fc7c0bb7a76281ca368ae47|email_a2bfd1dab8d671eb28aa7f5a7fc1c059|email_a73faf8638e10eeecb0e06db756c753b,"raw_hashes=3, full_hashes=1, body_hashes=1"
exact_cluster_f47795e381b55c6a,exact_normalized_full,3,email_69d22f2aa0844b1c4dd9c1d653ab29e5,enron,email_4eafc7fa8ab9cc301457efdf800b4171|email_667b03f3b39d5a463eca63fcea67945e|email_69d22f2aa0844b1c4dd9c1d653ab29e5,"raw_hashes=3, full_hashes=1, body_hashes=1"
exact_cluster_f54c195ff6135fc4,exact_normalized_full,3,email_f2253f6d21a10d0b142d0f5fbc3de999,enron,email_198ecf98c620d8f67cf50c5d5a38f4be|email_56be6816847f612f2c0e2169d634898a|email_f2253f6d21a10d0b142d0f5fbc3de999,"raw_hashes=3, full_hashes=1, body_hashes=1"
exact_cluster_2079871a5ed8ed89,exact_normalized_full,3,email_50ad352026dc4f3488f3306920772e14,enron,email_50ad352026dc4f3488f3306920772e14|email_775f20b04e295fe1ed61f62004d799bd|email_cd7b4de2a980985ca526a5c45812f115,"raw_hashes=3, full_hashes=1, body_hashes=1"
exact_cluster_4bcc6d57867d95dd,exact_normalized_full,3,email_a66fdb04c27bc1d445aa3aa17839e9c1,enron,email_8ea04efc909e84af01e5e2c6c802c7ce|email_a66fdb04c27bc1d445aa3aa17839e9c1|email_dfd4cadc284474df5e4b2d6f2e00cbfb,"raw_hashes=3, full_hashes=1, body_hashes=1"
exact_cluster_624c5debdaf0766c,exact_normalized_full,3,email_a77c503555ed3082a71347dd6177309b,enron,email_a77c503555ed3082a71347dd6177309b|email_f119ac5614e50f411ec22799cae9b2fa|email_fa9bd5c71d5149a887dfa2ca1dfa8ad3,"raw_hashes=3, full_hashes=1, body_hashes=1"
exact_cluster_95e192748f63707c,exact_normalized_full,3,email_8c146efb1abe0bdd027f78132a73339a,enron,email_087d5710688af0335a1ccb9facd7c318|email_1fbbdefa2342f103ad7c18ce47547b83|email_8c146efb1abe0bdd027f78132a73339a,"raw_hashes=3, full_hashes=1, body_hashes=1"
exact_cluster_ab35a3d38826f251,exact_normalized_full,3,email_11da5f47da7ab23ec96b9661a9fb42c1,enron,email_11da5f47da7ab23ec96b9661a9fb42c1|email_24542632e1d8457f722b819cbbf35b30|email_ba99c4c20d6d59a84436340afae2fd4f,"raw_hashes=3, full_hashes=1, body_hashes=1"
exact_cluster_b70a9e9a48d2a763,exact_normalized_full,3,email_0d685e4c27362f19df542d554afa5d04,enron,email_0d685e4c27362f19df542d554afa5d04|email_162acb1ee627405d44464723716dd4d7|email_c73cb23a304b53b24f80fcf0e5d9f7d0,"raw_hashes=3, full_hashes=1, body_hashes=1"
exact_cluster_6ab6fb184649754a,exact_normalized_full,3,email_597177394a569e3f02a4605b4783b7f7,enron,email_0762dbbaafea35cd40e33dcd646dd242|email_3ae08e4e0cd6b041332ce8bd1472be29|email_597177394a569e3f02a4605b4783b7f7,"raw_hashes=3, full_hashes=1, body_hashes=1"
exact_cluster_f63af0d967d55e89,exact_normalized_full,3,email_9d81d09bfac2ca1d8e10a3cc02cb0869,enron,email_26bc049dceebb121c54f8a02d692ed77|email_7f9f7ec13f4971ea3f5382405a5d8e2a|email_9d81d09bfac2ca1d8e10a3cc02cb0869,"raw_hashes=3, full_hashes=1, body_hashes=1"
exact_cluster_524ef6064c225ad7,exact_normalized_full,3,email_3a8b25ece7def75aa276631573a71798,enron,email_1124fbda9db92c4c5db53b3b94a1cca2|email_3a8b25ece7def75aa276631573a71798|email_d94235d7e197ed342e1968ebb90293c7,"raw_hashes=3, full_hashes=1, body_hashes=1"
exact_cluster_c386896d7626c44d,exact_normalized_full,3,email_6d6e18fed5e3c1644264867ff45f3a3a,enron,email_4281d44dffa606a08608e2f4047b7263|email_6d6e18fed5e3c1644264867ff45f3a3a|email_f0b0df477d8757a40cd4682ba6a6483d,"raw_hashes=3, full_hashes=1, body_hashes=1"
exact_cluster_b6641b982538de3a,exact_normalized_full,3,email_3f87a73c68be4409ed629ba0db5007ff,enron,email_361bf697bf71817c5ae4e3b453e11686|email_3f87a73c68be4409ed629ba0db5007ff|email_c1888c951071807b5e1deba2e896a289,"raw_hashes=3, full_hashes=1, body_hashes=1"
exact_cluster_fd4a71394e322529,exact_normalized_full,3,email_f9a4216352961ee05f72d1bde8850b33,enron,email_9cbdb06d59c2134b016ec06e26d831e3|email_b38de04560ea8411a527fd0e7d10a23c|email_f9a4216352961ee05f72d1bde8850b33,"raw_hashes=3, full_hashes=1, body_hashes=1"
exact_cluster_bf33735f2ab123ab,exact_normalized_full,3,email_1f52ea6de63b694d13af4c6b0e373b62,enron,email_1f52ea6de63b694d13af4c6b0e373b62|email_2647c6962dc95f85323f090ec95392d5|email_4f430a024321a6127b111e5fb1dfaacd,"raw_hashes=3, full_hashes=1, body_hashes=1"
exact_cluster_0b86e3fc91e6b412,exact_normalized_full,3,email_fe83f48b2b23c42ceed5ff0b1124924f,enron,email_0041a0e35f43cb2a8ea35af4bd6c6fa0|email_43835519ced7220cb8a8fb599775f555|email_fe83f48b2b23c42ceed5ff0b1124924f,"raw_hashes=3, full_hashes=1, body_hashes=1"
exact_cluster_dd80f9e4ef123048,exact_normalized_full,3,email_88f3a9a48ff1080e69976f49cba0c0c4,enron,email_1b577ac7d82d77b54859ad4838c2fc41|email_88f3a9a48ff1080e69976f49cba0c0c4|email_ee8498d0e4646ac00a7aa565227d7dbe,"raw_hashes=3, full_hashes=1, body_hashes=1"
exact_cluster_1fda553ca9582e87,exact_normalized_full,3,email_3f7af5e5f3327ba75b53a9d7baccdd8d,enron,email_3f7af5e5f3327ba75b53a9d7baccdd8d|email_878b72a19b6a688dc7eb73afe0d720c3|email_bc3a751d4a4be0729b82e43ff32fe2e7,"raw_hashes=3, full_hashes=1, body_hashes=1"
exact_cluster_3eeae4d56a0e68a6,exact_normalized_full,3,email_0a255c3525e820a32b2f0b875294327d,enron,email_0a255c3525e820a32b2f0b875294327d|email_43380d9d3ab7c19828a7af029f8d4156|email_4d5fbbc8986ace9c98c9a06f817981c7,"raw_hashes=3, full_hashes=1, body_hashes=1"
exact_cluster_4762d443bc845075,exact_normalized_full,3,email_292f53d4f5340a838bde9ac72c4a8d3f,enron,email_292f53d4f5340a838bde9ac72c4a8d3f|email_519270cafee62cd20ce08344c46f099b|email_7016fbbbc0f4195c912e83e54f299b4e,"raw_hashes=3, full_hashes=1, body_hashes=1"
exact_cluster_312d730f6f096628,exact_normalized_full,3,email_5bf1d17794605401d5613a195d235249,enron,email_5088adba09d29df940d3beca87061803|email_5bf1d17794605401d5613a195d235249|email_90ac1bf546b1712df9dcd375d188ddb9,"raw_hashes=3, full_hashes=1, body_hashes=1"
exact_cluster_2bbf139060589d72,exact_normalized_full,3,email_563de281714267fd072a582b9a5bf9ce,enron,email_537469fc52b8909df98d77f2933bcf0c|email_563de281714267fd072a582b9a5bf9ce|email_aed2c1c0b04a2ddf8f457d5cc048ab9a,"raw_hashes=3, full_hashes=1, body_hashes=1"
exact_cluster_bce16c7f65b50885,exact_normalized_full,3,email_0ac17e729e8cd53aa1d2fd75eb9d6bc3,enron,email_0ac17e729e8cd53aa1d2fd75eb9d6bc3|email_2031bd1f9c8530af6a3b14510bc452b3|email_a0b0f5dc43c9878f7a2c7a6edd6977d4,"raw_hashes=3, full_hashes=1, body_hashes=1"
exact_cluster_688478e0a1dcd1ec,exact_normalized_full,3,email_9be7b48645c159c3b0fbff54493b8bee,enron,email_1435fde405b41df295ffd30bcfbc29ac|email_963d16e3a9d44a717ae00f1f41e8b146|email_9be7b48645c159c3b0fbff54493b8bee,"raw_hashes=3, full_hashes=1, body_hashes=1"
exact_cluster_e9dfad00021c8f28,exact_normalized_full,3,email_06bd3f343e6baf8b963dfc627beddcf0,enron,email_06bd3f343e6baf8b963dfc627beddcf0|email_b17950f585509f50996ecd2f1c787ebb|email_c3668f3966dc98807abfe3e6f8b1e0bf,"raw_hashes=3, full_hashes=1, body_hashes=1"
exact_cluster_c8fd9f29ed882c22,exact_normalized_full,3,email_d0d7fc35e6c3a3dd221074c524710615,enron,email_149bb40640ce23cc0d1276914778d0b1|email_7c460a559a98cb990128978771c92978|email_d0d7fc35e6c3a3dd221074c524710615,"raw_hashes=3, full_hashes=1, body_hashes=1"
exact_cluster_549525f3c8e1fd4f,exact_normalized_full,3,email_01291e0ef9cd33f7a30d02b35e11ee24,enron,email_01291e0ef9cd33f7a30d02b35e11ee24|email_0f1375d4415d305325bde73001ff34f9|email_382810cbcb77358edf20533094219b24,"raw_hashes=3, full_hashes=1, body_hashes=1"
exact_cluster_0a23b731cbf5fbe5,exact_normalized_full,3,email_0a1040ec44a44b9808e9a0b15e77f187,enron,email_0a1040ec44a44b9808e9a0b15e77f187|email_2a7b6657146a7ca3ca060c2a90ca7e21|email_a355eef1efb16eb27715ce0051580c6c,"raw_hashes=3, full_hashes=1, body_hashes=1"
exact_cluster_98e1d094ddb633bd,exact_normalized_full,2,email_a34cc67957a91745748203c3af53204a,enron,email_91807195a0cb73c814f2c2d456dd17a0|email_a34cc67957a91745748203c3af53204a,"raw_hashes=2, full_hashes=1, body_hashes=1"
exact_cluster_85e409df985043c6,exact_normalized_full,3,email_a185de0e13da03e837cdb2f992b1dc50,enron,email_a185de0e13da03e837cdb2f992b1dc50|email_c607be8707c6c66d4ff91f4b411eadd3|email_f3b2c30ad3054fd95ff2d889ac8c9cfe,"raw_hashes=3, full_hashes=1, body_hashes=1"
exact_cluster_b178aa290fa11e06,exact_normalized_full,3,email_d16cd5922931365b852d73dcbc39cadd,enron,email_4791135ff7d8bb2e6b249f51f3fcd74f|email_5783b5a56fb233707223dfbb39f5bc69|email_d16cd5922931365b852d73dcbc39cadd,"raw_hashes=3, full_hashes=1, body_hashes=1"
exact_cluster_fcc4d298f5347c16,exact_normalized_full,3,email_b16abfc273ac9cfe52ca6906abe2393a,enron,email_45a0d69af74ef0ebdf32385ae497e58c|email_b16abfc273ac9cfe52ca6906abe2393a|email_bbeb14d09a32e961bdf190bc8ad85bc0,"raw_hashes=3, full_hashes=1, body_hashes=1"
exact_cluster_423338f08878385a,exact_normalized_full,3,email_dcd9508e085f07730e9bf6e82cd37490,enron,email_dcd9508e085f07730e9bf6e82cd37490|email_ed749c0c08477bfaf4921e93f0524fec|email_fa958d091af0670b4aacd79c33405a00,"raw_hashes=3, full_hashes=1, body_hashes=1"
exact_cluster_4e4ef9a19b411bd1,exact_normalized_full,3,email_f6e30e25b30ee6d3a46ce297cd741e66,enron,email_8af8d04f9478cec69f957f06358fdb34|email_e83f6e87388fe7b152d27b60a1ea2c47|email_f6e30e25b30ee6d3a46ce297cd741e66,"raw_hashes=3, full_hashes=1, body_hashes=1"
exact_cluster_68c5bc9abfab061c,exact_normalized_full,2,email_527e670f4da692eaa9c0d08333cfd112,enron,email_527e670f4da692eaa9c0d08333cfd112|email_dff67b405d8342e4b840cc38f754a29b,"raw_hashes=2, full_hashes=1, body_hashes=1"
exact_cluster_5d4494ff73eb593c,exact_normalized_full,2,email_2f8931ebc39fb5e5b0b641bd106a269c,enron,email_2f8931ebc39fb5e5b0b641bd106a269c|email_7e3d956dbef0e24b5590f796d3fbee6c,"raw_hashes=2, full_hashes=1, body_hashes=1"
exact_cluster_6e62afd6d99efa33,exact_normalized_full,2,email_8e422c1391853fe6f798f91afd92e8c3,enron,email_8e422c1391853fe6f798f91afd92e8c3|email_f82c9280b10c72b70f493f02586ac5f7,"raw_hashes=2, full_hashes=1, body_hashes=1"
exact_cluster_7d1e3fbfd5e03c48,exact_normalized_full,2,email_1225472f8051763a5bea89fd64cadfed,enron,email_1225472f8051763a5bea89fd64cadfed|email_d1ba51d97708663b64fc237e5b74c90a,"raw_hashes=2, full_hashes=1, body_hashes=1"
exact_cluster_df7bf4a6a940f49b,exact_normalized_full,2,email_4232ce25e8009d852e7c7c660458a1bf,enron,email_4232ce25e8009d852e7c7c660458a1bf|email_718617e50836a130d15b09409c70049e,"raw_hashes=2, full_hashes=1, body_hashes=1"
exact_cluster_eeb83bdc52f51174,exact_normalized_full,2,email_a8acc85cb2623781b22c179eb3343503,enron,email_a4a300de0a72accd8b1a8fdbd7abf125|email_a8acc85cb2623781b22c179eb3343503,"raw_hashes=2, full_hashes=1, body_hashes=1"
exact_cluster_a5979608fb2f9fc0,exact_normalized_full,2,email_6036c2459c0358b4961f9e6107199307,enron,email_10decc4af641345b6260270a858259f7|email_6036c2459c0358b4961f9e6107199307,"raw_hashes=2, full_hashes=1, body_hashes=1"
exact_cluster_042b5ed1e3982134,exact_normalized_full,2,email_fa1793e0591803edc5144c84ae06e068,enron,email_6c5d514e9fd61f672b4f9bcf28806e10|email_fa1793e0591803edc5144c84ae06e068,"raw_hashes=2, full_hashes=1, body_hashes=1"
exact_cluster_50f7f0d109c0ebb7,exact_normalized_full,2,email_7f02b47492022428d125da6316aa83fd,enron,email_7f02b47492022428d125da6316aa83fd|email_fa6edf844b70eb39808abf1ff4f6f0d6,"raw_hashes=2, full_hashes=1, body_hashes=1"
exact_cluster_162fadf91ce70a9a,exact_normalized_full,2,email_791ed1f03a725c3398a93906141c5e10,enron,email_791ed1f03a725c3398a93906141c5e10|email_f54aef3484af5ccccabdcaeddbe586f9,"raw_hashes=2, full_hashes=1, body_hashes=1"
exact_cluster_8d4a6f2e07d18261,exact_normalized_full,2,email_1f47bcd1f9a5c6ef7bfe7563f2185130,enron,email_1f47bcd1f9a5c6ef7bfe7563f2185130|email_6247b76e65ac17789f3f62ff4744f4dd,"raw_hashes=2, full_hashes=1, body_hashes=1"
exact_cluster_4cb966460a03bca0,exact_normalized_full,2,email_c56336078c8ba05e80058c9dfdd5db21,enron,email_1791c04ff1e9d646f5ede7232ec01d47|email_c56336078c8ba05e80058c9dfdd5db21,"raw_hashes=2, full_hashes=1, body_hashes=1"
exact_cluster_60f31ef20faeb320,exact_normalized_full,2,email_5e39417c8726492968b1cb1a898af81d,enron,email_5e39417c8726492968b1cb1a898af81d|email_b2089bde7a495d1bb4802fcf4b428801,"raw_hashes=2, full_hashes=1, body_hashes=1"
exact_cluster_1bacf6cecf7c4e74,exact_normalized_full,2,email_f6d32c531a1c1ee6e9e24dfdd6f5f35d,enron,email_170105c8ec8db5d421b5c6847fd2174d|email_f6d32c531a1c1ee6e9e24dfdd6f5f35d,"raw_hashes=2, full_hashes=1, body_hashes=1"
exact_cluster_be59083c030eb081,exact_normalized_full,2,email_0f2ef4c75f76dd341e2a43e545ded259,enron,email_0f2ef4c75f76dd341e2a43e545ded259|email_b3d9e4a0a706571d44d531489f9e4369,"raw_hashes=2, full_hashes=1, body_hashes=1"
exact_cluster_312ecb26fea8dcb6,exact_normalized_full,2,email_54ef4c2e04e6f329743d48860faf70b6,enron,email_54ef4c2e04e6f329743d48860faf70b6|email_75cb472b108102d134ae12070b868260,"raw_hashes=2, full_hashes=1, body_hashes=1"
exact_cluster_1e15567fc600cdad,exact_normalized_full,2,email_40e2b32086d0d59ac6fbfc2bd6298a31,enron,email_40e2b32086d0d59ac6fbfc2bd6298a31|email_8276cfe95d1b078a1bb2e8cdf35a20ea,"raw_hashes=2, full_hashes=1, body_hashes=1"
exact_cluster_b8fa6e4c4831976e,exact_normalized_full,2,email_01b52d2455b1f1c1ea62fd85863e10a6,enron,email_01b52d2455b1f1c1ea62fd85863e10a6|email_87cfb011db174645431450278c3513b2,"raw_hashes=2, full_hashes=1, body_hashes=1"
exact_cluster_6c59b005a0fc623b,exact_normalized_full,2,email_caa1bad2c48dc2af168dc77629fc65e5,enron,email_36e55c352bd2dc10dcf70ce9b70cc298|email_caa1bad2c48dc2af168dc77629fc65e5,"raw_hashes=2, full_hashes=1, body_hashes=1"
exact_cluster_984e853fd1bab07a,exact_normalized_full,2,email_9d811d8e2165f99a339168d66ac2f11b,enron,email_9d811d8e2165f99a339168d66ac2f11b|email_a4aec0ad6aeccc43cfefec1a45c71b11,"raw_hashes=2, full_hashes=1, body_hashes=1"
exact_cluster_f727eedc892166d4,exact_normalized_full,2,email_1b77ad46c25802bb01a6f35ea01d4f94,enron,email_1b77ad46c25802bb01a6f35ea01d4f94|email_8d21aaeb16c510469296d76a80eb5335,"raw_hashes=2, full_hashes=1, body_hashes=1"
exact_cluster_314484b6bdc3bc6a,exact_normalized_full,2,email_ae7f68e43a6bd7b38ccb83737d9c311e,enron,email_839226a4527c47b6f62925bea8bc8d4f|email_ae7f68e43a6bd7b38ccb83737d9c311e,"raw_hashes=2, full_hashes=1, body_hashes=1"
exact_cluster_3edc2f540ea67945,exact_normalized_full,2,email_e9b1ee3f81110fc15ce8f6cf62eeef02,enron,email_129884ea49a0308a5592bc19e2e93a22|email_e9b1ee3f81110fc15ce8f6cf62eeef02,"raw_hashes=2, full_hashes=1, body_hashes=1"
exact_cluster_f48346eb15750916,exact_normalized_full,2,email_ee856c0c1e43798835e2f20a0f7c17ff,enron,email_e8204560b44602340f9946a95f9c3b6a|email_ee856c0c1e43798835e2f20a0f7c17ff,"raw_hashes=2, full_hashes=1, body_hashes=1"
exact_cluster_15af7e16215d82a6,exact_normalized_full,2,email_7f83afecb58336e2d73e56eff237b30d,enron,email_7f83afecb58336e2d73e56eff237b30d|email_bfc648f1bf53ee663255e598438b03c2,"raw_hashes=2, full_hashes=1, body_hashes=1"
exact_cluster_00b410b7502c2193,exact_normalized_full,2,email_a874e4e9c4f3591d334c623c17f85140,enron,email_a874e4e9c4f3591d334c623c17f85140|email_f46282b53e2d776f5f2034ecbbf829f0,"raw_hashes=2, full_hashes=1, body_hashes=1"
exact_cluster_e062b6382ed8a787,exact_normalized_full,2,email_ee3914e0a89fe75979c70af32cbec02f,enron,email_7ade37d8e7d390acb7a2fd9687780c61|email_ee3914e0a89fe75979c70af32cbec02f,"raw_hashes=2, full_hashes=1, body_hashes=1"
exact_cluster_6ec4669483a31fbc,exact_normalized_full,2,email_9a312f573f98415505f2d5a856f2c452,enron,email_9a312f573f98415505f2d5a856f2c452|email_a273b77163286562b9b325928fe7aec9,"raw_hashes=2, full_hashes=1, body_hashes=1"
exact_cluster_cec00ba929df7827,exact_normalized_full,2,email_2fedaf19047011d922dd666ba512112b,enron,email_2fedaf19047011d922dd666ba512112b|email_e12aaab45e58faf6f917e128c6370dc8,"raw_hashes=2, full_hashes=1, body_hashes=1"
exact_cluster_5454abc76df2ea31,exact_normalized_full,2,email_7d5d5c964d739a70947eefa79f1005d2,enron,email_7d5d5c964d739a70947eefa79f1005d2|email_827b49d157ebc7e3bb8639c7fc60558f,"raw_hashes=2, full_hashes=1, body_hashes=1"
exact_cluster_de02460016a01a0a,exact_normalized_full,2,email_d6f3011fffc89b2ac4fa01e8ca793b0a,enron,email_5711f1b1cd4e4c2c562342f81bee38e0|email_d6f3011fffc89b2ac4fa01e8ca793b0a,"raw_hashes=2, full_hashes=1, body_hashes=1"
exact_cluster_f5a53a03bd2c19b0,exact_normalized_full,2,email_7b040f77cccc1152981dd234214d8175,enron,email_118c30e9922c91cbe5f8282074cf8489|email_7b040f77cccc1152981dd234214d8175,"raw_hashes=2, full_hashes=1, body_hashes=1"
exact_cluster_8cf4587ec71a3dd4,exact_normalized_full,2,email_2324bdec9cf8a7b392d80c2d39ae8c04,enron,email_2324bdec9cf8a7b392d80c2d39ae8c04|email_8180196071ccb0c8c020860837f11213,"raw_hashes=2, full_hashes=1, body_hashes=1"
exact_cluster_aace902036f13577,exact_normalized_full,2,email_014f9488256717d7fda2e16cbf5008b8,enron,email_014f9488256717d7fda2e16cbf5008b8|email_b5159e0b7b4bcaac115226ba80a066fd,"raw_hashes=2, full_hashes=1, body_hashes=1"
exact_cluster_651280f6ee189b76,exact_normalized_full,4,email_e36ee26857505808560ddee2c21a6efc,enron,email_2401a74067c1318edbdc16ef7ddd42f4|email_95a65499da77fa1ea8ff163305153d1f|email_bf11f1937957e7a9e51f445e74640f0b|email_e36ee26857505808560ddee2c21a6efc,"raw_hashes=4, full_hashes=1, body_hashes=1"
exact_cluster_7eae53fbff98501d,exact_normalized_full,2,email_4eee4c250c1fb3f9a4dc05edc3ff9347,enron,email_2237c93b39754bc327334ed7f1cd30ed|email_4eee4c250c1fb3f9a4dc05edc3ff9347,"raw_hashes=2, full_hashes=1, body_hashes=1"
exact_cluster_5da67cf7fbec1f92,exact_normalized_body,2,email_6f768c080a9929e4c1198da7c5b0c85d,epvme|trec07,email_6f768c080a9929e4c1198da7c5b0c85d|email_a27dedef3070ffe688f1e452556b088e,"raw_hashes=2, full_hashes=2, body_hashes=1"
exact_cluster_0a07c96b5c9fc6d6,exact_normalized_body,3,email_9f15a1da25c02b1e8ec98c4733dab5ed,epvme|trec07,email_3300412cedbab0b6cda74839db6c6026|email_9f15a1da25c02b1e8ec98c4733dab5ed|email_fe58800885ac915ef0407d5ba32a0f82,"raw_hashes=3, full_hashes=3, body_hashes=1"
exact_cluster_ae8e6fe39c21918b,exact_normalized_body,2,email_a32db82c635ba28f87f38e15c7360635,trec07,email_a32db82c635ba28f87f38e15c7360635|email_f758b127dd6bf2fb50ebed54b87c53f3,"raw_hashes=2, full_hashes=2, body_hashes=1"
exact_cluster_235e6d3829790689,exact_normalized_body,2,email_af49b87c2b5ce421653bf20a22eb0761,epvme|trec07,email_af49b87c2b5ce421653bf20a22eb0761|email_e23863eb172a24d8dc04a25aab74f923,"raw_hashes=2, full_hashes=2, body_hashes=1"
exact_cluster_1b963b2ffe809d00,exact_normalized_body,2,email_5592a7f5e663980e1a00a26b32e6acf3,epvme|trec07,email_5592a7f5e663980e1a00a26b32e6acf3|email_d18298eadf6a5fab818464ad14f2ec51,"raw_hashes=2, full_hashes=2, body_hashes=1"
exact_cluster_f1a42237841a931f,exact_normalized_body,19,email_e931a5267edd4414a6832f97bb7be981,epvme|trec07,email_020e979cf16c53e9cdd57976cf8d16e3|email_173a731874b7ccee5f17bde854fa08fd|email_187091643303fbf722403a29ed64241c|email_2e521c950bb0a6d068a859f07cc31540|email_63a32c6d38aebb5aac95d02194d756c4|email_67f7c94df293812c6b03a0ff7d08242c|email_6cd46110a176b138943826828bc996b3|email_74dce4dfce4da76b6d8e7922cb7514e1|email_7544ba4ed10045f91a7e2258a9ff5b70|email_7937e0fd1ff663efeb6ab76bdee4793f|email_814e4215905b3f212150b71c6672ec4a|email_aa0a25fe43be61146015c0e12001d2d9|email_ae151f1e17f706ed3bfd56392e0c8cba|email_b9bba053180aed81c1c0fb92ae48f834|email_bba7eb61466469c0372346c9011c317c|email_d0a5ecc494c8781384a6d26dec1d39e2|email_dbfddf3b119f2b8963b6ac0fc6566daa|email_e931a5267edd4414a6832f97bb7be981|email_f6d097eb02ba0206c0f06acb54da4b64,"raw_hashes=19, full_hashes=19, body_hashes=1"
exact_cluster_bc441afa3650b4b5,exact_normalized_body,2,email_9c69110af1a90e4d80b9c69c1ec9049d,trec07,email_50fbe29f7154a2c496e699d314eb03fb|email_9c69110af1a90e4d80b9c69c1ec9049d,"raw_hashes=2, full_hashes=2, body_hashes=1"
exact_cluster_7f83a12d5e8b97dd,exact_normalized_body,2,email_5835b2539be5c7c9b354c24572d28a7f,epvme|trec07,email_5835b2539be5c7c9b354c24572d28a7f|email_fa36ac08f7d9ec1de10615adc483566f,"raw_hashes=2, full_hashes=2, body_hashes=1"
exact_cluster_0811e23c40c85e29,exact_normalized_body,2,email_31520956b0e64e85362bcd65b98cf0c8,epvme|trec07,email_150cfb9abba09b7c23273f69ebfb65a1|email_31520956b0e64e85362bcd65b98cf0c8,"raw_hashes=2, full_hashes=2, body_hashes=1"
exact_cluster_f830f3aec411bb72,exact_normalized_body,2,email_d4d20baf013127fca608c1347dfb8824,epvme|trec07,email_bde1bd7616196229cfa0d82968bf3c63|email_d4d20baf013127fca608c1347dfb8824,"raw_hashes=2, full_hashes=2, body_hashes=1"
exact_cluster_ba306ee34d33f8b1,exact_normalized_body,2,email_f710b012fe45894b4a4c97667ff2297b,epvme|trec07,email_82790f6d0a78ff839842ec1f23626463|email_f710b012fe45894b4a4c97667ff2297b,"raw_hashes=2, full_hashes=2, body_hashes=1"
exact_cluster_2d8f7304fa162cab,exact_normalized_body,2,email_9ec0ad9c218920953bb8aa68433d8fba,epvme|trec07,email_9ec0ad9c218920953bb8aa68433d8fba|email_9f880f990019766fe848674e4d587d21,"raw_hashes=2, full_hashes=2, body_hashes=1"
exact_cluster_c77d9136a5275a27,exact_normalized_body,2,email_c16f903b07dac7cc71759d04048f7f51,epvme|trec07,email_0957d49df7dc68a8eb0b6dd16318c3e3|email_c16f903b07dac7cc71759d04048f7f51,"raw_hashes=2, full_hashes=2, body_hashes=1"
exact_cluster_2b7683d2023d8903,exact_normalized_body,2,email_acf6d14c6db7f55bafedd42a3ecd6170,epvme|trec07,email_acf6d14c6db7f55bafedd42a3ecd6170|email_ed6ae0863164c86f11fdc159f0b006b1,"raw_hashes=2, full_hashes=2, body_hashes=1"
exact_cluster_a9e63e8675bb4cd9,exact_normalized_body,4,email_59ed81c43429131108fe7d2a6061c2f8,epvme|trec07,email_1ffd210d8fca7447f57a44d9f32afaaa|email_59ed81c43429131108fe7d2a6061c2f8|email_74e616a1827d04832b88456e8c5b504c|email_e862709e3a48d38ea32eb377a306fc2a,"raw_hashes=4, full_hashes=4, body_hashes=1"
exact_cluster_10fdc06332839ac3,exact_normalized_body,2,email_4983ece90646cae1c5f538e5e21b7c2f,epvme|trec07,email_4983ece90646cae1c5f538e5e21b7c2f|email_e7dfc3c0f20919d403276a5cd2d498f3,"raw_hashes=2, full_hashes=2, body_hashes=1"
exact_cluster_e0f8b4a45f435536,exact_normalized_body,2,email_8a96d82063bbcfdfbcb3ce9a8aa5ad92,epvme|trec07,email_0133a8b524ffe5b283ba0e7f6ef3489b|email_8a96d82063bbcfdfbcb3ce9a8aa5ad92,"raw_hashes=2, full_hashes=2, body_hashes=1"
exact_cluster_2d19d6aad2baf163,exact_normalized_body,3,email_b539f16f7df3d4b318451d8fac4c4375,epvme|trec07,email_606517730aff144bc9e6da7c3c5619bc|email_8246d87227859aabb229d9dbbe4d1172|email_b539f16f7df3d4b318451d8fac4c4375,"raw_hashes=3, full_hashes=3, body_hashes=1"
exact_cluster_587fa0f9307690f8,exact_normalized_body,2,email_22abd3d0e324e169e9ba5a78fea0d59b,epvme|trec07,email_22abd3d0e324e169e9ba5a78fea0d59b|email_2df8ddb47e5c9809c3dc6ab08dbc0806,"raw_hashes=2, full_hashes=2, body_hashes=1"
exact_cluster_00a772b70f81f248,exact_normalized_body,2,email_56a2334c487b84b851e4dc55ad29addb,epvme|trec07,email_56a2334c487b84b851e4dc55ad29addb|email_ac3d064f5d77aadeb2438b15aecda287,"raw_hashes=2, full_hashes=2, body_hashes=1"
exact_cluster_2f00ebf6adb0c91f,exact_normalized_body,2,email_0a326d1bbf289693b397ae4863527295,epvme|trec07,email_0a326d1bbf289693b397ae4863527295|email_0bf277ea0235303bf888931b8a6e1940,"raw_hashes=2, full_hashes=2, body_hashes=1"
exact_cluster_0d240e65914cf655,exact_normalized_body,2,email_9d66b4d6c4e9ad2cc4c288a9f99ca3fa,epvme|trec07,email_9d66b4d6c4e9ad2cc4c288a9f99ca3fa|email_e8fd1031c670f8b8d27e76c28ee1bf33,"raw_hashes=2, full_hashes=2, body_hashes=1"
exact_cluster_6850bb805dfaa878,exact_normalized_body,2,email_c49ae34a6222ff41d93f570cdb584545,epvme|trec07,email_8ec1102f96be9b8087cc30f607074a74|email_c49ae34a6222ff41d93f570cdb584545,"raw_hashes=2, full_hashes=2, body_hashes=1"
exact_cluster_63cea7c498ba0c03,exact_normalized_body,2,email_c6c41f291174206eacecfec286a393c6,epvme|trec07,email_c6c41f291174206eacecfec286a393c6|email_c86474b490bc33d2d01acae28fc7169a,"raw_hashes=2, full_hashes=2, body_hashes=1"
exact_cluster_edd454b2dbe0be0c,exact_normalized_body,2,email_df5e2d630ac5b566a0dee182e09ee26c,epvme|trec07,email_df5e2d630ac5b566a0dee182e09ee26c|email_ea0f2d04bf9d131514eb04b946bb53f8,"raw_hashes=2, full_hashes=2, body_hashes=1"
exact_cluster_da2cd698acefda07,exact_normalized_body,2,email_d1250a33dcb7d8988e9cc1577873d222,epvme|trec07,email_a1c534535b1f51e95a7a41cada01318c|email_d1250a33dcb7d8988e9cc1577873d222,"raw_hashes=2, full_hashes=2, body_hashes=1"
exact_cluster_beeb366cf69e7b32,exact_normalized_body,2,email_93642838778203f1d9415f3ab7aa48ae,epvme|trec07,email_93642838778203f1d9415f3ab7aa48ae|email_a7b79b4265c3963707852bd1629088a5,"raw_hashes=2, full_hashes=2, body_hashes=1"
exact_cluster_e12152e7b88cbb1f,exact_normalized_body,2,email_2ff708abc14e099ccd83451b2cb79a42,epvme|trec07,email_2ff708abc14e099ccd83451b2cb79a42|email_d73803e13491d1acb907e22fbbaf29db,"raw_hashes=2, full_hashes=2, body_hashes=1"
exact_cluster_8f885ed9e69de917,exact_normalized_body,2,email_a86bc3e20ad8fd4b7d73b9e3781edbb3,epvme|trec07,email_a86bc3e20ad8fd4b7d73b9e3781edbb3|email_ba0cd20e747f2acd09be169f567f7365,"raw_hashes=2, full_hashes=2, body_hashes=1"
exact_cluster_c5ebfa31f58f5432,exact_normalized_body,2,email_97e5249b089e14b5f6d4d873b51388fd,epvme|trec07,email_97e5249b089e14b5f6d4d873b51388fd|email_de71021fd3e19f8186f46f810ad07bc1,"raw_hashes=2, full_hashes=2, body_hashes=1"
exact_cluster_353296b35cade540,exact_normalized_body,2,email_a32b2ca9f2913e9525bc082701270b92,trec07,email_6d7500301329e0789811a8cce15d2380|email_a32b2ca9f2913e9525bc082701270b92,"raw_hashes=2, full_hashes=2, body_hashes=1"
exact_cluster_1e9abdb5212dc177,exact_normalized_body,2,email_2cf5246eb6a27781b18e4604418bec08,epvme|trec07,email_2cf5246eb6a27781b18e4604418bec08|email_3379855f972ae797cd9b8ed4ecfbe9d2,"raw_hashes=2, full_hashes=2, body_hashes=1"
exact_cluster_b472533fe7a89ad2,exact_normalized_body,2,email_22f8c5f4f4446efcd154180281ff0f06,trec07,email_22f8c5f4f4446efcd154180281ff0f06|email_680b457731b332d8c3a45692436568ad,"raw_hashes=2, full_hashes=2, body_hashes=1"
exact_cluster_36e63aa623168524,exact_normalized_body,2,email_9a76fa8429bb3aa67e383af7d3602f24,epvme|trec07,email_3dc63543d37dd2a9d7d725bc702cf302|email_9a76fa8429bb3aa67e383af7d3602f24,"raw_hashes=2, full_hashes=2, body_hashes=1"
exact_cluster_01901d4f1736f550,exact_normalized_body,2,email_ae0e290b93ed0dea98d7eb58c7e9ba1a,epvme|trec07,email_ae0e290b93ed0dea98d7eb58c7e9ba1a|email_e4ce34802c5c3821c13517a39f2b9e7e,"raw_hashes=2, full_hashes=2, body_hashes=1"
exact_cluster_c7ef4e4616bd22a9,exact_normalized_body,2,email_8fd8b3e8de9445280896e9b026916b48,epvme|trec07,email_44840001920f64ed3a54cd0db41a3700|email_8fd8b3e8de9445280896e9b026916b48,"raw_hashes=2, full_hashes=2, body_hashes=1"
exact_cluster_c0ccee6de51e0188,exact_normalized_body,2,email_8386c0d4224ac349c4fee99f9787f5a0,epvme|trec07,email_643c5d4a484f507ab0b741e71c7f7425|email_8386c0d4224ac349c4fee99f9787f5a0,"raw_hashes=2, full_hashes=2, body_hashes=1"
exact_cluster_6c187d850ab3526a,exact_normalized_body,2,email_cf404db3717a5e19836fcbc786bdf709,epvme|trec07,email_b6b88dfb370b615d62f302a07f0b9d67|email_cf404db3717a5e19836fcbc786bdf709,"raw_hashes=2, full_hashes=2, body_hashes=1"
exact_cluster_42d29e0dfd34ca71,exact_normalized_body,2,email_d3ec05283a3b2a035ea115a279243b92,epvme|trec07,email_bf3333227e92daa38f5d3d9f3044485b|email_d3ec05283a3b2a035ea115a279243b92,"raw_hashes=2, full_hashes=2, body_hashes=1"
exact_cluster_5b815bf8b9b731cc,exact_normalized_body,2,email_f74e028a338b2853f9eacfd4ae2b7916,epvme|trec07,email_ddc23d5fd31d3c0b6e2c07887672838d|email_f74e028a338b2853f9eacfd4ae2b7916,"raw_hashes=2, full_hashes=2, body_hashes=1"
exact_cluster_d1c4fef5db72aba8,exact_normalized_full,8,email_2b5a1697825bf47a15c6c4c66193d1eb,nazario,email_024ee0a54c51653892dc938df1582715|email_075d908179a221ff8f4d349f2a6b8d98|email_2b5a1697825bf47a15c6c4c66193d1eb|email_547596dcd288887e076e60d6b2276e89|email_736b3224c45ddcf89d261072d0a29508|email_ade2f533c295bed1859e728beb8f19e0|email_c4a7bc0068b654e7527bf186293d4ebd|email_fe7efc833d9cadc77c43d517bebd2ebe,"raw_hashes=8, full_hashes=1, body_hashes=2"
exact_cluster_c9ad1f22b66db309,exact_normalized_body,3,email_fd64d064a465b4056c444d2a3a10d5c0,nazario,email_123273d0611c4851e5054892908b1b6e|email_45cdd95d1e027130d1627df129050a04|email_fd64d064a465b4056c444d2a3a10d5c0,"raw_hashes=3, full_hashes=3, body_hashes=1"
exact_cluster_6a97f4d00ef748ec,exact_normalized_full,4,email_92bef18d2f966640d70d166ca33f8152,nazario,email_27355faff4962064563c906db229e858|email_7b2a98f1f3e464e2a5615d6cbb67c4a1|email_914c61497574f55e4ad569deb427a147|email_92bef18d2f966640d70d166ca33f8152,"raw_hashes=4, full_hashes=1, body_hashes=1"
exact_cluster_ab5c7b8c8f7aeaf5,exact_normalized_body,3,email_f97117d9f6a280856d98b887dfbce86d,nazario,email_db0c22f98bfb398a5e311dd673f953b0|email_f5ead36a391f323dfc83c87e6fd1fc88|email_f97117d9f6a280856d98b887dfbce86d,"raw_hashes=3, full_hashes=2, body_hashes=1"
exact_cluster_d8055766d5af7bcc,exact_normalized_body,4,email_8e44ace76b8927c5c8d912123e4cafc9,nazario,email_08f8db6f436649cb9f7600f3b5aa66fd|email_65ae1a5edc25552f8c74f3d87b9548d4|email_7ad69f2f7f8b5560f0f69fb483575105|email_8e44ace76b8927c5c8d912123e4cafc9,"raw_hashes=4, full_hashes=3, body_hashes=1"
exact_cluster_33b807a104f660c2,exact_normalized_body,24,email_dc256d2204334d806d86922c55c2342a,nazario,email_064a55e738e33d3e695d230d4eaefab1|email_0a2b10af4fefa1e5fa66c3a95bdc9cf3|email_112c6428880cc1a22bdc51d5766e453e|email_17f318a3be1f88f9b159c0c626817dbc|email_22059ce6bf1dd2a9ef741ab3267c8a48|email_26e30859f4a94051172f44110e24c2b6|email_347f13655fd4751ad153f6ff3ff54215|email_40f5d1b26b09e870fe2019483cb47133|email_429ae1ec7ac4fda95955f22082a9f5db|email_44a98ccbd45b7b1918b8936af8813d05|email_5c272be67d890957ea0c7dcf34ad39f4|email_650a9b08ff1a4af33cf2c03f99b5af79|email_749f90f12ab4a70d84cf1c0f414fa5e3|email_74d251fd5394a93d0da6a77307d95366|email_7a597da9aa17de9259767a6252ba417e|email_9645ff50b32c6460723d948b0c611b29|email_9fbd2c170c983eebfb69ddd26fab53f1|email_a4c6367413451f866bfa48dc16f8e72f|email_a5f984c05a5dd79f78f1a4b185cec3b7|email_c10ab71500451c7013bedbd22cb6eaf0|email_dc256d2204334d806d86922c55c2342a|email_dd545a255f7c9e20ed540d3609ecfc6e|email_e2686b91ce94a0f01bbdd05f675f8b83|email_feab3b56d27f6f55b6fa69f3efcbd584,"raw_hashes=24, full_hashes=2, body_hashes=1"
exact_cluster_433d3a9a2d4c6a3c,exact_normalized_full,29,email_72816646a653b95147e97086b05e2f99,nazario,email_069ae14235816b95bc113864b8dd8a29|email_1baee0c0ed33b2bae03854f5ad18b8b5|email_2a63578d4926fe51552d2eacda7b1453|email_3d788e74ef7336d810a326a481b7b480|email_40f71fefc8e2865dbe5b673ba3060058|email_41d2d7f410548138b1be6722d6f928ae|email_45cebda26ac7928fa7fe796a9ad4dbde|email_4f40af52df697de2202bc421f2afa4c5|email_53d41f3f145df71539dfefc695f43202|email_57cfda11a8bee7197d6b5662b9612607|email_59193de695f308fc8e83ff3592057355|email_601c82d589725984172c5e4481dbf454|email_6042a895c0472857cb977c85793b7089|email_6a901dad100e90d8f70547174edc2018|email_7263af24f480821e0bbc01591d34ce58|email_72816646a653b95147e97086b05e2f99|email_79fbf0fb519a0f8d1a1402bff7908521|email_7b1d2d15560a1fdf0eca892d0bc3fcb7|email_7c7fcb06c8038b78c9b60f8cb5c5c49c|email_89822fce02bdebb59cc1f92058be8e28|email_928131ffbef6e34e913802af9e66e9a8|email_92ca8656638ad19ace8eaaee52dcee06|email_a0aa5403641164ec030cbdc5c0502751|email_b7b9b108ad7260e6950b8659054a7073|email_c529225698141c4d8cb999acff1f631c|email_ddbbb3f4f6864187141eff03be6dcb33|email_ec8765066fa9aa4d89170d4761e5d95e|email_ed113ecfc43d4ee303b23ddd2aed82d3|email_f3244ee10b51c7fd52897ec08026bba7,"raw_hashes=29, full_hashes=1, body_hashes=1"
exact_cluster_3bc8b9f307a3fa9f,exact_normalized_body,2,email_06d27bee22c5fe9167d72396c2008d1b,nazario,email_06d27bee22c5fe9167d72396c2008d1b|email_63a74351e39201f3d505fa9e87736223,"raw_hashes=2, full_hashes=2, body_hashes=1"
exact_cluster_059b587082fff25a,exact_normalized_body,4,email_6d3874ce2e556a3b342e0df3a7cb550b,epvme|nazario,email_471b7465296d17149f0e2151f168aac7|email_6d3874ce2e556a3b342e0df3a7cb550b|email_88129257b0d5448d1c63ee276e8927eb|email_9b347533725fa9fd4adc9ee8fc337059,"raw_hashes=4, full_hashes=3, body_hashes=1"
exact_cluster_470f6edad7e1a5fb,exact_normalized_full,4,email_408f1bd2426e4a8fd0ff89c3ef7187b5,nazario,email_0b9a2070766358c52eefa79388625a70|email_408f1bd2426e4a8fd0ff89c3ef7187b5|email_c3e624e8cd1918232c02c4d3973d1e0a|email_cb0308a47d216176b1d6736c861bae2f,"raw_hashes=4, full_hashes=1, body_hashes=1"
exact_cluster_e3efa14f7dc4a101,exact_normalized_full,2,email_b48397b2708456e8f8ff3bd8bf0757e0,nazario,email_2e8ac714e86bfa2b90b5b10006331553|email_b48397b2708456e8f8ff3bd8bf0757e0,"raw_hashes=2, full_hashes=1, body_hashes=1"
exact_cluster_21264a840022d0b7,exact_normalized_body,2,email_891055e6f29faaa5ea02f073f6a1365a,epvme|nazario,email_607f593047724d2955fbdfdeb78d4bc8|email_891055e6f29faaa5ea02f073f6a1365a,"raw_hashes=2, full_hashes=2, body_hashes=1"
exact_cluster_dab4279afd532532,exact_normalized_body,2,email_53cec9204bb22ea1ccdfd3f5a63d8895,epvme|nazario,email_53cec9204bb22ea1ccdfd3f5a63d8895|email_9615c08c2d5f2290433002d604889d61,"raw_hashes=2, full_hashes=2, body_hashes=1"
exact_cluster_deccbd8f1d89dc46,exact_normalized_body,4,email_4a969bfdf1aa4c85852cc2b6d7a0e1d4,nazario,email_4a969bfdf1aa4c85852cc2b6d7a0e1d4|email_5bfdd7acadce2462993a2bce92ab1caa|email_623333655387ec968846471020a1e530|email_6c62dc6b42b50ed3925b2fcf702a2c3d,"raw_hashes=4, full_hashes=2, body_hashes=1"
exact_cluster_7a296f0986cb7567,exact_normalized_full,3,email_ed0445cfaaf66b65d0c08bc1aed48c80,nazario,email_0c50332c2dd75bec878c00abaaa1eef0|email_b965193ab6308e2886d9b705b718e818|email_ed0445cfaaf66b65d0c08bc1aed48c80,"raw_hashes=3, full_hashes=1, body_hashes=1"
exact_cluster_053197e50bc59618,exact_normalized_body,2,email_9199c167019c705eec742ab94169fdc5,epvme|nazario,email_731b7aeda8bc7705ee4a5daa75d34853|email_9199c167019c705eec742ab94169fdc5,"raw_hashes=2, full_hashes=2, body_hashes=1"
exact_cluster_f66b50c141f2d18d,exact_normalized_body,4,email_bb89328e701d3e8e1dabbec4bd83515c,nazario,email_10d07776199b731ba7722a2317ac7c82|email_9823ebe3f648ea9da61d1c6fbe3ab45a|email_a53f8ef8edd25221bca396b8999e9955|email_bb89328e701d3e8e1dabbec4bd83515c,"raw_hashes=4, full_hashes=2, body_hashes=1"
exact_cluster_4c8da0f51b939633,exact_normalized_body,2,email_3b50159a0fe6a36905df629a0e53b4c1,nazario,email_3b50159a0fe6a36905df629a0e53b4c1|email_856428e4f6cde01d824b2fe3c4aa0c04,"raw_hashes=2, full_hashes=2, body_hashes=1"
exact_cluster_53408f223226c902,exact_normalized_full,3,email_16dd0ed7cdeef587e21047f4e44818cc,nazario,email_16dd0ed7cdeef587e21047f4e44818cc|email_846c98401f63128d41086172812cea0f|email_b42c2b846c3469a0df0194f15f2f8ec7,"raw_hashes=3, full_hashes=1, body_hashes=1"
exact_cluster_56b2506627597315,exact_normalized_full,3,email_0152c0bc3da47e0cbde3e146d9c3b68c,nazario,email_0152c0bc3da47e0cbde3e146d9c3b68c|email_23949218446767f8457edddf1616c7e1|email_c2912371b15fa8df86107ac83fa0b723,"raw_hashes=3, full_hashes=1, body_hashes=1"
exact_cluster_edfb65109e721adc,exact_normalized_full,2,email_482dc46a5cc15b2370d876277cbb1ee4,nazario,email_482dc46a5cc15b2370d876277cbb1ee4|email_79d29fe2e101b033ee2a0ff5c0ee3c03,"raw_hashes=2, full_hashes=1, body_hashes=1"
exact_cluster_1af26191553bd812,exact_normalized_full,2,email_bbd1c3ae4f51a2cf545fe191bef04023,nazario,email_95ef5dbb455e9be1bf8411cd34f62c71|email_bbd1c3ae4f51a2cf545fe191bef04023,"raw_hashes=2, full_hashes=1, body_hashes=1"
exact_cluster_261e471365b86fdb,exact_normalized_full,2,email_e5d1b313d96025cb34af831ca871bc9e,nazario,email_c6292551fc99144a7d3f49db70b314d5|email_e5d1b313d96025cb34af831ca871bc9e,"raw_hashes=2, full_hashes=1, body_hashes=1"
exact_cluster_409803479273f20c,exact_normalized_full,3,email_7b61693aa9b589920b36c01905891d79,nazario,email_305637defcd70868a9087c495c953f35|email_352a44a90e863f7b2ae6d8ce1025bfd0|email_7b61693aa9b589920b36c01905891d79,"raw_hashes=3, full_hashes=1, body_hashes=1"
exact_cluster_1e9497cf8bca5e80,exact_normalized_full,3,email_d7949b2b21e4ac901780d641b018e8b4,nazario,email_231b57a3ea4d922e3f094f24af3f596a|email_d7949b2b21e4ac901780d641b018e8b4|email_f948f882290dd0527f09e1b6d6a43d20,"raw_hashes=3, full_hashes=1, body_hashes=1"
exact_cluster_d281b698292f8184,exact_normalized_body,2,email_98c9648e38aac825f798cd99b06b64cc,nazario,email_86a63f2cf9e81fddc9880ce35afd4152|email_98c9648e38aac825f798cd99b06b64cc,"raw_hashes=2, full_hashes=2, body_hashes=1"
exact_cluster_f85bd731a3f9b64f,exact_normalized_full,2,email_26bb8deaf0825853e59194cb894cbe24,nazario,email_26bb8deaf0825853e59194cb894cbe24|email_27c07a75a862f0675463bdfd8fa3ee83,"raw_hashes=2, full_hashes=1, body_hashes=1"
exact_cluster_91162eb16a56fbaa,exact_normalized_full,2,email_cb078fae5e0d3e4d79ef1d9c495aee35,nazario,email_547da07dc05e4e83ef03106cb076ab94|email_cb078fae5e0d3e4d79ef1d9c495aee35,"raw_hashes=2, full_hashes=1, body_hashes=1"
exact_cluster_52c26281aaed86eb,exact_normalized_body,3,email_971f07eb0a15d90b564e8ddd2dacac69,nazario,email_2c57c9cc1b235feb97494c0e5056441d|email_70175ec0032ca557d4e9c5cb7cba8192|email_971f07eb0a15d90b564e8ddd2dacac69,"raw_hashes=3, full_hashes=2, body_hashes=1"
exact_cluster_340b2c87b4e3e1c5,exact_normalized_body,5,email_e9eb1cbee79d8f333b0cae74ce6b515e,nazario,email_2adbfe7db838681b91a664558de4fa78|email_64b0d955c0c5dfe3c37187d305c80c80|email_9b4e130d317e94655c59ef0aa337498e|email_9bb9cb30c12c51be6fb6b54acfbf1198|email_e9eb1cbee79d8f333b0cae74ce6b515e,"raw_hashes=5, full_hashes=2, body_hashes=1"
exact_cluster_79f41514df6d2ebe,exact_normalized_full,2,email_988dc801b950f3a0b9727146c764e568,nazario,email_96af2cb7423d28f79bdbca5ad0d9842e|email_988dc801b950f3a0b9727146c764e568,"raw_hashes=2, full_hashes=1, body_hashes=1"
exact_cluster_ef52b14b74f7cd23,exact_normalized_body,2,email_c5edd2e779b823333d3b5d189defa4fc,nazario,email_607b93a530af0063ff5c46f93ec2df09|email_c5edd2e779b823333d3b5d189defa4fc,"raw_hashes=2, full_hashes=2, body_hashes=1"
exact_cluster_66b12e4597f6ab63,exact_normalized_body,2,email_8b4a43cd6ed67964f8c0ee16350eee8f,nazario,email_8b4a43cd6ed67964f8c0ee16350eee8f|email_baf6e41b099b98f9e7807697a93d0112,"raw_hashes=2, full_hashes=2, body_hashes=1"
exact_cluster_255fc12e56f71c03,exact_normalized_body,2,email_8dab1eef32b7e353999172a9c14e0c8c,nazario,email_71e302b1476c506e362cd341bb9a7604|email_8dab1eef32b7e353999172a9c14e0c8c,"raw_hashes=2, full_hashes=2, body_hashes=1"
exact_cluster_ad4a89e53f4342c8,exact_normalized_full,2,email_d7a462ee8fbc932c0d0b9ea9edc8b4ff,nazario,email_37ea74cc404e1582a1cc2f81d872c272|email_d7a462ee8fbc932c0d0b9ea9edc8b4ff,"raw_hashes=2, full_hashes=1, body_hashes=1"
exact_cluster_2d48731ae7888ece,exact_normalized_full,2,email_aeb8a8eeb81ed1909b951fd412b1cc90,nazario,email_a08825344578626055d8359f911ff294|email_aeb8a8eeb81ed1909b951fd412b1cc90,"raw_hashes=2, full_hashes=1, body_hashes=1"
exact_cluster_f76514a9d4a46ddf,exact_normalized_full,2,email_5acd5e6378d01b88bc8522810d70fae6,nazario,email_5acd5e6378d01b88bc8522810d70fae6|email_5c445a61a31f9d7c9220723c54f32cb9,"raw_hashes=2, full_hashes=1, body_hashes=1"
exact_cluster_3a8399e87357cac5,exact_normalized_body,5,email_11a82135d283835a04c2c7f840ba72f9,nazario,email_11a82135d283835a04c2c7f840ba72f9|email_4cab418118d09d92706c10d911a8fbab|email_5355fd726e9ce4eaae7527b532e26bab|email_89f11c935a734e210a34e3fcccfbb298|email_b3b792cd47bf399c1691bc53eeeb654b,"raw_hashes=5, full_hashes=3, body_hashes=1"
exact_cluster_37853e421793c1ad,exact_normalized_full,4,email_8f0b26f697de7dd826989441f49fdf7e,nazario,email_8f0b26f697de7dd826989441f49fdf7e|email_9fcd2a3da3f51e2186941a3d1891a95e|email_c696124d033bc8134e3191dd577d818d|email_f2e91401b9daf75e7f735c9efde6745b,"raw_hashes=4, full_hashes=1, body_hashes=1"
exact_cluster_2598430eebb9222a,exact_normalized_body,4,email_2f0e75ea4b6c155a3a06097b0d8ab251,epvme|nazario,email_2f0e75ea4b6c155a3a06097b0d8ab251|email_7cac4c6a24fe69761ca9315260dd2833|email_86b56720c0f49cf827a258e62bbba5eb|email_8d97f2b069a698de516b3ee61c7c2248,"raw_hashes=4, full_hashes=2, body_hashes=1"
exact_cluster_6da56afd0a5f453f,exact_normalized_full,2,email_7e3d89c88b773cc218ad52fe7198754b,nazario,email_7e3d89c88b773cc218ad52fe7198754b|email_eb7aea2040d4791717e123d8dc21f0c7,"raw_hashes=2, full_hashes=1, body_hashes=1"
exact_cluster_503a6a36ea254fa6,exact_normalized_full,2,email_092dcab07584d9a18441a57552b24871,nazario,email_04b9b4e11cf392d6728158325fbb636d|email_092dcab07584d9a18441a57552b24871,"raw_hashes=2, full_hashes=1, body_hashes=1"
exact_cluster_0c3dc645a010f0f6,exact_normalized_body,2,email_56f2d6507466c2a451fac66992025677,nazario,email_56f2d6507466c2a451fac66992025677|email_c41d77beb8b3427e7c2b2437643c8c9c,"raw_hashes=2, full_hashes=2, body_hashes=1"
exact_cluster_e90fb9cd10184883,exact_normalized_full,2,email_59ca6bc6426ba8e49abc0494d6ffc2f0,nazario,email_59ca6bc6426ba8e49abc0494d6ffc2f0|email_ae7d1a47e44e729a1a2f891eedb55490,"raw_hashes=2, full_hashes=1, body_hashes=1"
exact_cluster_53358eaf4eaecc5c,exact_normalized_full,2,email_d43f4669a5434ffb5a57397a4a04d88a,nazario,email_5b4fe38346a7e368bf64cbe617f6c1a2|email_d43f4669a5434ffb5a57397a4a04d88a,"raw_hashes=2, full_hashes=1, body_hashes=1"
exact_cluster_9c48f1133bdd75ff,exact_normalized_full,2,email_784757b5ba96e3f34ed7e9863959519d,nazario,email_57581d1567d00680b3522e604885ddbb|email_784757b5ba96e3f34ed7e9863959519d,"raw_hashes=2, full_hashes=1, body_hashes=1"
exact_cluster_5393812784aca4f0,exact_normalized_full,2,email_94d6d6fe7e5244d831cfe06265a675ee,nazario,email_94d6d6fe7e5244d831cfe06265a675ee|email_fc16bfcccde0bf0e1297541e80b64fa6,"raw_hashes=2, full_hashes=1, body_hashes=1"
exact_cluster_2d027460edf14248,exact_normalized_full,2,email_c9ec0a6e63f3d7970391f9c991114c66,nazario,email_36ddf76d7d7098b052ae0d6c150d9d77|email_c9ec0a6e63f3d7970391f9c991114c66,"raw_hashes=2, full_hashes=1, body_hashes=1"
exact_cluster_32517406088630ce,exact_normalized_body,5,email_14c7d04beaf3e7c74e57e21358215feb,epvme|nazario,email_0144015b9ca36fa0db39de8b828870a1|email_14c7d04beaf3e7c74e57e21358215feb|email_24222e18f49b741a72bd72700bd86c91|email_759286aa6cd1ed16bc65dc1fb8c82f2f|email_cc479385c9b5e91ca95bbbc896a21800,"raw_hashes=5, full_hashes=3, body_hashes=1"
exact_cluster_f291ab1f9c6ea236,exact_normalized_full,4,email_1b04d85bf98c77a04eb731b955eb47b7,nazario,email_02b0bba42f0a129d44267368ec7a6548|email_1b04d85bf98c77a04eb731b955eb47b7|email_7455df681e8a33ff6b9db3a4dc239d03|email_79aa28c659aeb26a911e7ded91a8e68d,"raw_hashes=4, full_hashes=1, body_hashes=1"
exact_cluster_d80cb4ff0ee85039,exact_normalized_body,2,email_248faaef96c4a429b00ec2bd9c3600a3,nazario,email_248faaef96c4a429b00ec2bd9c3600a3|email_99c099ec5b3936f79f9482ef8b8832fb,"raw_hashes=2, full_hashes=2, body_hashes=1"
exact_cluster_fe413ef57ae96500,exact_normalized_full,2,email_425a994d24c9852935c02a56438fde4b,nazario,email_425a994d24c9852935c02a56438fde4b|email_7028275f5645bc119f473b20ce424e96,"raw_hashes=2, full_hashes=1, body_hashes=1"
exact_cluster_89f7a063d8b9322b,exact_normalized_body,3,email_fb00a8f54a7fb6c8335b301aa82a390a,nazario,email_e22509e5189d0c9b181d5bb4019f2863|email_ee17b44064bf57dd8b283d61674f44ac|email_fb00a8f54a7fb6c8335b301aa82a390a,"raw_hashes=3, full_hashes=3, body_hashes=1"
exact_cluster_bbaea744becac68a,exact_normalized_full,3,email_da0c44956ccaf55f971f0fef5672ceb3,nazario,email_3373342dcd69e36e2d796a7e74af9dc8|email_40f5251da3b44165315ce3ee41ff63fb|email_da0c44956ccaf55f971f0fef5672ceb3,"raw_hashes=3, full_hashes=1, body_hashes=1"
exact_cluster_2d6f62e4401bd351,exact_normalized_body,4,email_1ebfb23696e22bf7ccaf2b3e47cad594,nazario,email_1ebfb23696e22bf7ccaf2b3e47cad594|email_3c32f26d7570ba03b735321a60291c5f|email_5af4582a196633d50dc915db1a3a9c7c|email_8bb078ace6464977ed3d6517ee68ad45,"raw_hashes=4, full_hashes=2, body_hashes=1"
exact_cluster_8b436ce37d1ae164,exact_normalized_body,3,email_94856bb4472fa87feb850a59e4600e64,nazario,email_663d340f2d6c80aa753954d718cfae31|email_94856bb4472fa87feb850a59e4600e64|email_b2e0aab1c6cae25679d68b22c93eed7c,"raw_hashes=3, full_hashes=2, body_hashes=1"
exact_cluster_d69763290b24f761,exact_normalized_full,2,email_cc268121407227be28223582df7f89ca,nazario,email_7de508a1ef240a828c95683f1dedfb47|email_cc268121407227be28223582df7f89ca,"raw_hashes=2, full_hashes=1, body_hashes=1"
exact_cluster_ed51c32606f043a8,exact_multi_level,7,email_dcbf801d393625b5a03b345aa88355e9,nazario,email_40644703545bf572a684d2a1ecb40a40|email_73818d7ac5a6f096395805657acd9ccc|email_77864386ae41e411966a29feb1e48e19|email_ab0b19ce122758a70f91cd7be2f45ba2|email_cca98fa14d88ef926d3d7ffdb61633fb|email_dcbf801d393625b5a03b345aa88355e9|email_dddef779ca968b4a8c0f044a0d4d4f34,"raw_hashes=7, full_hashes=4, body_hashes=2"
exact_cluster_9956531049c35660,exact_normalized_body,3,email_40a71fc88cf9e0db1921dc8ecd41f3ac,epvme|nazario,email_0813e08fdfbd447b12082bf667b5043f|email_40a71fc88cf9e0db1921dc8ecd41f3ac|email_76e9652c5512b73a3442438bd91d6808,"raw_hashes=3, full_hashes=2, body_hashes=1"
exact_cluster_91b1552c7cf5728c,exact_normalized_full,2,email_26e3fb223707e3ec439d790db7bdcb90,nazario,email_26e3fb223707e3ec439d790db7bdcb90|email_952c3d56d2821502b2e5ec5e692f8f8b,"raw_hashes=2, full_hashes=1, body_hashes=1"
exact_cluster_eb2858c2214aba80,exact_normalized_body,3,email_cf406822eeae91150b8a1d8dd7feb488,nazario,email_6e36062baba3b24928d08946607b2145|email_cf406822eeae91150b8a1d8dd7feb488|email_e72ef7417c4ee695585b046038891245,"raw_hashes=3, full_hashes=2, body_hashes=1"
exact_cluster_18e84e87e0e4a4d8,exact_normalized_full,3,email_72405383c49125ed485841e71f6e71f4,nazario,email_4920fda6286604df4ccfd6cab2156c15|email_72405383c49125ed485841e71f6e71f4|email_fbab9e687f5af465f86969454619c03c,"raw_hashes=3, full_hashes=1, body_hashes=1"
exact_cluster_a3d99d1cc63f1807,exact_normalized_full,3,email_04060dee219044cafde7a7fbfd5cc686,nazario,email_04060dee219044cafde7a7fbfd5cc686|email_310bd525eeaf12a626abdec0d2ef837d|email_709d86dee0fd318495babc9e76e4fafe,"raw_hashes=3, full_hashes=1, body_hashes=1"
exact_cluster_ac0ffe33bf296ea5,exact_normalized_body,2,email_bfd2f6011f2a9be2f3adb7d815e227d4,nazario,email_bfd2f6011f2a9be2f3adb7d815e227d4|email_e35f22d6f40d791b7b81e28e1c63e2cb,"raw_hashes=2, full_hashes=2, body_hashes=1"
exact_cluster_3cf9521f18cea073,exact_normalized_full,2,email_635f9f82a8d94d8e81cf8c78fd1a728d,nazario,email_635f9f82a8d94d8e81cf8c78fd1a728d|email_8d2a612962c6845ba905790640f29e02,"raw_hashes=2, full_hashes=1, body_hashes=1"
exact_cluster_96350c7ffbda002f,exact_normalized_full,2,email_c7bfa4d72b50df3bdd34e5f307193fd6,nazario,email_398b3b8612f711679f08ec81967c9f1f|email_c7bfa4d72b50df3bdd34e5f307193fd6,"raw_hashes=2, full_hashes=1, body_hashes=1"
exact_cluster_4fb7cea9ddc7872c,exact_normalized_body,2,email_3e2131d78acc9b37aafd1a32db1b4494,nazario,email_3e2131d78acc9b37aafd1a32db1b4494|email_798f406680665141040faa67adbe9c55,"raw_hashes=2, full_hashes=2, body_hashes=1"
exact_cluster_e6050bfa2c5b702d,exact_normalized_body,4,email_bb46ef6120ce812600e1df56f3fddc80,nazario,email_0ea226ab8b4fef8b45cdf7f014f92ccf|email_19dc8b4eaedf0d7f7e4c53e9ed425b16|email_ba31d4c578cdd9634098608d3fbc44c3|email_bb46ef6120ce812600e1df56f3fddc80,"raw_hashes=4, full_hashes=3, body_hashes=1"
exact_cluster_945c5e5cd15ce0c8,exact_normalized_body,2,email_f1b9730b3e92d2df858209529fc5ca7d,nazario,email_99298137eb380f03a192a75be579b6be|email_f1b9730b3e92d2df858209529fc5ca7d,"raw_hashes=2, full_hashes=2, body_hashes=1"
exact_cluster_192141b3ffade291,exact_normalized_body,4,email_4c08bce52ad3a0a9a4197bc6ca204ad5,nazario,email_20e9359c76c1a8611edb908f42e6978d|email_23a14c65d43f8e0d7e65440f1ac0b613|email_4c08bce52ad3a0a9a4197bc6ca204ad5|email_e139e6939482ef157d100ed58abfa25e,"raw_hashes=4, full_hashes=3, body_hashes=1"
exact_cluster_5d994c85514e01d1,exact_normalized_body,2,email_964e4ba19e9a53c8f4e8919514481b0e,nazario,email_13e301c300e704258b225d9753e35d55|email_964e4ba19e9a53c8f4e8919514481b0e,"raw_hashes=2, full_hashes=2, body_hashes=1"
exact_cluster_acd60f1f7d557da0,exact_normalized_body,3,email_213c7119de3bafa7825b4226267fed13,nazario,email_213c7119de3bafa7825b4226267fed13|email_75da19d4b70f1c285726e10067eb0f6b|email_b9f6acd609e48a1c978fe4add8e3562c,"raw_hashes=3, full_hashes=3, body_hashes=1"
exact_cluster_9a1f287cefb68d9a,exact_normalized_full,2,email_5454d6b46732427a3348d0fafabdf7ee,nazario,email_5454d6b46732427a3348d0fafabdf7ee|email_e9ed2a12adc8a2baee24563293ae2f0a,"raw_hashes=2, full_hashes=1, body_hashes=1"
exact_cluster_11f681281d2ff255,exact_normalized_full,3,email_4d84adeb89727541569fb4294eab29ab,nazario,email_4976e4d8e13e0daf95030c0d438cf1e4|email_4d84adeb89727541569fb4294eab29ab|email_e928eb97aa27420e9a7ecd672d0952b7,"raw_hashes=3, full_hashes=1, body_hashes=1"
exact_cluster_31a879d8251abc73,exact_normalized_full,2,email_7af92e096a00dc6740115b0ef736dba2,nazario,email_7af92e096a00dc6740115b0ef736dba2|email_d4a8d68c77162c98b6cec40e2b0c15e8,"raw_hashes=2, full_hashes=1, body_hashes=1"
exact_cluster_d8937b68671f91c8,exact_multi_level,5,email_e2a2f015ef05026903dc08a6c70fa0f8,nazario,email_0c2a6b7ffe7b8571647e0a293e6ea9c1|email_37cbf06b75890f582beb783edaa6c9c6|email_746e5a8099031c34be9dcc0c7ed6700a|email_ba4dd9fda0f9e624ca170581970ba17f|email_e2a2f015ef05026903dc08a6c70fa0f8,"raw_hashes=5, full_hashes=3, body_hashes=2"
exact_cluster_5a3ea0f55f7e7b26,exact_normalized_body,2,email_68e0b6cc6d303bcd1d6e86f8d492c3cf,nazario,email_68e0b6cc6d303bcd1d6e86f8d492c3cf|email_c39a978783843486149eaa9369424d12,"raw_hashes=2, full_hashes=2, body_hashes=1"
exact_cluster_0b2f07346f59d713,exact_normalized_body,7,email_6bef377b365185d964bc97723ccf595c,nazario,email_3a5d59870653be3cff90c6182a4aa5a4|email_6bef377b365185d964bc97723ccf595c|email_72a4fcb6b16c93b32091b5ec73d6e7df|email_bf61883435e84c0a4d8f9dc588b9df18|email_cac00d3460d713a56be4b4d549c793a8|email_d37058ac937cd111118b9c5a877548d7|email_efa8aa59449d237367cd8cd7eb5a06d1,"raw_hashes=7, full_hashes=3, body_hashes=1"
exact_cluster_192c98beafcfce36,exact_normalized_full,5,email_3b7c8a9d6174c953554b43f2b5085e84,nazario,email_3b7c8a9d6174c953554b43f2b5085e84|email_65b80a8e16e2ac454f7cec5db3c9e2b2|email_bfa1fedc39adac0c8a86d5114a4b4a14|email_ce2bc7decb9eb04e6ed21173e9291f07|email_db493e667158f4e3c4e66d5bb997ca3c,"raw_hashes=5, full_hashes=1, body_hashes=1"
exact_cluster_ff3aac10c702719b,exact_normalized_body,2,email_2cc4adabcc5803b7cbfa43b54f482ec5,nazario,email_2cc4adabcc5803b7cbfa43b54f482ec5|email_ea0c996d299138d7113f800bd17c36c8,"raw_hashes=2, full_hashes=2, body_hashes=1"
exact_cluster_b9d663dc05f4bfca,exact_normalized_full,2,email_053c81ba2e3b6fa87baa7e8c82aa5421,nazario,email_053c81ba2e3b6fa87baa7e8c82aa5421|email_2709f7c4c8c55b10f9af266cee71e461,"raw_hashes=2, full_hashes=1, body_hashes=1"
exact_cluster_ba23175f5bc8fa3c,exact_normalized_full,2,email_5c380a61ca5e6437e7ef25147c03187c,nazario,email_51b5eeb13b65423a643ab076459e8995|email_5c380a61ca5e6437e7ef25147c03187c,"raw_hashes=2, full_hashes=1, body_hashes=1"
exact_cluster_9e94a5c3054ccfac,exact_normalized_body,2,email_7814ab280af8f9ed77f9e7e918ece922,nazario,email_51378f6f6d844bfb8551fecc540d53b8|email_7814ab280af8f9ed77f9e7e918ece922,"raw_hashes=2, full_hashes=2, body_hashes=1"
exact_cluster_cc8da18db86274a3,exact_normalized_body,4,email_4ef221b741f857fbbe6f63da4fd705d7,nazario,email_4ef221b741f857fbbe6f63da4fd705d7|email_c361a9d794a3a6bddb2d373105cafdf2|email_e288ff41fd46bfe5058424c1fe81dd18|email_f79c16eb29a7b34e872e17dfe1f5512f,"raw_hashes=4, full_hashes=2, body_hashes=1"
exact_cluster_99307e5d96ff13b8,exact_normalized_body,4,email_edad13e2eb72fe76d0a14e1702b92979,epvme|nazario,email_1dfe03a9c7817dbbe150ab4a0a53a308|email_b312083a495670b49f30d4dbc8707011|email_c1a0124738c75918be928544818d87db|email_edad13e2eb72fe76d0a14e1702b92979,"raw_hashes=4, full_hashes=3, body_hashes=1"
exact_cluster_52b26140b3521630,exact_normalized_body,2,email_2737a4492283fd1543d3176c29f4a453,nazario,email_2737a4492283fd1543d3176c29f4a453|email_eed73986006fc6e3b1440c2c30c07350,"raw_hashes=2, full_hashes=2, body_hashes=1"
exact_cluster_d92d404e184b73fc,exact_normalized_body,5,email_b05f5fd8701862ca26901a9172531535,nazario,email_24ea67174b6028b8c5d26dd46ec1dca8|email_6e4bd069b4adf0a8cfd056c5210fd838|email_760e674598696da1e92acef812622db5|email_90c0f5ce65829e00de361a62c846b48f|email_b05f5fd8701862ca26901a9172531535,"raw_hashes=5, full_hashes=2, body_hashes=1"
exact_cluster_8b79f91d003f2d84,exact_normalized_body,2,email_5c5c526c1272c100a2bf8f496d3927ff,nazario,email_3cc95f59488cf4fc19601eff0b3a4c72|email_5c5c526c1272c100a2bf8f496d3927ff,"raw_hashes=2, full_hashes=2, body_hashes=1"
exact_cluster_2c482be26f712551,exact_normalized_full,2,email_8874c80e3a7c3b2b3c6235d43ac7608d,nazario,email_390445e752919ec0a7391fc202a912da|email_8874c80e3a7c3b2b3c6235d43ac7608d,"raw_hashes=2, full_hashes=1, body_hashes=1"
exact_cluster_14745b31aefc73dc,exact_normalized_body,2,email_461c2389f40feac73f70e7164ec8183e,nazario,email_2a3093b759811b9fd988cab6f06762da|email_461c2389f40feac73f70e7164ec8183e,"raw_hashes=2, full_hashes=2, body_hashes=1"
exact_cluster_5a835cfaa0be718d,exact_normalized_full,2,email_92acab3444fe14cebd2a78ad9e1eaec7,nazario,email_6ef8b86318cd8fbbd0a4cdec93d30b5d|email_92acab3444fe14cebd2a78ad9e1eaec7,"raw_hashes=2, full_hashes=1, body_hashes=1"
exact_cluster_04606bd471c50311,exact_normalized_full,2,email_165fbbf2295cbcc6ef3c742126fa77ba,nazario,email_165fbbf2295cbcc6ef3c742126fa77ba|email_507eee39f7eb2fa5882471d7a1a6e99e,"raw_hashes=2, full_hashes=1, body_hashes=1"
exact_cluster_139afa9f1c87a970,exact_normalized_body,6,email_443e524ae746205b9dd3f474eef27c62,nazario,email_22788edb4f2474b2174f952ab4aee4db|email_443e524ae746205b9dd3f474eef27c62|email_7f0c05dc12bed710d8532b702ac51628|email_7f7425a2cc826de82ca035b98d76653a|email_b31b3ede2672e22ebb9f333e33937dcc|email_f14b01d116aa12e623b49696f9980898,"raw_hashes=6, full_hashes=5, body_hashes=1"
exact_cluster_056c97ed6c3b5e54,exact_normalized_full,2,email_00c674cf70947d54d8575b32e4461fb1,nazario,email_00c674cf70947d54d8575b32e4461fb1|email_3e00ef49569ee012395cf45475678b77,"raw_hashes=2, full_hashes=1, body_hashes=1"
exact_cluster_95ce8278bd88b59f,exact_normalized_body,2,email_634bedeac8bee7a4b1dc6234aec79d3a,nazario,email_634bedeac8bee7a4b1dc6234aec79d3a|email_b603d3dc8314aad3eeba4b9b1f352834,"raw_hashes=2, full_hashes=2, body_hashes=1"
exact_cluster_79f0f43c38b55ab4,exact_normalized_full,2,email_0b382de53d3dd7721474b1e28d874cab,nazario,email_0b382de53d3dd7721474b1e28d874cab|email_6666f9955ed97a3dfa30ee1a511cfdba,"raw_hashes=2, full_hashes=1, body_hashes=1"
exact_cluster_604bdd33c19aaf02,exact_normalized_full,2,email_c1c9626996c671a9620199a8e3663da7,nazario,email_c1c9626996c671a9620199a8e3663da7|email_ed9d450fd2968fc8150ce1739e1b408a,"raw_hashes=2, full_hashes=1, body_hashes=1"
exact_cluster_fe969b25c67d5a5c,exact_normalized_full,2,email_2e818f03d6b91c2c15fae0ca1bc270d7,nazario,email_2e818f03d6b91c2c15fae0ca1bc270d7|email_7e24bd4c863e47aae95bd28107c0811c,"raw_hashes=2, full_hashes=1, body_hashes=1"
exact_cluster_abf01b97a2ed6104,exact_normalized_body,3,email_6c0c0642b505fdc0e72e70f479ad22ec,nazario,email_6c0c0642b505fdc0e72e70f479ad22ec|email_e7ac568f35f433fa8f0ba03fc9fa9aeb|email_f05e12864d33ec34ac850f75708c0348,"raw_hashes=3, full_hashes=3, body_hashes=1"
exact_cluster_ddc3fae5ed7ca96a,exact_normalized_body,10,email_8d2893ddf0ca67bd2e4f3df159a0e97f,nazario,email_0474e5036609f579fbe5b7103932c953|email_070b458a1f76f5e221e15b19b175d0a8|email_2c14f19aeb535785de3bcb3abac00e8c|email_40999e214f0bfab04fbfb6a34d5c9369|email_69fbeabd173a203bf1fe246edf82484e|email_71620b1e549f19a32325dc7a8ee3df30|email_8d2893ddf0ca67bd2e4f3df159a0e97f|email_967a7bc6d9b18aa27e3752f3316fe12a|email_be3c1cca98038285b15275673e02c8d9|email_da37b0c7de24b3f1c9baddef77ca3814,"raw_hashes=10, full_hashes=5, body_hashes=1"
exact_cluster_0b1c759600af680a,exact_normalized_full,2,email_33105b3645b30719bf981753074de7b1,nazario,email_33105b3645b30719bf981753074de7b1|email_5d6ee6d47f6d66dd2641afd0e164c2a4,"raw_hashes=2, full_hashes=1, body_hashes=1"
exact_cluster_52f007b4ed587c7d,exact_normalized_body,2,email_8c4e07a317969b76cd67df0460813f91,nazario,email_5ba7024ab03fe26732890d38596214cc|email_8c4e07a317969b76cd67df0460813f91,"raw_hashes=2, full_hashes=2, body_hashes=1"
exact_cluster_347f44cc367de1ea,exact_normalized_full,2,email_f50ff7c5cadc785cab047281e2998b2a,nazario,email_977463d1f05f56a679ad2e7bd2ac86fc|email_f50ff7c5cadc785cab047281e2998b2a,"raw_hashes=2, full_hashes=1, body_hashes=1"
exact_cluster_fa092ae2ebf8aa45,exact_normalized_body,2,email_39e36579bd22f594446eec09fe14397b,nazario,email_39e36579bd22f594446eec09fe14397b|email_c93845d4198fb3daef1b6dc6d2363abe,"raw_hashes=2, full_hashes=2, body_hashes=1"
exact_cluster_de28a880f2d817d8,exact_normalized_body,3,email_5c43aafb77abdf7794261054516be93a,nazario,email_5c43aafb77abdf7794261054516be93a|email_c3a2f7f96918c51f4ba3002e441636f4|email_ebe6427194efef7f22ac4a6bfa6fcafb,"raw_hashes=3, full_hashes=3, body_hashes=1"
exact_cluster_efac76e2871569db,exact_normalized_body,2,email_5e5dee19eb85a06c2f02a3d28ca0bfc6,nazario,email_292d7fb6fc0bc357b42f7bfdedbbaaf0|email_5e5dee19eb85a06c2f02a3d28ca0bfc6,"raw_hashes=2, full_hashes=2, body_hashes=1"
exact_cluster_0026a71d175659b5,exact_normalized_body,3,email_972188f05296a0e6f1b588351c9dc678,nazario,email_97168405e9516fd07eb90f30ddcf6ca0|email_972188f05296a0e6f1b588351c9dc678|email_f1b8a05f3828fb6be7fdd2c6e8a15b64,"raw_hashes=3, full_hashes=3, body_hashes=1"
exact_cluster_8fe9ab2d105ff28a,exact_normalized_body,2,email_833f97645312fafd5c7d16a73d11bbb8,nazario,email_833f97645312fafd5c7d16a73d11bbb8|email_cf0a92b094e802542341bde7f3c8554b,"raw_hashes=2, full_hashes=2, body_hashes=1"
exact_cluster_66cc27f93721207c,exact_normalized_body,2,email_31e0138ab1ae2080f8f823f7c6d582ab,nazario,email_31e0138ab1ae2080f8f823f7c6d582ab|email_5bd2b4157de681651f7f3411fdf613dc,"raw_hashes=2, full_hashes=2, body_hashes=1"
exact_cluster_2b01edefe6de6354,exact_normalized_body,4,email_e98ef02f3abb97736234edcdf227f23d,nazario,email_256b23f07cb5a21dc744570a9ae9f273|email_8f5eb24e3c6a8ee784620cc7c71366d8|email_91c172c0c4da6571244ac7828684f379|email_e98ef02f3abb97736234edcdf227f23d,"raw_hashes=4, full_hashes=4, body_hashes=1"
exact_cluster_6d5de94b991e32e1,exact_normalized_full,13,email_015c5d86259a6af64de1b9cff338a3ec,nazario,email_015c5d86259a6af64de1b9cff338a3ec|email_04e06b524787cca9c24bc154bf0411b3|email_0d2e5200076a89f360ab990eeeaf5418|email_0f49032f9d00cc72729affc6c5d83ba7|email_3809b9960fb76a41b2d7bd3d39bc6d58|email_56067f66f09c5f744d0474ea44f09ede|email_5b28399265e24eb7613ed6b2f58c451e|email_690a9fba5ee4bb6ac183208f473bdce9|email_74084a0f5233ecfddedba919a10ab1c3|email_98f54b6b86808e07f05f7490cc653656|email_c13582a66b2d098c022c229fe5a2923f|email_dc66e9dfcf3119ce0ee67cebe11dcd79|email_e135ca0d98d3640877d397610f75b45d,"raw_hashes=13, full_hashes=1, body_hashes=1"
exact_cluster_9571af205013fa8a,exact_normalized_full,2,email_47da29b00749fd1670f978ef4972f1f7,nazario,email_47da29b00749fd1670f978ef4972f1f7|email_b86c34be2791358135ff4c948f538b1b,"raw_hashes=2, full_hashes=1, body_hashes=1"
exact_cluster_6973da46d1c96538,exact_normalized_body,16,email_fcc36abce187e629a477fe0063355314,nazario,email_2e81e43b4617b5e6a94aeabc6b502969|email_4fb96e38c1984995ac9979240ce0dd1d|email_51fa2a1833393b98584d9de2892e930e|email_52376b57da5577c9e5a9a6fef82943bb|email_5a3e456b13f2469b47d5caeaddba5867|email_5a5d37c86f55c823f21172cfba44f42f|email_88311e5a853c44e73a2ce71dfd3ebab9|email_8ebf7f0dad81b4400d78eb2456763a4f|email_907f3e021dc12ff73fd9e8e2a86555c6|email_94eda30975c4fb16bb0a7e4b0f3dec7b|email_b27c860657f61aea055a26d762f900ea|email_bbd5047a14b52c8971a18f3748de0260|email_d356600df672f3c0a3ad7e91aead721a|email_d70c34be39b047e6557601fdf46ca0cd|email_d948536fa4c801d1cf7707839ed8de34|email_fcc36abce187e629a477fe0063355314,"raw_hashes=16, full_hashes=4, body_hashes=1"
exact_cluster_7fede70a59a2e233,exact_normalized_full,3,email_86987f1096ad3b223ce59e258c0a68c7,nazario,email_63a74899124d2ed4c360e75d171c81d8|email_86987f1096ad3b223ce59e258c0a68c7|email_8c8fdfd7118ec3199fbf87cd3c54bae7,"raw_hashes=3, full_hashes=1, body_hashes=1"
exact_cluster_33afd314405a0a2e,exact_normalized_body,5,email_cef1bd2cdb6a34e8b97deed19b169d95,nazario,email_03035a98a137b4c9b136bdf46a84a63d|email_26c99f394ff90fd3a296f2f663d7c3b0|email_9397fd66082504fd2362e9d936f07c2c|email_c65dd83628937af0fb184eec28af4138|email_cef1bd2cdb6a34e8b97deed19b169d95,"raw_hashes=5, full_hashes=5, body_hashes=1"
exact_cluster_c9355bfe61d34f02,exact_normalized_body,6,email_280812919db7aa0fd2523bc47821b4e6,epvme|nazario,email_20f1eca8e914feaf4416cb47dfef8859|email_280812919db7aa0fd2523bc47821b4e6|email_4ec93decbf0503be9e9fedc70b1fa9ac|email_4f7514bb8ae393badfc4881955d85ec0|email_b6d63d2ca2067f5ebd38b9187a4ad003|email_e31753bc6accf543d955f771ab855c2e,"raw_hashes=6, full_hashes=6, body_hashes=1"
exact_cluster_15e0ae414c0d432a,exact_normalized_body,2,email_fd07ec0b6c399c90a274ac0e63930fd9,epvme|nazario,email_695df917a7becb85e8ce78104aecd42b|email_fd07ec0b6c399c90a274ac0e63930fd9,"raw_hashes=2, full_hashes=2, body_hashes=1"
exact_cluster_8824533ad141cff3,exact_normalized_body,3,email_d26abc92d9cff31b591641a79130fb61,nazario,email_8e83d8c383bd43c77e5845f33d5c594e|email_d26abc92d9cff31b591641a79130fb61|email_d9f1e9cadb9796ce8f2c1e4efcf4ede0,"raw_hashes=3, full_hashes=2, body_hashes=1"
exact_cluster_d37bda0d37855096,exact_normalized_full,2,email_72e6f2e217edfdf3fb6f265edabdb367,nazario,email_72e6f2e217edfdf3fb6f265edabdb367|email_ebf95142f18d66e9b8cc457cbdab335f,"raw_hashes=2, full_hashes=1, body_hashes=1"
exact_cluster_cf006907d7388704,exact_normalized_full,2,email_f6a0f14aa78e86e60044d3ac816d6a08,nazario,email_7960f02fe0420c72fff58dae67090cb0|email_f6a0f14aa78e86e60044d3ac816d6a08,"raw_hashes=2, full_hashes=1, body_hashes=1"
exact_cluster_850e215a102151eb,exact_normalized_full,2,email_19f9632df3d7816151a3bc38d9706b67,nazario,email_0a5c58718ac909678cd6154c6620be43|email_19f9632df3d7816151a3bc38d9706b67,"raw_hashes=2, full_hashes=1, body_hashes=1"
exact_cluster_35bee6d877066b13,exact_normalized_full,2,email_0f010fb7a03feb361b1f7b762669b0d2,nazario,email_0f010fb7a03feb361b1f7b762669b0d2|email_92229bce162a7cab9ad4086b6110fdbe,"raw_hashes=2, full_hashes=1, body_hashes=1"
exact_cluster_23d76359378ccdba,exact_normalized_full,2,email_8859aa99349281e681c91c61085a1888,nazario,email_68d03e843e8faeaf13df743f7d6d8bd9|email_8859aa99349281e681c91c61085a1888,"raw_hashes=2, full_hashes=1, body_hashes=1"
exact_cluster_c450b528556acd31,exact_normalized_body,2,email_223de59e1061bff334e3c0bb0a20e0bf,nazario,email_185375bb88dcb809ba1cca55969d39cd|email_223de59e1061bff334e3c0bb0a20e0bf,"raw_hashes=2, full_hashes=2, body_hashes=1"
exact_cluster_26c6f2a9c0063ae7,exact_normalized_body,3,email_43fa6df5b69ae1b980494b074337fda4,nazario,email_43fa6df5b69ae1b980494b074337fda4|email_61763b1ece5a39c14735862b2fbbe0bf|email_e0b23023a27d98dda1c0e5bcb71e935b,"raw_hashes=3, full_hashes=3, body_hashes=1"
exact_cluster_b3c05632f0053ff1,exact_normalized_body,2,email_66e2f923b0fb2439355ab78ff5a825c1,nazario,email_4f63f0279a7c5b4361739fb5ac22b5cc|email_66e2f923b0fb2439355ab78ff5a825c1,"raw_hashes=2, full_hashes=2, body_hashes=1"
exact_cluster_9a822bf5ec2c29ac,exact_normalized_body,2533,email_aaac85c09e146852e4a06a7a115f8c19,clair|epvme|nazario|phishing_pot|zefang_liu,email_02a3d6ba8a2d8e7cf22e467f8f447d9a|email_09e5699347d9783eaa7064c9496e2c21|email_1c4fcf2cd4ef698dc4f26055bf6e0693|email_26460e0805ed750e3a2aa293b6b1098b|email_2757c8319d80b3cf026efa0aa7f4a042|email_53b1114ec7c57119bdc16aff64fe4fc1|email_545c38b0922de19734fbffde62792c37|email_545c38b0922de19734fbffde62792c37|email_545c38b0922de19734fbffde62792c37|email_545c38b0922de19734fbffde62792c37|email_545c38b0922de19734fbffde62792c37|email_545c38b0922de19734fbffde62792c37|email_545c38b0922de19734fbffde62792c37|email_545c38b0922de19734fbffde62792c37|email_545c38b0922de19734fbffde62792c37|email_545c38b0922de19734fbffde62792c37|email_545c38b0922de19734fbffde62792c37|email_545c38b0922de19734fbffde62792c37|email_545c38b0922de19734fbffde62792c37|email_545c38b0922de19734fbffde62792c37|email_545c38b0922de19734fbffde62792c37|email_545c38b0922de19734fbffde62792c37|email_545c38b0922de19734fbffde62792c37|email_545c38b0922de19734fbffde62792c37|email_545c38b0922de19734fbffde62792c37|email_545c38b0922de19734fbffde62792c37|email_545c38b0922de19734fbffde62792c37|email_545c38b0922de19734fbffde62792c37|email_545c38b0922de19734fbffde62792c37|email_545c38b0922de19734fbffde62792c37|email_545c38b0922de19734fbffde62792c37|email_545c38b0922de19734fbffde62792c37|email_545c38b0922de19734fbffde62792c37|email_545c38b0922de19734fbffde62792c37|email_545c38b0922de19734fbffde62792c37|email_545c38b0922de19734fbffde62792c37|email_545c38b0922de19734fbffde62792c37|email_545c38b0922de19734fbffde62792c37|email_545c38b0922de19734fbffde62792c37|email_545c38b0922de19734fbffde62792c37|email_545c38b0922de19734fbffde62792c37|email_545c38b0922de19734fbffde62792c37|email_545c38b0922de19734fbffde62792c37|email_545c38b0922de19734fbffde62792c37|email_545c38b0922de19734fbffde62792c37|email_545c38b0922de19734fbffde62792c37|email_545c38b0922de19734fbffde62792c37|email_545c38b0922de19734fbffde62792c37|email_545c38b0922de19734fbffde62792c37|email_545c38b0922de19734fbffde62792c37|email_545c38b0922de19734fbffde62792c37|email_545c38b0922de19734fbffde62792c37|email_545c38b0922de19734fbffde62792c37|email_545c38b0922de19734fbffde62792c37|email_545c38b0922de19734fbffde62792c37|email_545c38b0922de19734fbffde62792c37|email_545c38b0922de19734fbffde62792c37|email_545c38b0922de19734fbffde62792c37|email_545c38b0922de19734fbffde62792c37|email_545c38b0922de19734fbffde62792c37|email_545c38b0922de19734fbffde62792c37|email_545c38b0922de19734fbffde62792c37|email_545c38b0922de19734fbffde62792c37|email_545c38b0922de19734fbffde62792c37|email_545c38b0922de19734fbffde62792c37|email_545c38b0922de19734fbffde62792c37|email_545c38b0922de19734fbffde62792c37|email_545c38b0922de19734fbffde62792c37|email_545c38b0922de19734fbffde62792c37|email_545c38b0922de19734fbffde62792c37|email_545c38b0922de19734fbffde62792c37|email_545c38b0922de19734fbffde62792c37|email_545c38b0922de19734fbffde62792c37|email_545c38b0922de19734fbffde62792c37|email_545c38b0922de19734fbffde62792c37|email_545c38b0922de19734fbffde62792c37|email_545c38b0922de19734fbffde62792c37|email_545c38b0922de19734fbffde62792c37|email_545c38b0922de19734fbffde62792c37|email_545c38b0922de19734fbffde62792c37|email_545c38b0922de19734fbffde62792c37|email_545c38b0922de19734fbffde62792c37|email_545c38b0922de19734fbffde62792c37|email_545c38b0922de19734fbffde62792c37|email_545c38b0922de19734fbffde62792c37|email_545c38b0922de19734fbffde62792c37|email_545c38b0922de19734fbffde62792c37|email_545c38b0922de19734fbffde62792c37|email_545c38b0922de19734fbffde62792c37|email_545c38b0922de19734fbffde62792c37|email_545c38b0922de19734fbffde62792c37|email_545c38b0922de19734fbffde62792c37|email_545c38b0922de19734fbffde62792c37|email_545c38b0922de19734fbffde62792c37|email_545c38b0922de19734fbffde62792c37|email_545c38b0922de19734fbffde62792c37|email_545c38b0922de19734fbffde62792c37|email_545c38b0922de19734fbffde62792c37|email_545c38b0922de19734fbffde62792c37|email_545c38b0922de19734fbffde62792c37|email_545c38b0922de19734fbffde62792c37|email_545c38b0922de19734fbffde62792c37|email_545c38b0922de19734fbffde62792c37|email_545c38b0922de19734fbffde62792c37|email_545c38b0922de19734fbffde62792c37|email_545c38b0922de19734fbffde62792c37|email_545c38b0922de19734fbffde62792c37|email_545c38b0922de19734fbffde62792c37|email_545c38b0922de19734fbffde62792c37|email_545c38b0922de19734fbffde62792c37|email_545c38b0922de19734fbffde62792c37|email_545c38b0922de19734fbffde62792c37|email_545c38b0922de19734fbffde62792c37|email_545c38b0922de19734fbffde62792c37|email_545c38b0922de19734fbffde62792c37|email_545c38b0922de19734fbffde62792c37|email_545c38b0922de19734fbffde62792c37|email_545c38b0922de19734fbffde62792c37|email_545c38b0922de19734fbffde62792c37|email_545c38b0922de19734fbffde62792c37|email_545c38b0922de19734fbffde62792c37|email_545c38b0922de19734fbffde62792c37|email_545c38b0922de19734fbffde62792c37|email_545c38b0922de19734fbffde62792c37|email_545c38b0922de19734fbffde62792c37|email_545c38b0922de19734fbffde62792c37|email_545c38b0922de19734fbffde62792c37|email_545c38b0922de19734fbffde62792c37|email_545c38b0922de19734fbffde62792c37|email_545c38b0922de19734fbffde62792c37|email_545c38b0922de19734fbffde62792c37|email_545c38b0922de19734fbffde62792c37|email_545c38b0922de19734fbffde62792c37|email_545c38b0922de19734fbffde62792c37|email_545c38b0922de19734fbffde62792c37|email_545c38b0922de19734fbffde62792c37|email_545c38b0922de19734fbffde62792c37|email_545c38b0922de19734fbffde62792c37|email_545c38b0922de19734fbffde62792c37|email_545c38b0922de19734fbffde62792c37|email_545c38b0922de19734fbffde62792c37|email_545c38b0922de19734fbffde62792c37|email_545c38b0922de19734fbffde62792c37|email_545c38b0922de19734fbffde62792c37|email_545c38b0922de19734fbffde62792c37|email_545c38b0922de19734fbffde62792c37|email_545c38b0922de19734fbffde62792c37|email_545c38b0922de19734fbffde62792c37|email_545c38b0922de19734fbffde62792c37|email_545c38b0922de19734fbffde62792c37|email_545c38b0922de19734fbffde62792c37|email_545c38b0922de19734fbffde62792c37|email_545c38b0922de19734fbffde62792c37|email_545c38b0922de19734fbffde62792c37|email_545c38b0922de19734fbffde62792c37|email_545c38b0922de19734fbffde62792c37|email_545c38b0922de19734fbffde62792c37|email_545c38b0922de19734fbffde62792c37|email_545c38b0922de19734fbffde62792c37|email_545c38b0922de19734fbffde62792c37|email_545c38b0922de19734fbffde62792c37|email_545c38b0922de19734fbffde62792c37|email_545c38b0922de19734fbffde62792c37|email_545c38b0922de19734fbffde62792c37|email_545c38b0922de19734fbffde62792c37|email_545c38b0922de19734fbffde62792c37|email_545c38b0922de19734fbffde62792c37|email_545c38b0922de19734fbffde62792c37|email_545c38b0922de19734fbffde62792c37|email_545c38b0922de19734fbffde62792c37|email_545c38b0922de19734fbffde62792c37|email_545c38b0922de19734fbffde62792c37|email_545c38b0922de19734fbffde62792c37|email_545c38b0922de19734fbffde62792c37|email_545c38b0922de19734fbffde62792c37|email_545c38b0922de19734fbffde62792c37|email_545c38b0922de19734fbffde62792c37|email_545c38b0922de19734fbffde62792c37|email_545c38b0922de19734fbffde62792c37|email_545c38b0922de19734fbffde62792c37|email_545c38b0922de19734fbffde62792c37|email_545c38b0922de19734fbffde62792c37|email_545c38b0922de19734fbffde62792c37|email_545c38b0922de19734fbffde62792c37|email_545c38b0922de19734fbffde62792c37|email_545c38b0922de19734fbffde62792c37|email_545c38b0922de19734fbffde62792c37|email_545c38b0922de19734fbffde62792c37|email_545c38b0922de19734fbffde62792c37|email_545c38b0922de19734fbffde62792c37|email_545c38b0922de19734fbffde62792c37|email_545c38b0922de19734fbffde62792c37|email_545c38b0922de19734fbffde62792c37|email_545c38b0922de19734fbffde62792c37|email_545c38b0922de19734fbffde62792c37|email_545c38b0922de19734fbffde62792c37|email_545c38b0922de19734fbffde62792c37|email_545c38b0922de19734fbffde62792c37|email_545c38b0922de19734fbffde62792c37|email_545c38b0922de19734fbffde62792c37|email_545c38b0922de19734fbffde62792c37|email_545c38b0922de19734fbffde62792c37|email_545c38b0922de19734fbffde62792c37|email_545c38b0922de19734fbffde62792c37|email_545c38b0922de19734fbffde62792c37|email_545c38b0922de19734fbffde62792c37|email_545c38b0922de19734fbffde62792c37|email_545c38b0922de19734fbffde62792c37|email_545c38b0922de19734fbffde62792c37|email_545c38b0922de19734fbffde62792c37|email_545c38b0922de19734fbffde62792c37|email_545c38b0922de19734fbffde62792c37|email_545c38b0922de19734fbffde62792c37|email_545c38b0922de19734fbffde62792c37|email_545c38b0922de19734fbffde62792c37|email_545c38b0922de19734fbffde62792c37|email_545c38b0922de19734fbffde62792c37|email_545c38b0922de19734fbffde62792c37|email_545c38b0922de19734fbffde62792c37|email_545c38b0922de19734fbffde62792c37|email_545c38b0922de19734fbffde62792c37|email_545c38b0922de19734fbffde62792c37|email_545c38b0922de19734fbffde62792c37|email_545c38b0922de19734fbffde62792c37|email_545c38b0922de19734fbffde62792c37|email_545c38b0922de19734fbffde62792c37|email_545c38b0922de19734fbffde62792c37|email_545c38b0922de19734fbffde62792c37|email_545c38b0922de19734fbffde62792c37|email_545c38b0922de19734fbffde62792c37|email_545c38b0922de19734fbffde62792c37|email_545c38b0922de19734fbffde62792c37|email_545c38b0922de19734fbffde62792c37|email_545c38b0922de19734fbffde62792c37|email_545c38b0922de19734fbffde62792c37|email_545c38b0922de19734fbffde62792c37|email_545c38b0922de19734fbffde62792c37|email_545c38b0922de19734fbffde62792c37|email_545c38b0922de19734fbffde62792c37|email_545c38b0922de19734fbffde62792c37|email_545c38b0922de19734fbffde62792c37|email_545c38b0922de19734fbffde62792c37|email_545c38b0922de19734fbffde62792c37|email_545c38b0922de19734fbffde62792c37|email_545c38b0922de19734fbffde62792c37|email_545c38b0922de19734fbffde62792c37|email_545c38b0922de19734fbffde62792c37|email_545c38b0922de19734fbffde62792c37|email_545c38b0922de19734fbffde62792c37|email_545c38b0922de19734fbffde62792c37|email_545c38b0922de19734fbffde62792c37|email_545c38b0922de19734fbffde62792c37|email_545c38b0922de19734fbffde62792c37|email_545c38b0922de19734fbffde62792c37|email_545c38b0922de19734fbffde62792c37|email_545c38b0922de19734fbffde62792c37|email_545c38b0922de19734fbffde62792c37|email_545c38b0922de19734fbffde62792c37|email_545c38b0922de19734fbffde62792c37|email_545c38b0922de19734fbffde62792c37|email_545c38b0922de19734fbffde62792c37|email_545c38b0922de19734fbffde62792c37|email_545c38b0922de19734fbffde62792c37|email_545c38b0922de19734fbffde62792c37|email_545c38b0922de19734fbffde62792c37|email_545c38b0922de19734fbffde62792c37|email_545c38b0922de19734fbffde62792c37|email_545c38b0922de19734fbffde62792c37|email_545c38b0922de19734fbffde62792c37|email_545c38b0922de19734fbffde62792c37|email_545c38b0922de19734fbffde62792c37|email_545c38b0922de19734fbffde62792c37|email_545c38b0922de19734fbffde62792c37|email_545c38b0922de19734fbffde62792c37|email_545c38b0922de19734fbffde62792c37|email_545c38b0922de19734fbffde62792c37|email_545c38b0922de19734fbffde62792c37|email_545c38b0922de19734fbffde62792c37|email_545c38b0922de19734fbffde62792c37|email_545c38b0922de19734fbffde62792c37|email_545c38b0922de19734fbffde62792c37|email_545c38b0922de19734fbffde62792c37|email_545c38b0922de19734fbffde62792c37|email_545c38b0922de19734fbffde62792c37|email_545c38b0922de19734fbffde62792c37|email_545c38b0922de19734fbffde62792c37|email_545c38b0922de19734fbffde62792c37|email_545c38b0922de19734fbffde62792c37|email_545c38b0922de19734fbffde62792c37|email_545c38b0922de19734fbffde62792c37|email_545c38b0922de19734fbffde62792c37|email_545c38b0922de19734fbffde62792c37|email_545c38b0922de19734fbffde62792c37|email_545c38b0922de19734fbffde62792c37|email_545c38b0922de19734fbffde62792c37|email_545c38b0922de19734fbffde62792c37|email_545c38b0922de19734fbffde62792c37|email_545c38b0922de19734fbffde62792c37|email_545c38b0922de19734fbffde62792c37|email_545c38b0922de19734fbffde62792c37|email_545c38b0922de19734fbffde62792c37|email_545c38b0922de19734fbffde62792c37|email_545c38b0922de19734fbffde62792c37|email_545c38b0922de19734fbffde62792c37|email_545c38b0922de19734fbffde62792c37|email_545c38b0922de19734fbffde62792c37|email_545c38b0922de19734fbffde62792c37|email_545c38b0922de19734fbffde62792c37|email_545c38b0922de19734fbffde62792c37|email_545c38b0922de19734fbffde62792c37|email_545c38b0922de19734fbffde62792c37|email_545c38b0922de19734fbffde62792c37|email_545c38b0922de19734fbffde62792c37|email_545c38b0922de19734fbffde62792c37|email_545c38b0922de19734fbffde62792c37|email_545c38b0922de19734fbffde62792c37|email_545c38b0922de19734fbffde62792c37|email_545c38b0922de19734fbffde62792c37|email_545c38b0922de19734fbffde62792c37|email_545c38b0922de19734fbffde62792c37|email_545c38b0922de19734fbffde62792c37|email_545c38b0922de19734fbffde62792c37|email_545c38b0922de19734fbffde62792c37|email_545c38b0922de19734fbffde62792c37|email_545c38b0922de19734fbffde62792c37|email_545c38b0922de19734fbffde62792c37|email_545c38b0922de19734fbffde62792c37|email_545c38b0922de19734fbffde62792c37|email_545c38b0922de19734fbffde62792c37|email_545c38b0922de19734fbffde62792c37|email_545c38b0922de19734fbffde62792c37|email_545c38b0922de19734fbffde62792c37|email_545c38b0922de19734fbffde62792c37|email_545c38b0922de19734fbffde62792c37|email_545c38b0922de19734fbffde62792c37|email_545c38b0922de19734fbffde62792c37|email_545c38b0922de19734fbffde62792c37|email_545c38b0922de19734fbffde62792c37|email_545c38b0922de19734fbffde62792c37|email_545c38b0922de19734fbffde62792c37|email_545c38b0922de19734fbffde62792c37|email_545c38b0922de19734fbffde62792c37|email_545c38b0922de19734fbffde62792c37|email_545c38b0922de19734fbffde62792c37|email_545c38b0922de19734fbffde62792c37|email_545c38b0922de19734fbffde62792c37|email_545c38b0922de19734fbffde62792c37|email_545c38b0922de19734fbffde62792c37|email_545c38b0922de19734fbffde62792c37|email_545c38b0922de19734fbffde62792c37|email_545c38b0922de19734fbffde62792c37|email_545c38b0922de19734fbffde62792c37|email_545c38b0922de19734fbffde62792c37|email_545c38b0922de19734fbffde62792c37|email_545c38b0922de19734fbffde62792c37|email_545c38b0922de19734fbffde62792c37|email_545c38b0922de19734fbffde62792c37|email_545c38b0922de19734fbffde62792c37|email_545c38b0922de19734fbffde62792c37|email_545c38b0922de19734fbffde62792c37|email_545c38b0922de19734fbffde62792c37|email_545c38b0922de19734fbffde62792c37|email_545c38b0922de19734fbffde62792c37|email_545c38b0922de19734fbffde62792c37|email_545c38b0922de19734fbffde62792c37|email_545c38b0922de19734fbffde62792c37|email_545c38b0922de19734fbffde62792c37|email_545c38b0922de19734fbffde62792c37|email_545c38b0922de19734fbffde62792c37|email_545c38b0922de19734fbffde62792c37|email_545c38b0922de19734fbffde62792c37|email_545c38b0922de19734fbffde62792c37|email_545c38b0922de19734fbffde62792c37|email_545c38b0922de19734fbffde62792c37|email_545c38b0922de19734fbffde62792c37|email_545c38b0922de19734fbffde62792c37|email_545c38b0922de19734fbffde62792c37|email_545c38b0922de19734fbffde62792c37|email_545c38b0922de19734fbffde62792c37|email_545c38b0922de19734fbffde62792c37|email_545c38b0922de19734fbffde62792c37|email_545c38b0922de19734fbffde62792c37|email_545c38b0922de19734fbffde62792c37|email_545c38b0922de19734fbffde62792c37|email_545c38b0922de19734fbffde62792c37|email_545c38b0922de19734fbffde62792c37|email_545c38b0922de19734fbffde62792c37|email_545c38b0922de19734fbffde62792c37|email_545c38b0922de19734fbffde62792c37|email_545c38b0922de19734fbffde62792c37|email_545c38b0922de19734fbffde62792c37|email_545c38b0922de19734fbffde62792c37|email_545c38b0922de19734fbffde62792c37|email_545c38b0922de19734fbffde62792c37|email_545c38b0922de19734fbffde62792c37|email_545c38b0922de19734fbffde62792c37|email_545c38b0922de19734fbffde62792c37|email_545c38b0922de19734fbffde62792c37|email_545c38b0922de19734fbffde62792c37|email_545c38b0922de19734fbffde62792c37|email_545c38b0922de19734fbffde62792c37|email_545c38b0922de19734fbffde62792c37|email_545c38b0922de19734fbffde62792c37|email_545c38b0922de19734fbffde62792c37|email_545c38b0922de19734fbffde62792c37|email_545c38b0922de19734fbffde62792c37|email_545c38b0922de19734fbffde62792c37|email_545c38b0922de19734fbffde62792c37|email_545c38b0922de19734fbffde62792c37|email_545c38b0922de19734fbffde62792c37|email_545c38b0922de19734fbffde62792c37|email_545c38b0922de19734fbffde62792c37|email_545c38b0922de19734fbffde62792c37|email_545c38b0922de19734fbffde62792c37|email_545c38b0922de19734fbffde62792c37|email_545c38b0922de19734fbffde62792c37|email_545c38b0922de19734fbffde62792c37|email_545c38b0922de19734fbffde62792c37|email_545c38b0922de19734fbffde62792c37|email_545c38b0922de19734fbffde62792c37|email_545c38b0922de19734fbffde62792c37|email_545c38b0922de19734fbffde62792c37|email_545c38b0922de19734fbffde62792c37|email_545c38b0922de19734fbffde62792c37|email_545c38b0922de19734fbffde62792c37|email_545c38b0922de19734fbffde62792c37|email_545c38b0922de19734fbffde62792c37|email_545c38b0922de19734fbffde62792c37|email_545c38b0922de19734fbffde62792c37|email_545c38b0922de19734fbffde62792c37|email_545c38b0922de19734fbffde62792c37|email_545c38b0922de19734fbffde62792c37|email_545c38b0922de19734fbffde62792c37|email_545c38b0922de19734fbffde62792c37|email_545c38b0922de19734fbffde62792c37|email_545c38b0922de19734fbffde62792c37|email_545c38b0922de19734fbffde62792c37|email_545c38b0922de19734fbffde62792c37|email_545c38b0922de19734fbffde62792c37|email_545c38b0922de19734fbffde62792c37|email_545c38b0922de19734fbffde62792c37|email_545c38b0922de19734fbffde62792c37|email_545c38b0922de19734fbffde62792c37|email_545c38b0922de19734fbffde62792c37|email_545c38b0922de19734fbffde62792c37|email_545c38b0922de19734fbffde62792c37|email_545c38b0922de19734fbffde62792c37|email_545c38b0922de19734fbffde62792c37|email_545c38b0922de19734fbffde62792c37|email_545c38b0922de19734fbffde62792c37|email_545c38b0922de19734fbffde62792c37|email_545c38b0922de19734fbffde62792c37|email_545c38b0922de19734fbffde62792c37|email_545c38b0922de19734fbffde62792c37|email_545c38b0922de19734fbffde62792c37|email_545c38b0922de19734fbffde62792c37|email_545c38b0922de19734fbffde62792c37|email_545c38b0922de19734fbffde62792c37|email_545c38b0922de19734fbffde62792c37|email_545c38b0922de19734fbffde62792c37|email_545c38b0922de19734fbffde62792c37|email_545c38b0922de19734fbffde62792c37|email_545c38b0922de19734fbffde62792c37|email_545c38b0922de19734fbffde62792c37|email_545c38b0922de19734fbffde62792c37|email_545c38b0922de19734fbffde62792c37|email_545c38b0922de19734fbffde62792c37|email_545c38b0922de19734fbffde62792c37|email_545c38b0922de19734fbffde62792c37|email_545c38b0922de19734fbffde62792c37|email_545c38b0922de19734fbffde62792c37|email_545c38b0922de19734fbffde62792c37|email_545c38b0922de19734fbffde62792c37|email_545c38b0922de19734fbffde62792c37|email_545c38b0922de19734fbffde62792c37|email_545c38b0922de19734fbffde62792c37|email_545c38b0922de19734fbffde62792c37|email_545c38b0922de19734fbffde62792c37|email_545c38b0922de19734fbffde62792c37|email_545c38b0922de19734fbffde62792c37|email_545c38b0922de19734fbffde62792c37|email_545c38b0922de19734fbffde62792c37|email_545c38b0922de19734fbffde62792c37|email_545c38b0922de19734fbffde62792c37|email_545c38b0922de19734fbffde62792c37|email_545c38b0922de19734fbffde62792c37|email_545c38b0922de19734fbffde62792c37|email_545c38b0922de19734fbffde62792c37|email_545c38b0922de19734fbffde62792c37|email_545c38b0922de19734fbffde62792c37|email_545c38b0922de19734fbffde62792c37|email_545c38b0922de19734fbffde62792c37|email_545c38b0922de19734fbffde62792c37|email_545c38b0922de19734fbffde62792c37|email_545c38b0922de19734fbffde62792c37|email_545c38b0922de19734fbffde62792c37|email_545c38b0922de19734fbffde62792c37|email_545c38b0922de19734fbffde62792c37|email_545c38b0922de19734fbffde62792c37|email_545c38b0922de19734fbffde62792c37|email_545c38b0922de19734fbffde62792c37|email_545c38b0922de19734fbffde62792c37|email_545c38b0922de19734fbffde62792c37|email_545c38b0922de19734fbffde62792c37|email_545c38b0922de19734fbffde62792c37|email_545c38b0922de19734fbffde62792c37|email_545c38b0922de19734fbffde62792c37|email_545c38b0922de19734fbffde62792c37|email_545c38b0922de19734fbffde62792c37|email_545c38b0922de19734fbffde62792c37|email_545c38b0922de19734fbffde62792c37|email_545c38b0922de19734fbffde62792c37|email_545c38b0922de19734fbffde62792c37|email_545c38b0922de19734fbffde62792c37|email_545c38b0922de19734fbffde62792c37|email_545c38b0922de19734fbffde62792c37|email_545c38b0922de19734fbffde62792c37|email_545c38b0922de19734fbffde62792c37|email_545c38b0922de19734fbffde62792c37|email_545c38b0922de19734fbffde62792c37|email_545c38b0922de19734fbffde62792c37|email_545c38b0922de19734fbffde62792c37|email_545c38b0922de19734fbffde62792c37|email_545c38b0922de19734fbffde62792c37|email_545c38b0922de19734fbffde62792c37|email_545c38b0922de19734fbffde62792c37|email_545c38b0922de19734fbffde62792c37|email_545c38b0922de19734fbffde62792c37|email_545c38b0922de19734fbffde62792c37|email_545c38b0922de19734fbffde62792c37|email_545c38b0922de19734fbffde62792c37|email_545c38b0922de19734fbffde62792c37|email_545c38b0922de19734fbffde62792c37|email_545c38b0922de19734fbffde62792c37|email_545c38b0922de19734fbffde62792c37|email_545c38b0922de19734fbffde62792c37|email_545c38b0922de19734fbffde62792c37|email_545c38b0922de19734fbffde62792c37|email_545c38b0922de19734fbffde62792c37|email_545c38b0922de19734fbffde62792c37|email_545c38b0922de19734fbffde62792c37|email_545c38b0922de19734fbffde62792c37|email_545c38b0922de19734fbffde62792c37|email_545c38b0922de19734fbffde62792c37|email_545c38b0922de19734fbffde62792c37|email_545c38b0922de19734fbffde62792c37|email_545c38b0922de19734fbffde62792c37|email_545c38b0922de19734fbffde62792c37|email_545c38b0922de19734fbffde62792c37|email_545c38b0922de19734fbffde62792c37|email_545c38b0922de19734fbffde62792c37|email_545c38b0922de19734fbffde62792c37|email_545c38b0922de19734fbffde62792c37|email_545c38b0922de19734fbffde62792c37|email_545c38b0922de19734fbffde62792c37|email_545c38b0922de19734fbffde62792c37|email_545c38b0922de19734fbffde62792c37|email_545c38b0922de19734fbffde62792c37|email_545c38b0922de19734fbffde62792c37|email_545c38b0922de19734fbffde62792c37|email_545c38b0922de19734fbffde62792c37|email_545c38b0922de19734fbffde62792c37|email_545c38b0922de19734fbffde62792c37|email_545c38b0922de19734fbffde62792c37|email_545c38b0922de19734fbffde62792c37|email_545c38b0922de19734fbffde62792c37|email_545c38b0922de19734fbffde62792c37|email_545c38b0922de19734fbffde62792c37|email_545c38b0922de19734fbffde62792c37|email_545c38b0922de19734fbffde62792c37|email_545c38b0922de19734fbffde62792c37|email_545c38b0922de19734fbffde62792c37|email_545c38b0922de19734fbffde62792c37|email_545c38b0922de19734fbffde62792c37|email_545c38b0922de19734fbffde62792c37|email_545c38b0922de19734fbffde62792c37|email_545c38b0922de19734fbffde62792c37|email_545c38b0922de19734fbffde62792c37|email_545c38b0922de19734fbffde62792c37|email_545c38b0922de19734fbffde62792c37|email_545c38b0922de19734fbffde62792c37|email_545c38b0922de19734fbffde62792c37|email_545c38b0922de19734fbffde62792c37|email_545c38b0922de19734fbffde62792c37|email_545c38b0922de19734fbffde62792c37|email_545c38b0922de19734fbffde62792c37|email_545c38b0922de19734fbffde62792c37|email_545c38b0922de19734fbffde62792c37|email_545c38b0922de19734fbffde62792c37|email_545c38b0922de19734fbffde62792c37|email_545c38b0922de19734fbffde62792c37|email_545c38b0922de19734fbffde62792c37|email_545c38b0922de19734fbffde62792c37|email_545c38b0922de19734fbffde62792c37|email_545c38b0922de19734fbffde62792c37|email_545c38b0922de19734fbffde62792c37|email_545c38b0922de19734fbffde62792c37|email_545c38b0922de19734fbffde62792c37|email_545c38b0922de19734fbffde62792c37|email_545c38b0922de19734fbffde62792c37|email_545c38b0922de19734fbffde62792c37|email_545c38b0922de19734fbffde62792c37|email_545c38b0922de19734fbffde62792c37|email_545c38b0922de19734fbffde62792c37|email_545c38b0922de19734fbffde62792c37|email_545c38b0922de19734fbffde62792c37|email_545c38b0922de19734fbffde62792c37|email_545c38b0922de19734fbffde62792c37|email_545c38b0922de19734fbffde62792c37|email_545c38b0922de19734fbffde62792c37|email_545c38b0922de19734fbffde62792c37|email_545c38b0922de19734fbffde62792c37|email_545c38b0922de19734fbffde62792c37|email_545c38b0922de19734fbffde62792c37|email_545c38b0922de19734fbffde62792c37|email_545c38b0922de19734fbffde62792c37|email_545c38b0922de19734fbffde62792c37|email_545c38b0922de19734fbffde62792c37|email_545c38b0922de19734fbffde62792c37|email_545c38b0922de19734fbffde62792c37|email_545c38b0922de19734fbffde62792c37|email_545c38b0922de19734fbffde62792c37|email_545c38b0922de19734fbffde62792c37|email_545c38b0922de19734fbffde62792c37|email_545c38b0922de19734fbffde62792c37|email_545c38b0922de19734fbffde62792c37|email_545c38b0922de19734fbffde62792c37|email_545c38b0922de19734fbffde62792c37|email_545c38b0922de19734fbffde62792c37|email_545c38b0922de19734fbffde62792c37|email_545c38b0922de19734fbffde62792c37|email_545c38b0922de19734fbffde62792c37|email_545c38b0922de19734fbffde62792c37|email_545c38b0922de19734fbffde62792c37|email_545c38b0922de19734fbffde62792c37|email_545c38b0922de19734fbffde62792c37|email_545c38b0922de19734fbffde62792c37|email_545c38b0922de19734fbffde62792c37|email_545c38b0922de19734fbffde62792c37|email_545c38b0922de19734fbffde62792c37|email_545c38b0922de19734fbffde62792c37|email_545c38b0922de19734fbffde62792c37|email_545c38b0922de19734fbffde62792c37|email_545c38b0922de19734fbffde62792c37|email_545c38b0922de19734fbffde62792c37|email_545c38b0922de19734fbffde62792c37|email_545c38b0922de19734fbffde62792c37|email_545c38b0922de19734fbffde62792c37|email_545c38b0922de19734fbffde62792c37|email_545c38b0922de19734fbffde62792c37|email_545c38b0922de19734fbffde62792c37|email_545c38b0922de19734fbffde62792c37|email_545c38b0922de19734fbffde62792c37|email_545c38b0922de19734fbffde62792c37|email_545c38b0922de19734fbffde62792c37|email_545c38b0922de19734fbffde62792c37|email_545c38b0922de19734fbffde62792c37|email_545c38b0922de19734fbffde62792c37|email_545c38b0922de19734fbffde62792c37|email_545c38b0922de19734fbffde62792c37|email_545c38b0922de19734fbffde62792c37|email_545c38b0922de19734fbffde62792c37|email_545c38b0922de19734fbffde62792c37|email_545c38b0922de19734fbffde62792c37|email_545c38b0922de19734fbffde62792c37|email_545c38b0922de19734fbffde62792c37|email_545c38b0922de19734fbffde62792c37|email_545c38b0922de19734fbffde62792c37|email_545c38b0922de19734fbffde62792c37|email_545c38b0922de19734fbffde62792c37|email_545c38b0922de19734fbffde62792c37|email_545c38b0922de19734fbffde62792c37|email_545c38b0922de19734fbffde62792c37|email_545c38b0922de19734fbffde62792c37|email_545c38b0922de19734fbffde62792c37|email_545c38b0922de19734fbffde62792c37|email_545c38b0922de19734fbffde62792c37|email_545c38b0922de19734fbffde62792c37|email_545c38b0922de19734fbffde62792c37|email_545c38b0922de19734fbffde62792c37|email_545c38b0922de19734fbffde62792c37|email_545c38b0922de19734fbffde62792c37|email_545c38b0922de19734fbffde62792c37|email_545c38b0922de19734fbffde62792c37|email_545c38b0922de19734fbffde62792c37|email_545c38b0922de19734fbffde62792c37|email_545c38b0922de19734fbffde62792c37|email_545c38b0922de19734fbffde62792c37|email_545c38b0922de19734fbffde62792c37|email_545c38b0922de19734fbffde62792c37|email_545c38b0922de19734fbffde62792c37|email_545c38b0922de19734fbffde62792c37|email_545c38b0922de19734fbffde62792c37|email_545c38b0922de19734fbffde62792c37|email_545c38b0922de19734fbffde62792c37|email_545c38b0922de19734fbffde62792c37|email_545c38b0922de19734fbffde62792c37|email_545c38b0922de19734fbffde62792c37|email_545c38b0922de19734fbffde62792c37|email_545c38b0922de19734fbffde62792c37|email_545c38b0922de19734fbffde62792c37|email_545c38b0922de19734fbffde62792c37|email_545c38b0922de19734fbffde62792c37|email_545c38b0922de19734fbffde62792c37|email_545c38b0922de19734fbffde62792c37|email_545c38b0922de19734fbffde62792c37|email_545c38b0922de19734fbffde62792c37|email_545c38b0922de19734fbffde62792c37|email_545c38b0922de19734fbffde62792c37|email_545c38b0922de19734fbffde62792c37|email_545c38b0922de19734fbffde62792c37|email_545c38b0922de19734fbffde62792c37|email_545c38b0922de19734fbffde62792c37|email_545c38b0922de19734fbffde62792c37|email_545c38b0922de19734fbffde62792c37|email_545c38b0922de19734fbffde62792c37|email_545c38b0922de19734fbffde62792c37|email_545c38b0922de19734fbffde62792c37|email_545c38b0922de19734fbffde62792c37|email_545c38b0922de19734fbffde62792c37|email_545c38b0922de19734fbffde62792c37|email_545c38b0922de19734fbffde62792c37|email_545c38b0922de19734fbffde62792c37|email_545c38b0922de19734fbffde62792c37|email_545c38b0922de19734fbffde62792c37|email_545c38b0922de19734fbffde62792c37|email_545c38b0922de19734fbffde62792c37|email_545c38b0922de19734fbffde62792c37|email_545c38b0922de19734fbffde62792c37|email_545c38b0922de19734fbffde62792c37|email_545c38b0922de19734fbffde62792c37|email_545c38b0922de19734fbffde62792c37|email_545c38b0922de19734fbffde62792c37|email_545c38b0922de19734fbffde62792c37|email_545c38b0922de19734fbffde62792c37|email_545c38b0922de19734fbffde62792c37|email_545c38b0922de19734fbffde62792c37|email_545c38b0922de19734fbffde62792c37|email_545c38b0922de19734fbffde62792c37|email_545c38b0922de19734fbffde62792c37|email_545c38b0922de19734fbffde62792c37|email_545c38b0922de19734fbffde62792c37|email_545c38b0922de19734fbffde62792c37|email_545c38b0922de19734fbffde62792c37|email_545c38b0922de19734fbffde62792c37|email_545c38b0922de19734fbffde62792c37|email_545c38b0922de19734fbffde62792c37|email_545c38b0922de19734fbffde62792c37|email_545c38b0922de19734fbffde62792c37|email_545c38b0922de19734fbffde62792c37|email_545c38b0922de19734fbffde62792c37|email_545c38b0922de19734fbffde62792c37|email_545c38b0922de19734fbffde62792c37|email_545c38b0922de19734fbffde62792c37|email_545c38b0922de19734fbffde62792c37|email_545c38b0922de19734fbffde62792c37|email_545c38b0922de19734fbffde62792c37|email_545c38b0922de19734fbffde62792c37|email_545c38b0922de19734fbffde62792c37|email_545c38b0922de19734fbffde62792c37|email_545c38b0922de19734fbffde62792c37|email_545c38b0922de19734fbffde62792c37|email_545c38b0922de19734fbffde62792c37|email_545c38b0922de19734fbffde62792c37|email_545c38b0922de19734fbffde62792c37|email_545c38b0922de19734fbffde62792c37|email_545c38b0922de19734fbffde62792c37|email_545c38b0922de19734fbffde62792c37|email_545c38b0922de19734fbffde62792c37|email_545c38b0922de19734fbffde62792c37|email_545c38b0922de19734fbffde62792c37|email_545c38b0922de19734fbffde62792c37|email_545c38b0922de19734fbffde62792c37|email_545c38b0922de19734fbffde62792c37|email_545c38b0922de19734fbffde62792c37|email_545c38b0922de19734fbffde62792c37|email_545c38b0922de19734fbffde62792c37|email_545c38b0922de19734fbffde62792c37|email_545c38b0922de19734fbffde62792c37|email_545c38b0922de19734fbffde62792c37|email_545c38b0922de19734fbffde62792c37|email_545c38b0922de19734fbffde62792c37|email_545c38b0922de19734fbffde62792c37|email_545c38b0922de19734fbffde62792c37|email_545c38b0922de19734fbffde62792c37|email_545c38b0922de19734fbffde62792c37|email_545c38b0922de19734fbffde62792c37|email_545c38b0922de19734fbffde62792c37|email_545c38b0922de19734fbffde62792c37|email_545c38b0922de19734fbffde62792c37|email_545c38b0922de19734fbffde62792c37|email_545c38b0922de19734fbffde62792c37|email_545c38b0922de19734fbffde62792c37|email_545c38b0922de19734fbffde62792c37|email_545c38b0922de19734fbffde62792c37|email_545c38b0922de19734fbffde62792c37|email_545c38b0922de19734fbffde62792c37|email_545c38b0922de19734fbffde62792c37|email_545c38b0922de19734fbffde62792c37|email_545c38b0922de19734fbffde62792c37|email_545c38b0922de19734fbffde62792c37|email_545c38b0922de19734fbffde62792c37|email_545c38b0922de19734fbffde62792c37|email_545c38b0922de19734fbffde62792c37|email_545c38b0922de19734fbffde62792c37|email_545c38b0922de19734fbffde62792c37|email_545c38b0922de19734fbffde62792c37|email_545c38b0922de19734fbffde62792c37|email_545c38b0922de19734fbffde62792c37|email_545c38b0922de19734fbffde62792c37|email_545c38b0922de19734fbffde62792c37|email_545c38b0922de19734fbffde62792c37|email_545c38b0922de19734fbffde62792c37|email_545c38b0922de19734fbffde62792c37|email_545c38b0922de19734fbffde62792c37|email_545c38b0922de19734fbffde62792c37|email_545c38b0922de19734fbffde62792c37|email_545c38b0922de19734fbffde62792c37|email_545c38b0922de19734fbffde62792c37|email_545c38b0922de19734fbffde62792c37|email_545c38b0922de19734fbffde62792c37|email_545c38b0922de19734fbffde62792c37|email_545c38b0922de19734fbffde62792c37|email_545c38b0922de19734fbffde62792c37|email_545c38b0922de19734fbffde62792c37|email_545c38b0922de19734fbffde62792c37|email_545c38b0922de19734fbffde62792c37|email_545c38b0922de19734fbffde62792c37|email_545c38b0922de19734fbffde62792c37|email_545c38b0922de19734fbffde62792c37|email_545c38b0922de19734fbffde62792c37|email_545c38b0922de19734fbffde62792c37|email_545c38b0922de19734fbffde62792c37|email_545c38b0922de19734fbffde62792c37|email_545c38b0922de19734fbffde62792c37|email_545c38b0922de19734fbffde62792c37|email_545c38b0922de19734fbffde62792c37|email_545c38b0922de19734fbffde62792c37|email_545c38b0922de19734fbffde62792c37|email_545c38b0922de19734fbffde62792c37|email_545c38b0922de19734fbffde62792c37|email_545c38b0922de19734fbffde62792c37|email_545c38b0922de19734fbffde62792c37|email_545c38b0922de19734fbffde62792c37|email_545c38b0922de19734fbffde62792c37|email_545c38b0922de19734fbffde62792c37|email_545c38b0922de19734fbffde62792c37|email_545c38b0922de19734fbffde62792c37|email_545c38b0922de19734fbffde62792c37|email_545c38b0922de19734fbffde62792c37|email_545c38b0922de19734fbffde62792c37|email_545c38b0922de19734fbffde62792c37|email_545c38b0922de19734fbffde62792c37|email_545c38b0922de19734fbffde62792c37|email_545c38b0922de19734fbffde62792c37|email_545c38b0922de19734fbffde62792c37|email_545c38b0922de19734fbffde62792c37|email_545c38b0922de19734fbffde62792c37|email_545c38b0922de19734fbffde62792c37|email_545c38b0922de19734fbffde62792c37|email_545c38b0922de19734fbffde62792c37|email_545c38b0922de19734fbffde62792c37|email_545c38b0922de19734fbffde62792c37|email_545c38b0922de19734fbffde62792c37|email_545c38b0922de19734fbffde62792c37|email_545c38b0922de19734fbffde62792c37|email_545c38b0922de19734fbffde62792c37|email_545c38b0922de19734fbffde62792c37|email_545c38b0922de19734fbffde62792c37|email_545c38b0922de19734fbffde62792c37|email_545c38b0922de19734fbffde62792c37|email_545c38b0922de19734fbffde62792c37|email_545c38b0922de19734fbffde62792c37|email_545c38b0922de19734fbffde62792c37|email_545c38b0922de19734fbffde62792c37|email_545c38b0922de19734fbffde62792c37|email_545c38b0922de19734fbffde62792c37|email_545c38b0922de19734fbffde62792c37|email_545c38b0922de19734fbffde62792c37|email_545c38b0922de19734fbffde62792c37|email_545c38b0922de19734fbffde62792c37|email_545c38b0922de19734fbffde62792c37|email_545c38b0922de19734fbffde62792c37|email_545c38b0922de19734fbffde62792c37|email_545c38b0922de19734fbffde62792c37|email_545c38b0922de19734fbffde62792c37|email_545c38b0922de19734fbffde62792c37|email_545c38b0922de19734fbffde62792c37|email_545c38b0922de19734fbffde62792c37|email_545c38b0922de19734fbffde62792c37|email_545c38b0922de19734fbffde62792c37|email_545c38b0922de19734fbffde62792c37|email_545c38b0922de19734fbffde62792c37|email_545c38b0922de19734fbffde62792c37|email_545c38b0922de19734fbffde62792c37|email_545c38b0922de19734fbffde62792c37|email_545c38b0922de19734fbffde62792c37|email_545c38b0922de19734fbffde62792c37|email_545c38b0922de19734fbffde62792c37|email_545c38b0922de19734fbffde62792c37|email_545c38b0922de19734fbffde62792c37|email_545c38b0922de19734fbffde62792c37|email_545c38b0922de19734fbffde62792c37|email_545c38b0922de19734fbffde62792c37|email_545c38b0922de19734fbffde62792c37|email_545c38b0922de19734fbffde62792c37|email_545c38b0922de19734fbffde62792c37|email_545c38b0922de19734fbffde62792c37|email_545c38b0922de19734fbffde62792c37|email_545c38b0922de19734fbffde62792c37|email_545c38b0922de19734fbffde62792c37|email_545c38b0922de19734fbffde62792c37|email_545c38b0922de19734fbffde62792c37|email_545c38b0922de19734fbffde62792c37|email_545c38b0922de19734fbffde62792c37|email_545c38b0922de19734fbffde62792c37|email_545c38b0922de19734fbffde62792c37|email_545c38b0922de19734fbffde62792c37|email_545c38b0922de19734fbffde62792c37|email_545c38b0922de19734fbffde62792c37|email_545c38b0922de19734fbffde62792c37|email_545c38b0922de19734fbffde62792c37|email_545c38b0922de19734fbffde62792c37|email_545c38b0922de19734fbffde62792c37|email_545c38b0922de19734fbffde62792c37|email_545c38b0922de19734fbffde62792c37|email_545c38b0922de19734fbffde62792c37|email_545c38b0922de19734fbffde62792c37|email_545c38b0922de19734fbffde62792c37|email_545c38b0922de19734fbffde62792c37|email_545c38b0922de19734fbffde62792c37|email_545c38b0922de19734fbffde62792c37|email_545c38b0922de19734fbffde62792c37|email_545c38b0922de19734fbffde62792c37|email_545c38b0922de19734fbffde62792c37|email_545c38b0922de19734fbffde62792c37|email_545c38b0922de19734fbffde62792c37|email_545c38b0922de19734fbffde62792c37|email_545c38b0922de19734fbffde62792c37|email_545c38b0922de19734fbffde62792c37|email_545c38b0922de19734fbffde62792c37|email_545c38b0922de19734fbffde62792c37|email_545c38b0922de19734fbffde62792c37|email_545c38b0922de19734fbffde62792c37|email_545c38b0922de19734fbffde62792c37|email_545c38b0922de19734fbffde62792c37|email_545c38b0922de19734fbffde62792c37|email_545c38b0922de19734fbffde62792c37|email_545c38b0922de19734fbffde62792c37|email_545c38b0922de19734fbffde62792c37|email_545c38b0922de19734fbffde62792c37|email_545c38b0922de19734fbffde62792c37|email_545c38b0922de19734fbffde62792c37|email_545c38b0922de19734fbffde62792c37|email_545c38b0922de19734fbffde62792c37|email_545c38b0922de19734fbffde62792c37|email_545c38b0922de19734fbffde62792c37|email_545c38b0922de19734fbffde62792c37|email_545c38b0922de19734fbffde62792c37|email_545c38b0922de19734fbffde62792c37|email_545c38b0922de19734fbffde62792c37|email_545c38b0922de19734fbffde62792c37|email_545c38b0922de19734fbffde62792c37|email_545c38b0922de19734fbffde62792c37|email_545c38b0922de19734fbffde62792c37|email_545c38b0922de19734fbffde62792c37|email_545c38b0922de19734fbffde62792c37|email_545c38b0922de19734fbffde62792c37|email_545c38b0922de19734fbffde62792c37|email_545c38b0922de19734fbffde62792c37|email_545c38b0922de19734fbffde62792c37|email_545c38b0922de19734fbffde62792c37|email_545c38b0922de19734fbffde62792c37|email_545c38b0922de19734fbffde62792c37|email_545c38b0922de19734fbffde62792c37|email_545c38b0922de19734fbffde62792c37|email_545c38b0922de19734fbffde62792c37|email_545c38b0922de19734fbffde62792c37|email_545c38b0922de19734fbffde62792c37|email_545c38b0922de19734fbffde62792c37|email_545c38b0922de19734fbffde62792c37|email_545c38b0922de19734fbffde62792c37|email_545c38b0922de19734fbffde62792c37|email_545c38b0922de19734fbffde62792c37|email_545c38b0922de19734fbffde62792c37|email_545c38b0922de19734fbffde62792c37|email_545c38b0922de19734fbffde62792c37|email_545c38b0922de19734fbffde62792c37|email_545c38b0922de19734fbffde62792c37|email_545c38b0922de19734fbffde62792c37|email_545c38b0922de19734fbffde62792c37|email_545c38b0922de19734fbffde62792c37|email_545c38b0922de19734fbffde62792c37|email_545c38b0922de19734fbffde62792c37|email_545c38b0922de19734fbffde62792c37|email_545c38b0922de19734fbffde62792c37|email_545c38b0922de19734fbffde62792c37|email_545c38b0922de19734fbffde62792c37|email_545c38b0922de19734fbffde62792c37|email_545c38b0922de19734fbffde62792c37|email_545c38b0922de19734fbffde62792c37|email_545c38b0922de19734fbffde62792c37|email_545c38b0922de19734fbffde62792c37|email_545c38b0922de19734fbffde62792c37|email_545c38b0922de19734fbffde62792c37|email_545c38b0922de19734fbffde62792c37|email_545c38b0922de19734fbffde62792c37|email_545c38b0922de19734fbffde62792c37|email_545c38b0922de19734fbffde62792c37|email_545c38b0922de19734fbffde62792c37|email_545c38b0922de19734fbffde62792c37|email_545c38b0922de19734fbffde62792c37|email_545c38b0922de19734fbffde62792c37|email_545c38b0922de19734fbffde62792c37|email_545c38b0922de19734fbffde62792c37|email_545c38b0922de19734fbffde62792c37|email_545c38b0922de19734fbffde62792c37|email_545c38b0922de19734fbffde62792c37|email_545c38b0922de19734fbffde62792c37|email_545c38b0922de19734fbffde62792c37|email_545c38b0922de19734fbffde62792c37|email_545c38b0922de19734fbffde62792c37|email_545c38b0922de19734fbffde62792c37|email_545c38b0922de19734fbffde62792c37|email_545c38b0922de19734fbffde62792c37|email_545c38b0922de19734fbffde62792c37|email_545c38b0922de19734fbffde62792c37|email_545c38b0922de19734fbffde62792c37|email_545c38b0922de19734fbffde62792c37|email_545c38b0922de19734fbffde62792c37|email_545c38b0922de19734fbffde62792c37|email_545c38b0922de19734fbffde62792c37|email_545c38b0922de19734fbffde62792c37|email_545c38b0922de19734fbffde62792c37|email_545c38b0922de19734fbffde62792c37|email_545c38b0922de19734fbffde62792c37|email_545c38b0922de19734fbffde62792c37|email_545c38b0922de19734fbffde62792c37|email_545c38b0922de19734fbffde62792c37|email_545c38b0922de19734fbffde62792c37|email_545c38b0922de19734fbffde62792c37|email_545c38b0922de19734fbffde62792c37|email_545c38b0922de19734fbffde62792c37|email_545c38b0922de19734fbffde62792c37|email_545c38b0922de19734fbffde62792c37|email_545c38b0922de19734fbffde62792c37|email_545c38b0922de19734fbffde62792c37|email_545c38b0922de19734fbffde62792c37|email_545c38b0922de19734fbffde62792c37|email_545c38b0922de19734fbffde62792c37|email_545c38b0922de19734fbffde62792c37|email_545c38b0922de19734fbffde62792c37|email_545c38b0922de19734fbffde62792c37|email_545c38b0922de19734fbffde62792c37|email_545c38b0922de19734fbffde62792c37|email_545c38b0922de19734fbffde62792c37|email_545c38b0922de19734fbffde62792c37|email_545c38b0922de19734fbffde62792c37|email_545c38b0922de19734fbffde62792c37|email_545c38b0922de19734fbffde62792c37|email_545c38b0922de19734fbffde62792c37|email_545c38b0922de19734fbffde62792c37|email_545c38b0922de19734fbffde62792c37|email_545c38b0922de19734fbffde62792c37|email_545c38b0922de19734fbffde62792c37|email_545c38b0922de19734fbffde62792c37|email_545c38b0922de19734fbffde62792c37|email_545c38b0922de19734fbffde62792c37|email_545c38b0922de19734fbffde62792c37|email_545c38b0922de19734fbffde62792c37|email_545c38b0922de19734fbffde62792c37|email_545c38b0922de19734fbffde62792c37|email_545c38b0922de19734fbffde62792c37|email_545c38b0922de19734fbffde62792c37|email_545c38b0922de19734fbffde62792c37|email_545c38b0922de19734fbffde62792c37|email_545c38b0922de19734fbffde62792c37|email_545c38b0922de19734fbffde62792c37|email_545c38b0922de19734fbffde62792c37|email_545c38b0922de19734fbffde62792c37|email_545c38b0922de19734fbffde62792c37|email_545c38b0922de19734fbffde62792c37|email_545c38b0922de19734fbffde62792c37|email_545c38b0922de19734fbffde62792c37|email_545c38b0922de19734fbffde62792c37|email_545c38b0922de19734fbffde62792c37|email_545c38b0922de19734fbffde62792c37|email_545c38b0922de19734fbffde62792c37|email_545c38b0922de19734fbffde62792c37|email_545c38b0922de19734fbffde62792c37|email_545c38b0922de19734fbffde62792c37|email_545c38b0922de19734fbffde62792c37|email_545c38b0922de19734fbffde62792c37|email_545c38b0922de19734fbffde62792c37|email_545c38b0922de19734fbffde62792c37|email_545c38b0922de19734fbffde62792c37|email_545c38b0922de19734fbffde62792c37|email_545c38b0922de19734fbffde62792c37|email_545c38b0922de19734fbffde62792c37|email_545c38b0922de19734fbffde62792c37|email_545c38b0922de19734fbffde62792c37|email_545c38b0922de19734fbffde62792c37|email_545c38b0922de19734fbffde62792c37|email_545c38b0922de19734fbffde62792c37|email_545c38b0922de19734fbffde62792c37|email_545c38b0922de19734fbffde62792c37|email_545c38b0922de19734fbffde62792c37|email_545c38b0922de19734fbffde62792c37|email_545c38b0922de19734fbffde62792c37|email_545c38b0922de19734fbffde62792c37|email_545c38b0922de19734fbffde62792c37|email_545c38b0922de19734fbffde62792c37|email_545c38b0922de19734fbffde62792c37|email_545c38b0922de19734fbffde62792c37|email_545c38b0922de19734fbffde62792c37|email_545c38b0922de19734fbffde62792c37|email_545c38b0922de19734fbffde62792c37|email_545c38b0922de19734fbffde62792c37|email_545c38b0922de19734fbffde62792c37|email_545c38b0922de19734fbffde62792c37|email_545c38b0922de19734fbffde62792c37|email_545c38b0922de19734fbffde62792c37|email_545c38b0922de19734fbffde62792c37|email_545c38b0922de19734fbffde62792c37|email_545c38b0922de19734fbffde62792c37|email_545c38b0922de19734fbffde62792c37|email_545c38b0922de19734fbffde62792c37|email_545c38b0922de19734fbffde62792c37|email_545c38b0922de19734fbffde62792c37|email_545c38b0922de19734fbffde62792c37|email_545c38b0922de19734fbffde62792c37|email_545c38b0922de19734fbffde62792c37|email_545c38b0922de19734fbffde62792c37|email_545c38b0922de19734fbffde62792c37|email_545c38b0922de19734fbffde62792c37|email_545c38b0922de19734fbffde62792c37|email_545c38b0922de19734fbffde62792c37|email_545c38b0922de19734fbffde62792c37|email_545c38b0922de19734fbffde62792c37|email_545c38b0922de19734fbffde62792c37|email_545c38b0922de19734fbffde62792c37|email_545c38b0922de19734fbffde62792c37|email_545c38b0922de19734fbffde62792c37|email_545c38b0922de19734fbffde62792c37|email_545c38b0922de19734fbffde62792c37|email_545c38b0922de19734fbffde62792c37|email_545c38b0922de19734fbffde62792c37|email_545c38b0922de19734fbffde62792c37|email_545c38b0922de19734fbffde62792c37|email_545c38b0922de19734fbffde62792c37|email_545c38b0922de19734fbffde62792c37|email_545c38b0922de19734fbffde62792c37|email_545c38b0922de19734fbffde62792c37|email_545c38b0922de19734fbffde62792c37|email_545c38b0922de19734fbffde62792c37|email_545c38b0922de19734fbffde62792c37|email_545c38b0922de19734fbffde62792c37|email_545c38b0922de19734fbffde62792c37|email_545c38b0922de19734fbffde62792c37|email_545c38b0922de19734fbffde62792c37|email_545c38b0922de19734fbffde62792c37|email_545c38b0922de19734fbffde62792c37|email_545c38b0922de19734fbffde62792c37|email_545c38b0922de19734fbffde62792c37|email_545c38b0922de19734fbffde62792c37|email_545c38b0922de19734fbffde62792c37|email_545c38b0922de19734fbffde62792c37|email_545c38b0922de19734fbffde62792c37|email_545c38b0922de19734fbffde62792c37|email_545c38b0922de19734fbffde62792c37|email_545c38b0922de19734fbffde62792c37|email_545c38b0922de19734fbffde62792c37|email_545c38b0922de19734fbffde62792c37|email_545c38b0922de19734fbffde62792c37|email_545c38b0922de19734fbffde62792c37|email_545c38b0922de19734fbffde62792c37|email_545c38b0922de19734fbffde62792c37|email_545c38b0922de19734fbffde62792c37|email_545c38b0922de19734fbffde62792c37|email_545c38b0922de19734fbffde62792c37|email_545c38b0922de19734fbffde62792c37|email_545c38b0922de19734fbffde62792c37|email_545c38b0922de19734fbffde62792c37|email_545c38b0922de19734fbffde62792c37|email_545c38b0922de19734fbffde62792c37|email_545c38b0922de19734fbffde62792c37|email_545c38b0922de19734fbffde62792c37|email_545c38b0922de19734fbffde62792c37|email_545c38b0922de19734fbffde62792c37|email_545c38b0922de19734fbffde62792c37|email_545c38b0922de19734fbffde62792c37|email_545c38b0922de19734fbffde62792c37|email_545c38b0922de19734fbffde62792c37|email_545c38b0922de19734fbffde62792c37|email_545c38b0922de19734fbffde62792c37|email_545c38b0922de19734fbffde62792c37|email_545c38b0922de19734fbffde62792c37|email_545c38b0922de19734fbffde62792c37|email_545c38b0922de19734fbffde62792c37|email_545c38b0922de19734fbffde62792c37|email_545c38b0922de19734fbffde62792c37|email_545c38b0922de19734fbffde62792c37|email_545c38b0922de19734fbffde62792c37|email_545c38b0922de19734fbffde62792c37|email_545c38b0922de19734fbffde62792c37|email_545c38b0922de19734fbffde62792c37|email_545c38b0922de19734fbffde62792c37|email_545c38b0922de19734fbffde62792c37|email_545c38b0922de19734fbffde62792c37|email_545c38b0922de19734fbffde62792c37|email_545c38b0922de19734fbffde62792c37|email_545c38b0922de19734fbffde62792c37|email_545c38b0922de19734fbffde62792c37|email_545c38b0922de19734fbffde62792c37|email_545c38b0922de19734fbffde62792c37|email_545c38b0922de19734fbffde62792c37|email_545c38b0922de19734fbffde62792c37|email_545c38b0922de19734fbffde62792c37|email_545c38b0922de19734fbffde62792c37|email_545c38b0922de19734fbffde62792c37|email_545c38b0922de19734fbffde62792c37|email_545c38b0922de19734fbffde62792c37|email_545c38b0922de19734fbffde62792c37|email_545c38b0922de19734fbffde62792c37|email_545c38b0922de19734fbffde62792c37|email_545c38b0922de19734fbffde62792c37|email_545c38b0922de19734fbffde62792c37|email_545c38b0922de19734fbffde62792c37|email_545c38b0922de19734fbffde62792c37|email_545c38b0922de19734fbffde62792c37|email_545c38b0922de19734fbffde62792c37|email_545c38b0922de19734fbffde62792c37|email_545c38b0922de19734fbffde62792c37|email_545c38b0922de19734fbffde62792c37|email_545c38b0922de19734fbffde62792c37|email_545c38b0922de19734fbffde62792c37|email_545c38b0922de19734fbffde62792c37|email_545c38b0922de19734fbffde62792c37|email_545c38b0922de19734fbffde62792c37|email_545c38b0922de19734fbffde62792c37|email_545c38b0922de19734fbffde62792c37|email_545c38b0922de19734fbffde62792c37|email_545c38b0922de19734fbffde62792c37|email_545c38b0922de19734fbffde62792c37|email_545c38b0922de19734fbffde62792c37|email_545c38b0922de19734fbffde62792c37|email_545c38b0922de19734fbffde62792c37|email_545c38b0922de19734fbffde62792c37|email_545c38b0922de19734fbffde62792c37|email_545c38b0922de19734fbffde62792c37|email_545c38b0922de19734fbffde62792c37|email_545c38b0922de19734fbffde62792c37|email_545c38b0922de19734fbffde62792c37|email_545c38b0922de19734fbffde62792c37|email_545c38b0922de19734fbffde62792c37|email_545c38b0922de19734fbffde62792c37|email_545c38b0922de19734fbffde62792c37|email_545c38b0922de19734fbffde62792c37|email_545c38b0922de19734fbffde62792c37|email_545c38b0922de19734fbffde62792c37|email_545c38b0922de19734fbffde62792c37|email_545c38b0922de19734fbffde62792c37|email_545c38b0922de19734fbffde62792c37|email_545c38b0922de19734fbffde62792c37|email_545c38b0922de19734fbffde62792c37|email_545c38b0922de19734fbffde62792c37|email_545c38b0922de19734fbffde62792c37|email_545c38b0922de19734fbffde62792c37|email_545c38b0922de19734fbffde62792c37|email_545c38b0922de19734fbffde62792c37|email_545c38b0922de19734fbffde62792c37|email_545c38b0922de19734fbffde62792c37|email_545c38b0922de19734fbffde62792c37|email_545c38b0922de19734fbffde62792c37|email_545c38b0922de19734fbffde62792c37|email_545c38b0922de19734fbffde62792c37|email_545c38b0922de19734fbffde62792c37|email_545c38b0922de19734fbffde62792c37|email_545c38b0922de19734fbffde62792c37|email_545c38b0922de19734fbffde62792c37|email_545c38b0922de19734fbffde62792c37|email_545c38b0922de19734fbffde62792c37|email_545c38b0922de19734fbffde62792c37|email_545c38b0922de19734fbffde62792c37|email_545c38b0922de19734fbffde62792c37|email_545c38b0922de19734fbffde62792c37|email_545c38b0922de19734fbffde62792c37|email_545c38b0922de19734fbffde62792c37|email_545c38b0922de19734fbffde62792c37|email_545c38b0922de19734fbffde62792c37|email_545c38b0922de19734fbffde62792c37|email_545c38b0922de19734fbffde62792c37|email_545c38b0922de19734fbffde62792c37|email_545c38b0922de19734fbffde62792c37|email_545c38b0922de19734fbffde62792c37|email_545c38b0922de19734fbffde62792c37|email_545c38b0922de19734fbffde62792c37|email_545c38b0922de19734fbffde62792c37|email_545c38b0922de19734fbffde62792c37|email_545c38b0922de19734fbffde62792c37|email_545c38b0922de19734fbffde62792c37|email_545c38b0922de19734fbffde62792c37|email_545c38b0922de19734fbffde62792c37|email_545c38b0922de19734fbffde62792c37|email_545c38b0922de19734fbffde62792c37|email_545c38b0922de19734fbffde62792c37|email_545c38b0922de19734fbffde62792c37|email_545c38b0922de19734fbffde62792c37|email_545c38b0922de19734fbffde62792c37|email_545c38b0922de19734fbffde62792c37|email_545c38b0922de19734fbffde62792c37|email_545c38b0922de19734fbffde62792c37|email_545c38b0922de19734fbffde62792c37|email_545c38b0922de19734fbffde62792c37|email_545c38b0922de19734fbffde62792c37|email_545c38b0922de19734fbffde62792c37|email_545c38b0922de19734fbffde62792c37|email_545c38b0922de19734fbffde62792c37|email_545c38b0922de19734fbffde62792c37|email_545c38b0922de19734fbffde62792c37|email_545c38b0922de19734fbffde62792c37|email_545c38b0922de19734fbffde62792c37|email_545c38b0922de19734fbffde62792c37|email_545c38b0922de19734fbffde62792c37|email_545c38b0922de19734fbffde62792c37|email_545c38b0922de19734fbffde62792c37|email_545c38b0922de19734fbffde62792c37|email_545c38b0922de19734fbffde62792c37|email_545c38b0922de19734fbffde62792c37|email_545c38b0922de19734fbffde62792c37|email_545c38b0922de19734fbffde62792c37|email_545c38b0922de19734fbffde62792c37|email_545c38b0922de19734fbffde62792c37|email_545c38b0922de19734fbffde62792c37|email_545c38b0922de19734fbffde62792c37|email_545c38b0922de19734fbffde62792c37|email_545c38b0922de19734fbffde62792c37|email_545c38b0922de19734fbffde62792c37|email_545c38b0922de19734fbffde62792c37|email_545c38b0922de19734fbffde62792c37|email_545c38b0922de19734fbffde62792c37|email_545c38b0922de19734fbffde62792c37|email_545c38b0922de19734fbffde62792c37|email_545c38b0922de19734fbffde62792c37|email_545c38b0922de19734fbffde62792c37|email_545c38b0922de19734fbffde62792c37|email_545c38b0922de19734fbffde62792c37|email_545c38b0922de19734fbffde62792c37|email_545c38b0922de19734fbffde62792c37|email_545c38b0922de19734fbffde62792c37|email_545c38b0922de19734fbffde62792c37|email_545c38b0922de19734fbffde62792c37|email_545c38b0922de19734fbffde62792c37|email_545c38b0922de19734fbffde62792c37|email_545c38b0922de19734fbffde62792c37|email_545c38b0922de19734fbffde62792c37|email_545c38b0922de19734fbffde62792c37|email_545c38b0922de19734fbffde62792c37|email_545c38b0922de19734fbffde62792c37|email_545c38b0922de19734fbffde62792c37|email_545c38b0922de19734fbffde62792c37|email_545c38b0922de19734fbffde62792c37|email_545c38b0922de19734fbffde62792c37|email_545c38b0922de19734fbffde62792c37|email_545c38b0922de19734fbffde62792c37|email_545c38b0922de19734fbffde62792c37|email_545c38b0922de19734fbffde62792c37|email_545c38b0922de19734fbffde62792c37|email_545c38b0922de19734fbffde62792c37|email_545c38b0922de19734fbffde62792c37|email_545c38b0922de19734fbffde62792c37|email_545c38b0922de19734fbffde62792c37|email_545c38b0922de19734fbffde62792c37|email_545c38b0922de19734fbffde62792c37|email_545c38b0922de19734fbffde62792c37|email_545c38b0922de19734fbffde62792c37|email_545c38b0922de19734fbffde62792c37|email_545c38b0922de19734fbffde62792c37|email_545c38b0922de19734fbffde62792c37|email_545c38b0922de19734fbffde62792c37|email_545c38b0922de19734fbffde62792c37|email_545c38b0922de19734fbffde62792c37|email_545c38b0922de19734fbffde62792c37|email_545c38b0922de19734fbffde62792c37|email_545c38b0922de19734fbffde62792c37|email_545c38b0922de19734fbffde62792c37|email_545c38b0922de19734fbffde62792c37|email_545c38b0922de19734fbffde62792c37|email_545c38b0922de19734fbffde62792c37|email_545c38b0922de19734fbffde62792c37|email_545c38b0922de19734fbffde62792c37|email_545c38b0922de19734fbffde62792c37|email_545c38b0922de19734fbffde62792c37|email_545c38b0922de19734fbffde62792c37|email_545c38b0922de19734fbffde62792c37|email_545c38b0922de19734fbffde62792c37|email_545c38b0922de19734fbffde62792c37|email_545c38b0922de19734fbffde62792c37|email_545c38b0922de19734fbffde62792c37|email_545c38b0922de19734fbffde62792c37|email_545c38b0922de19734fbffde62792c37|email_545c38b0922de19734fbffde62792c37|email_545c38b0922de19734fbffde62792c37|email_545c38b0922de19734fbffde62792c37|email_545c38b0922de19734fbffde62792c37|email_545c38b0922de19734fbffde62792c37|email_545c38b0922de19734fbffde62792c37|email_545c38b0922de19734fbffde62792c37|email_545c38b0922de19734fbffde62792c37|email_545c38b0922de19734fbffde62792c37|email_545c38b0922de19734fbffde62792c37|email_545c38b0922de19734fbffde62792c37|email_545c38b0922de19734fbffde62792c37|email_545c38b0922de19734fbffde62792c37|email_545c38b0922de19734fbffde62792c37|email_545c38b0922de19734fbffde62792c37|email_545c38b0922de19734fbffde62792c37|email_545c38b0922de19734fbffde62792c37|email_545c38b0922de19734fbffde62792c37|email_545c38b0922de19734fbffde62792c37|email_545c38b0922de19734fbffde62792c37|email_545c38b0922de19734fbffde62792c37|email_545c38b0922de19734fbffde62792c37|email_545c38b0922de19734fbffde62792c37|email_545c38b0922de19734fbffde62792c37|email_545c38b0922de19734fbffde62792c37|email_545c38b0922de19734fbffde62792c37|email_545c38b0922de19734fbffde62792c37|email_545c38b0922de19734fbffde62792c37|email_545c38b0922de19734fbffde62792c37|email_545c38b0922de19734fbffde62792c37|email_545c38b0922de19734fbffde62792c37|email_545c38b0922de19734fbffde62792c37|email_545c38b0922de19734fbffde62792c37|email_545c38b0922de19734fbffde62792c37|email_545c38b0922de19734fbffde62792c37|email_545c38b0922de19734fbffde62792c37|email_545c38b0922de19734fbffde62792c37|email_545c38b0922de19734fbffde62792c37|email_545c38b0922de19734fbffde62792c37|email_545c38b0922de19734fbffde62792c37|email_545c38b0922de19734fbffde62792c37|email_545c38b0922de19734fbffde62792c37|email_545c38b0922de19734fbffde62792c37|email_545c38b0922de19734fbffde62792c37|email_545c38b0922de19734fbffde62792c37|email_545c38b0922de19734fbffde62792c37|email_545c38b0922de19734fbffde62792c37|email_545c38b0922de19734fbffde62792c37|email_545c38b0922de19734fbffde62792c37|email_545c38b0922de19734fbffde62792c37|email_545c38b0922de19734fbffde62792c37|email_545c38b0922de19734fbffde62792c37|email_545c38b0922de19734fbffde62792c37|email_545c38b0922de19734fbffde62792c37|email_545c38b0922de19734fbffde62792c37|email_545c38b0922de19734fbffde62792c37|email_545c38b0922de19734fbffde62792c37|email_545c38b0922de19734fbffde62792c37|email_545c38b0922de19734fbffde62792c37|email_545c38b0922de19734fbffde62792c37|email_545c38b0922de19734fbffde62792c37|email_545c38b0922de19734fbffde62792c37|email_545c38b0922de19734fbffde62792c37|email_545c38b0922de19734fbffde62792c37|email_545c38b0922de19734fbffde62792c37|email_545c38b0922de19734fbffde62792c37|email_545c38b0922de19734fbffde62792c37|email_545c38b0922de19734fbffde62792c37|email_545c38b0922de19734fbffde62792c37|email_545c38b0922de19734fbffde62792c37|email_545c38b0922de19734fbffde62792c37|email_545c38b0922de19734fbffde62792c37|email_545c38b0922de19734fbffde62792c37|email_545c38b0922de19734fbffde62792c37|email_545c38b0922de19734fbffde62792c37|email_545c38b0922de19734fbffde62792c37|email_545c38b0922de19734fbffde62792c37|email_545c38b0922de19734fbffde62792c37|email_545c38b0922de19734fbffde62792c37|email_545c38b0922de19734fbffde62792c37|email_545c38b0922de19734fbffde62792c37|email_545c38b0922de19734fbffde62792c37|email_545c38b0922de19734fbffde62792c37|email_545c38b0922de19734fbffde62792c37|email_545c38b0922de19734fbffde62792c37|email_545c38b0922de19734fbffde62792c37|email_545c38b0922de19734fbffde62792c37|email_545c38b0922de19734fbffde62792c37|email_545c38b0922de19734fbffde62792c37|email_545c38b0922de19734fbffde62792c37|email_545c38b0922de19734fbffde62792c37|email_545c38b0922de19734fbffde62792c37|email_545c38b0922de19734fbffde62792c37|email_545c38b0922de19734fbffde62792c37|email_545c38b0922de19734fbffde62792c37|email_545c38b0922de19734fbffde62792c37|email_545c38b0922de19734fbffde62792c37|email_545c38b0922de19734fbffde62792c37|email_545c38b0922de19734fbffde62792c37|email_545c38b0922de19734fbffde62792c37|email_545c38b0922de19734fbffde62792c37|email_545c38b0922de19734fbffde62792c37|email_545c38b0922de19734fbffde62792c37|email_545c38b0922de19734fbffde62792c37|email_545c38b0922de19734fbffde62792c37|email_545c38b0922de19734fbffde62792c37|email_545c38b0922de19734fbffde62792c37|email_545c38b0922de19734fbffde62792c37|email_545c38b0922de19734fbffde62792c37|email_545c38b0922de19734fbffde62792c37|email_545c38b0922de19734fbffde62792c37|email_545c38b0922de19734fbffde62792c37|email_545c38b0922de19734fbffde62792c37|email_545c38b0922de19734fbffde62792c37|email_545c38b0922de19734fbffde62792c37|email_545c38b0922de19734fbffde62792c37|email_545c38b0922de19734fbffde62792c37|email_545c38b0922de19734fbffde62792c37|email_545c38b0922de19734fbffde62792c37|email_545c38b0922de19734fbffde62792c37|email_545c38b0922de19734fbffde62792c37|email_545c38b0922de19734fbffde62792c37|email_545c38b0922de19734fbffde62792c37|email_545c38b0922de19734fbffde62792c37|email_545c38b0922de19734fbffde62792c37|email_545c38b0922de19734fbffde62792c37|email_545c38b0922de19734fbffde62792c37|email_545c38b0922de19734fbffde62792c37|email_545c38b0922de19734fbffde62792c37|email_545c38b0922de19734fbffde62792c37|email_545c38b0922de19734fbffde62792c37|email_545c38b0922de19734fbffde62792c37|email_545c38b0922de19734fbffde62792c37|email_545c38b0922de19734fbffde62792c37|email_545c38b0922de19734fbffde62792c37|email_545c38b0922de19734fbffde62792c37|email_545c38b0922de19734fbffde62792c37|email_545c38b0922de19734fbffde62792c37|email_545c38b0922de19734fbffde62792c37|email_545c38b0922de19734fbffde62792c37|email_545c38b0922de19734fbffde62792c37|email_545c38b0922de19734fbffde62792c37|email_545c38b0922de19734fbffde62792c37|email_545c38b0922de19734fbffde62792c37|email_545c38b0922de19734fbffde62792c37|email_545c38b0922de19734fbffde62792c37|email_545c38b0922de19734fbffde62792c37|email_545c38b0922de19734fbffde62792c37|email_545c38b0922de19734fbffde62792c37|email_545c38b0922de19734fbffde62792c37|email_545c38b0922de19734fbffde62792c37|email_545c38b0922de19734fbffde62792c37|email_545c38b0922de19734fbffde62792c37|email_545c38b0922de19734fbffde62792c37|email_545c38b0922de19734fbffde62792c37|email_545c38b0922de19734fbffde62792c37|email_545c38b0922de19734fbffde62792c37|email_545c38b0922de19734fbffde62792c37|email_545c38b0922de19734fbffde62792c37|email_545c38b0922de19734fbffde62792c37|email_545c38b0922de19734fbffde62792c37|email_545c38b0922de19734fbffde62792c37|email_545c38b0922de19734fbffde62792c37|email_545c38b0922de19734fbffde62792c37|email_545c38b0922de19734fbffde62792c37|email_545c38b0922de19734fbffde62792c37|email_545c38b0922de19734fbffde62792c37|email_545c38b0922de19734fbffde62792c37|email_545c38b0922de19734fbffde62792c37|email_545c38b0922de19734fbffde62792c37|email_545c38b0922de19734fbffde62792c37|email_545c38b0922de19734fbffde62792c37|email_545c38b0922de19734fbffde62792c37|email_545c38b0922de19734fbffde62792c37|email_545c38b0922de19734fbffde62792c37|email_545c38b0922de19734fbffde62792c37|email_545c38b0922de19734fbffde62792c37|email_545c38b0922de19734fbffde62792c37|email_545c38b0922de19734fbffde62792c37|email_545c38b0922de19734fbffde62792c37|email_545c38b0922de19734fbffde62792c37|email_545c38b0922de19734fbffde62792c37|email_545c38b0922de19734fbffde62792c37|email_545c38b0922de19734fbffde62792c37|email_545c38b0922de19734fbffde62792c37|email_545c38b0922de19734fbffde62792c37|email_545c38b0922de19734fbffde62792c37|email_545c38b0922de19734fbffde62792c37|email_545c38b0922de19734fbffde62792c37|email_545c38b0922de19734fbffde62792c37|email_545c38b0922de19734fbffde62792c37|email_545c38b0922de19734fbffde62792c37|email_545c38b0922de19734fbffde62792c37|email_545c38b0922de19734fbffde62792c37|email_545c38b0922de19734fbffde62792c37|email_545c38b0922de19734fbffde62792c37|email_545c38b0922de19734fbffde62792c37|email_545c38b0922de19734fbffde62792c37|email_545c38b0922de19734fbffde62792c37|email_545c38b0922de19734fbffde62792c37|email_545c38b0922de19734fbffde62792c37|email_545c38b0922de19734fbffde62792c37|email_545c38b0922de19734fbffde62792c37|email_545c38b0922de19734fbffde62792c37|email_545c38b0922de19734fbffde62792c37|email_545c38b0922de19734fbffde62792c37|email_545c38b0922de19734fbffde62792c37|email_545c38b0922de19734fbffde62792c37|email_545c38b0922de19734fbffde62792c37|email_545c38b0922de19734fbffde62792c37|email_545c38b0922de19734fbffde62792c37|email_545c38b0922de19734fbffde62792c37|email_545c38b0922de19734fbffde62792c37|email_545c38b0922de19734fbffde62792c37|email_545c38b0922de19734fbffde62792c37|email_545c38b0922de19734fbffde62792c37|email_545c38b0922de19734fbffde62792c37|email_545c38b0922de19734fbffde62792c37|email_545c38b0922de19734fbffde62792c37|email_545c38b0922de19734fbffde62792c37|email_545c38b0922de19734fbffde62792c37|email_545c38b0922de19734fbffde62792c37|email_545c38b0922de19734fbffde62792c37|email_545c38b0922de19734fbffde62792c37|email_545c38b0922de19734fbffde62792c37|email_545c38b0922de19734fbffde62792c37|email_545c38b0922de19734fbffde62792c37|email_545c38b0922de19734fbffde62792c37|email_545c38b0922de19734fbffde62792c37|email_545c38b0922de19734fbffde62792c37|email_545c38b0922de19734fbffde62792c37|email_545c38b0922de19734fbffde62792c37|email_545c38b0922de19734fbffde62792c37|email_545c38b0922de19734fbffde62792c37|email_545c38b0922de19734fbffde62792c37|email_545c38b0922de19734fbffde62792c37|email_545c38b0922de19734fbffde62792c37|email_545c38b0922de19734fbffde62792c37|email_545c38b0922de19734fbffde62792c37|email_545c38b0922de19734fbffde62792c37|email_545c38b0922de19734fbffde62792c37|email_545c38b0922de19734fbffde62792c37|email_545c38b0922de19734fbffde62792c37|email_545c38b0922de19734fbffde62792c37|email_545c38b0922de19734fbffde62792c37|email_545c38b0922de19734fbffde62792c37|email_545c38b0922de19734fbffde62792c37|email_545c38b0922de19734fbffde62792c37|email_545c38b0922de19734fbffde62792c37|email_545c38b0922de19734fbffde62792c37|email_545c38b0922de19734fbffde62792c37|email_545c38b0922de19734fbffde62792c37|email_545c38b0922de19734fbffde62792c37|email_545c38b0922de19734fbffde62792c37|email_545c38b0922de19734fbffde62792c37|email_545c38b0922de19734fbffde62792c37|email_545c38b0922de19734fbffde62792c37|email_545c38b0922de19734fbffde62792c37|email_545c38b0922de19734fbffde62792c37|email_545c38b0922de19734fbffde62792c37|email_545c38b0922de19734fbffde62792c37|email_545c38b0922de19734fbffde62792c37|email_545c38b0922de19734fbffde62792c37|email_545c38b0922de19734fbffde62792c37|email_545c38b0922de19734fbffde62792c37|email_545c38b0922de19734fbffde62792c37|email_545c38b0922de19734fbffde62792c37|email_545c38b0922de19734fbffde62792c37|email_545c38b0922de19734fbffde62792c37|email_545c38b0922de19734fbffde62792c37|email_545c38b0922de19734fbffde62792c37|email_545c38b0922de19734fbffde62792c37|email_545c38b0922de19734fbffde62792c37|email_545c38b0922de19734fbffde62792c37|email_545c38b0922de19734fbffde62792c37|email_545c38b0922de19734fbffde62792c37|email_545c38b0922de19734fbffde62792c37|email_545c38b0922de19734fbffde62792c37|email_545c38b0922de19734fbffde62792c37|email_545c38b0922de19734fbffde62792c37|email_545c38b0922de19734fbffde62792c37|email_545c38b0922de19734fbffde62792c37|email_545c38b0922de19734fbffde62792c37|email_545c38b0922de19734fbffde62792c37|email_545c38b0922de19734fbffde62792c37|email_545c38b0922de19734fbffde62792c37|email_545c38b0922de19734fbffde62792c37|email_545c38b0922de19734fbffde62792c37|email_545c38b0922de19734fbffde62792c37|email_545c38b0922de19734fbffde62792c37|email_545c38b0922de19734fbffde62792c37|email_545c38b0922de19734fbffde62792c37|email_545c38b0922de19734fbffde62792c37|email_545c38b0922de19734fbffde62792c37|email_545c38b0922de19734fbffde62792c37|email_545c38b0922de19734fbffde62792c37|email_545c38b0922de19734fbffde62792c37|email_545c38b0922de19734fbffde62792c37|email_545c38b0922de19734fbffde62792c37|email_545c38b0922de19734fbffde62792c37|email_545c38b0922de19734fbffde62792c37|email_545c38b0922de19734fbffde62792c37|email_545c38b0922de19734fbffde62792c37|email_545c38b0922de19734fbffde62792c37|email_545c38b0922de19734fbffde62792c37|email_545c38b0922de19734fbffde62792c37|email_545c38b0922de19734fbffde62792c37|email_545c38b0922de19734fbffde62792c37|email_545c38b0922de19734fbffde62792c37|email_545c38b0922de19734fbffde62792c37|email_545c38b0922de19734fbffde62792c37|email_545c38b0922de19734fbffde62792c37|email_545c38b0922de19734fbffde62792c37|email_545c38b0922de19734fbffde62792c37|email_545c38b0922de19734fbffde62792c37|email_545c38b0922de19734fbffde62792c37|email_545c38b0922de19734fbffde62792c37|email_545c38b0922de19734fbffde62792c37|email_545c38b0922de19734fbffde62792c37|email_545c38b0922de19734fbffde62792c37|email_545c38b0922de19734fbffde62792c37|email_545c38b0922de19734fbffde62792c37|email_545c38b0922de19734fbffde62792c37|email_545c38b0922de19734fbffde62792c37|email_545c38b0922de19734fbffde62792c37|email_545c38b0922de19734fbffde62792c37|email_545c38b0922de19734fbffde62792c37|email_545c38b0922de19734fbffde62792c37|email_545c38b0922de19734fbffde62792c37|email_545c38b0922de19734fbffde62792c37|email_545c38b0922de19734fbffde62792c37|email_545c38b0922de19734fbffde62792c37|email_545c38b0922de19734fbffde62792c37|email_545c38b0922de19734fbffde62792c37|email_545c38b0922de19734fbffde62792c37|email_545c38b0922de19734fbffde62792c37|email_545c38b0922de19734fbffde62792c37|email_545c38b0922de19734fbffde62792c37|email_545c38b0922de19734fbffde62792c37|email_545c38b0922de19734fbffde62792c37|email_545c38b0922de19734fbffde62792c37|email_545c38b0922de19734fbffde62792c37|email_545c38b0922de19734fbffde62792c37|email_545c38b0922de19734fbffde62792c37|email_545c38b0922de19734fbffde62792c37|email_545c38b0922de19734fbffde62792c37|email_545c38b0922de19734fbffde62792c37|email_545c38b0922de19734fbffde62792c37|email_545c38b0922de19734fbffde62792c37|email_545c38b0922de19734fbffde62792c37|email_545c38b0922de19734fbffde62792c37|email_545c38b0922de19734fbffde62792c37|email_545c38b0922de19734fbffde62792c37|email_545c38b0922de19734fbffde62792c37|email_545c38b0922de19734fbffde62792c37|email_545c38b0922de19734fbffde62792c37|email_545c38b0922de19734fbffde62792c37|email_545c38b0922de19734fbffde62792c37|email_545c38b0922de19734fbffde62792c37|email_545c38b0922de19734fbffde62792c37|email_545c38b0922de19734fbffde62792c37|email_545c38b0922de19734fbffde62792c37|email_545c38b0922de19734fbffde62792c37|email_545c38b0922de19734fbffde62792c37|email_545c38b0922de19734fbffde62792c37|email_545c38b0922de19734fbffde62792c37|email_545c38b0922de19734fbffde62792c37|email_545c38b0922de19734fbffde62792c37|email_545c38b0922de19734fbffde62792c37|email_545c38b0922de19734fbffde62792c37|email_545c38b0922de19734fbffde62792c37|email_545c38b0922de19734fbffde62792c37|email_545c38b0922de19734fbffde62792c37|email_545c38b0922de19734fbffde62792c37|email_545c38b0922de19734fbffde62792c37|email_545c38b0922de19734fbffde62792c37|email_545c38b0922de19734fbffde62792c37|email_545c38b0922de19734fbffde62792c37|email_545c38b0922de19734fbffde62792c37|email_545c38b0922de19734fbffde62792c37|email_545c38b0922de19734fbffde62792c37|email_545c38b0922de19734fbffde62792c37|email_545c38b0922de19734fbffde62792c37|email_545c38b0922de19734fbffde62792c37|email_545c38b0922de19734fbffde62792c37|email_545c38b0922de19734fbffde62792c37|email_545c38b0922de19734fbffde62792c37|email_545c38b0922de19734fbffde62792c37|email_545c38b0922de19734fbffde62792c37|email_545c38b0922de19734fbffde62792c37|email_545c38b0922de19734fbffde62792c37|email_545c38b0922de19734fbffde62792c37|email_545c38b0922de19734fbffde62792c37|email_545c38b0922de19734fbffde62792c37|email_545c38b0922de19734fbffde62792c37|email_545c38b0922de19734fbffde62792c37|email_545c38b0922de19734fbffde62792c37|email_545c38b0922de19734fbffde62792c37|email_545c38b0922de19734fbffde62792c37|email_545c38b0922de19734fbffde62792c37|email_545c38b0922de19734fbffde62792c37|email_545c38b0922de19734fbffde62792c37|email_545c38b0922de19734fbffde62792c37|email_545c38b0922de19734fbffde62792c37|email_545c38b0922de19734fbffde62792c37|email_545c38b0922de19734fbffde62792c37|email_545c38b0922de19734fbffde62792c37|email_545c38b0922de19734fbffde62792c37|email_545c38b0922de19734fbffde62792c37|email_545c38b0922de19734fbffde62792c37|email_545c38b0922de19734fbffde62792c37|email_545c38b0922de19734fbffde62792c37|email_545c38b0922de19734fbffde62792c37|email_545c38b0922de19734fbffde62792c37|email_545c38b0922de19734fbffde62792c37|email_545c38b0922de19734fbffde62792c37|email_545c38b0922de19734fbffde62792c37|email_545c38b0922de19734fbffde62792c37|email_545c38b0922de19734fbffde62792c37|email_545c38b0922de19734fbffde62792c37|email_545c38b0922de19734fbffde62792c37|email_545c38b0922de19734fbffde62792c37|email_545c38b0922de19734fbffde62792c37|email_545c38b0922de19734fbffde62792c37|email_545c38b0922de19734fbffde62792c37|email_545c38b0922de19734fbffde62792c37|email_545c38b0922de19734fbffde62792c37|email_545c38b0922de19734fbffde62792c37|email_545c38b0922de19734fbffde62792c37|email_545c38b0922de19734fbffde62792c37|email_545c38b0922de19734fbffde62792c37|email_545c38b0922de19734fbffde62792c37|email_545c38b0922de19734fbffde62792c37|email_545c38b0922de19734fbffde62792c37|email_545c38b0922de19734fbffde62792c37|email_545c38b0922de19734fbffde62792c37|email_545c38b0922de19734fbffde62792c37|email_545c38b0922de19734fbffde62792c37|email_545c38b0922de19734fbffde62792c37|email_545c38b0922de19734fbffde62792c37|email_545c38b0922de19734fbffde62792c37|email_545c38b0922de19734fbffde62792c37|email_545c38b0922de19734fbffde62792c37|email_545c38b0922de19734fbffde62792c37|email_545c38b0922de19734fbffde62792c37|email_545c38b0922de19734fbffde62792c37|email_545c38b0922de19734fbffde62792c37|email_545c38b0922de19734fbffde62792c37|email_545c38b0922de19734fbffde62792c37|email_545c38b0922de19734fbffde62792c37|email_545c38b0922de19734fbffde62792c37|email_545c38b0922de19734fbffde62792c37|email_545c38b0922de19734fbffde62792c37|email_545c38b0922de19734fbffde62792c37|email_545c38b0922de19734fbffde62792c37|email_545c38b0922de19734fbffde62792c37|email_545c38b0922de19734fbffde62792c37|email_545c38b0922de19734fbffde62792c37|email_545c38b0922de19734fbffde62792c37|email_545c38b0922de19734fbffde62792c37|email_545c38b0922de19734fbffde62792c37|email_545c38b0922de19734fbffde62792c37|email_545c38b0922de19734fbffde62792c37|email_545c38b0922de19734fbffde62792c37|email_545c38b0922de19734fbffde62792c37|email_545c38b0922de19734fbffde62792c37|email_545c38b0922de19734fbffde62792c37|email_545c38b0922de19734fbffde62792c37|email_545c38b0922de19734fbffde62792c37|email_545c38b0922de19734fbffde62792c37|email_545c38b0922de19734fbffde62792c37|email_545c38b0922de19734fbffde62792c37|email_545c38b0922de19734fbffde62792c37|email_545c38b0922de19734fbffde62792c37|email_545c38b0922de19734fbffde62792c37|email_545c38b0922de19734fbffde62792c37|email_545c38b0922de19734fbffde62792c37|email_545c38b0922de19734fbffde62792c37|email_545c38b0922de19734fbffde62792c37|email_545c38b0922de19734fbffde62792c37|email_545c38b0922de19734fbffde62792c37|email_545c38b0922de19734fbffde62792c37|email_545c38b0922de19734fbffde62792c37|email_545c38b0922de19734fbffde62792c37|email_545c38b0922de19734fbffde62792c37|email_545c38b0922de19734fbffde62792c37|email_545c38b0922de19734fbffde62792c37|email_545c38b0922de19734fbffde62792c37|email_545c38b0922de19734fbffde62792c37|email_545c38b0922de19734fbffde62792c37|email_545c38b0922de19734fbffde62792c37|email_545c38b0922de19734fbffde62792c37|email_545c38b0922de19734fbffde62792c37|email_545c38b0922de19734fbffde62792c37|email_545c38b0922de19734fbffde62792c37|email_545c38b0922de19734fbffde62792c37|email_545c38b0922de19734fbffde62792c37|email_545c38b0922de19734fbffde62792c37|email_545c38b0922de19734fbffde62792c37|email_545c38b0922de19734fbffde62792c37|email_545c38b0922de19734fbffde62792c37|email_545c38b0922de19734fbffde62792c37|email_545c38b0922de19734fbffde62792c37|email_545c38b0922de19734fbffde62792c37|email_545c38b0922de19734fbffde62792c37|email_545c38b0922de19734fbffde62792c37|email_545c38b0922de19734fbffde62792c37|email_545c38b0922de19734fbffde62792c37|email_545c38b0922de19734fbffde62792c37|email_545c38b0922de19734fbffde62792c37|email_545c38b0922de19734fbffde62792c37|email_545c38b0922de19734fbffde62792c37|email_545c38b0922de19734fbffde62792c37|email_545c38b0922de19734fbffde62792c37|email_545c38b0922de19734fbffde62792c37|email_545c38b0922de19734fbffde62792c37|email_545c38b0922de19734fbffde62792c37|email_545c38b0922de19734fbffde62792c37|email_545c38b0922de19734fbffde62792c37|email_545c38b0922de19734fbffde62792c37|email_545c38b0922de19734fbffde62792c37|email_545c38b0922de19734fbffde62792c37|email_545c38b0922de19734fbffde62792c37|email_545c38b0922de19734fbffde62792c37|email_545c38b0922de19734fbffde62792c37|email_545c38b0922de19734fbffde62792c37|email_545c38b0922de19734fbffde62792c37|email_545c38b0922de19734fbffde62792c37|email_545c38b0922de19734fbffde62792c37|email_545c38b0922de19734fbffde62792c37|email_545c38b0922de19734fbffde62792c37|email_545c38b0922de19734fbffde62792c37|email_545c38b0922de19734fbffde62792c37|email_545c38b0922de19734fbffde62792c37|email_545c38b0922de19734fbffde62792c37|email_545c38b0922de19734fbffde62792c37|email_545c38b0922de19734fbffde62792c37|email_545c38b0922de19734fbffde62792c37|email_545c38b0922de19734fbffde62792c37|email_545c38b0922de19734fbffde62792c37|email_545c38b0922de19734fbffde62792c37|email_545c38b0922de19734fbffde62792c37|email_545c38b0922de19734fbffde62792c37|email_545c38b0922de19734fbffde62792c37|email_545c38b0922de19734fbffde62792c37|email_545c38b0922de19734fbffde62792c37|email_545c38b0922de19734fbffde62792c37|email_545c38b0922de19734fbffde62792c37|email_545c38b0922de19734fbffde62792c37|email_545c38b0922de19734fbffde62792c37|email_545c38b0922de19734fbffde62792c37|email_545c38b0922de19734fbffde62792c37|email_545c38b0922de19734fbffde62792c37|email_545c38b0922de19734fbffde62792c37|email_545c38b0922de19734fbffde62792c37|email_545c38b0922de19734fbffde62792c37|email_545c38b0922de19734fbffde62792c37|email_545c38b0922de19734fbffde62792c37|email_545c38b0922de19734fbffde62792c37|email_545c38b0922de19734fbffde62792c37|email_545c38b0922de19734fbffde62792c37|email_545c38b0922de19734fbffde62792c37|email_545c38b0922de19734fbffde62792c37|email_545c38b0922de19734fbffde62792c37|email_545c38b0922de19734fbffde62792c37|email_545c38b0922de19734fbffde62792c37|email_545c38b0922de19734fbffde62792c37|email_545c38b0922de19734fbffde62792c37|email_545c38b0922de19734fbffde62792c37|email_545c38b0922de19734fbffde62792c37|email_545c38b0922de19734fbffde62792c37|email_545c38b0922de19734fbffde62792c37|email_545c38b0922de19734fbffde62792c37|email_545c38b0922de19734fbffde62792c37|email_545c38b0922de19734fbffde62792c37|email_545c38b0922de19734fbffde62792c37|email_545c38b0922de19734fbffde62792c37|email_545c38b0922de19734fbffde62792c37|email_545c38b0922de19734fbffde62792c37|email_545c38b0922de19734fbffde62792c37|email_545c38b0922de19734fbffde62792c37|email_545c38b0922de19734fbffde62792c37|email_545c38b0922de19734fbffde62792c37|email_545c38b0922de19734fbffde62792c37|email_545c38b0922de19734fbffde62792c37|email_545c38b0922de19734fbffde62792c37|email_545c38b0922de19734fbffde62792c37|email_545c38b0922de19734fbffde62792c37|email_545c38b0922de19734fbffde62792c37|email_545c38b0922de19734fbffde62792c37|email_545c38b0922de19734fbffde62792c37|email_545c38b0922de19734fbffde62792c37|email_545c38b0922de19734fbffde62792c37|email_545c38b0922de19734fbffde62792c37|email_545c38b0922de19734fbffde62792c37|email_545c38b0922de19734fbffde62792c37|email_545c38b0922de19734fbffde62792c37|email_545c38b0922de19734fbffde62792c37|email_545c38b0922de19734fbffde62792c37|email_545c38b0922de19734fbffde62792c37|email_545c38b0922de19734fbffde62792c37|email_545c38b0922de19734fbffde62792c37|email_545c38b0922de19734fbffde62792c37|email_545c38b0922de19734fbffde62792c37|email_545c38b0922de19734fbffde62792c37|email_545c38b0922de19734fbffde62792c37|email_545c38b0922de19734fbffde62792c37|email_545c38b0922de19734fbffde62792c37|email_545c38b0922de19734fbffde62792c37|email_545c38b0922de19734fbffde62792c37|email_545c38b0922de19734fbffde62792c37|email_545c38b0922de19734fbffde62792c37|email_545c38b0922de19734fbffde62792c37|email_545c38b0922de19734fbffde62792c37|email_545c38b0922de19734fbffde62792c37|email_545c38b0922de19734fbffde62792c37|email_545c38b0922de19734fbffde62792c37|email_545c38b0922de19734fbffde62792c37|email_545c38b0922de19734fbffde62792c37|email_545c38b0922de19734fbffde62792c37|email_545c38b0922de19734fbffde62792c37|email_545c38b0922de19734fbffde62792c37|email_545c38b0922de19734fbffde62792c37|email_545c38b0922de19734fbffde62792c37|email_545c38b0922de19734fbffde62792c37|email_545c38b0922de19734fbffde62792c37|email_545c38b0922de19734fbffde62792c37|email_545c38b0922de19734fbffde62792c37|email_545c38b0922de19734fbffde62792c37|email_545c38b0922de19734fbffde62792c37|email_545c38b0922de19734fbffde62792c37|email_545c38b0922de19734fbffde62792c37|email_545c38b0922de19734fbffde62792c37|email_545c38b0922de19734fbffde62792c37|email_545c38b0922de19734fbffde62792c37|email_545c38b0922de19734fbffde62792c37|email_545c38b0922de19734fbffde62792c37|email_545c38b0922de19734fbffde62792c37|email_545c38b0922de19734fbffde62792c37|email_545c38b0922de19734fbffde62792c37|email_545c38b0922de19734fbffde62792c37|email_545c38b0922de19734fbffde62792c37|email_545c38b0922de19734fbffde62792c37|email_545c38b0922de19734fbffde62792c37|email_545c38b0922de19734fbffde62792c37|email_545c38b0922de19734fbffde62792c37|email_545c38b0922de19734fbffde62792c37|email_545c38b0922de19734fbffde62792c37|email_545c38b0922de19734fbffde62792c37|email_545c38b0922de19734fbffde62792c37|email_545c38b0922de19734fbffde62792c37|email_545c38b0922de19734fbffde62792c37|email_545c38b0922de19734fbffde62792c37|email_545c38b0922de19734fbffde62792c37|email_545c38b0922de19734fbffde62792c37|email_545c38b0922de19734fbffde62792c37|email_545c38b0922de19734fbffde62792c37|email_545c38b0922de19734fbffde62792c37|email_545c38b0922de19734fbffde62792c37|email_545c38b0922de19734fbffde62792c37|email_545c38b0922de19734fbffde62792c37|email_545c38b0922de19734fbffde62792c37|email_545c38b0922de19734fbffde62792c37|email_545c38b0922de19734fbffde62792c37|email_545c38b0922de19734fbffde62792c37|email_545c38b0922de19734fbffde62792c37|email_545c38b0922de19734fbffde62792c37|email_545c38b0922de19734fbffde62792c37|email_545c38b0922de19734fbffde62792c37|email_545c38b0922de19734fbffde62792c37|email_545c38b0922de19734fbffde62792c37|email_545c38b0922de19734fbffde62792c37|email_545c38b0922de19734fbffde62792c37|email_545c38b0922de19734fbffde62792c37|email_545c38b0922de19734fbffde62792c37|email_545c38b0922de19734fbffde62792c37|email_545c38b0922de19734fbffde62792c37|email_545c38b0922de19734fbffde62792c37|email_545c38b0922de19734fbffde62792c37|email_545c38b0922de19734fbffde62792c37|email_545c38b0922de19734fbffde62792c37|email_545c38b0922de19734fbffde62792c37|email_545c38b0922de19734fbffde62792c37|email_545c38b0922de19734fbffde62792c37|email_545c38b0922de19734fbffde62792c37|email_545c38b0922de19734fbffde62792c37|email_545c38b0922de19734fbffde62792c37|email_545c38b0922de19734fbffde62792c37|email_545c38b0922de19734fbffde62792c37|email_545c38b0922de19734fbffde62792c37|email_545c38b0922de19734fbffde62792c37|email_545c38b0922de19734fbffde62792c37|email_545c38b0922de19734fbffde62792c37|email_545c38b0922de19734fbffde62792c37|email_545c38b0922de19734fbffde62792c37|email_545c38b0922de19734fbffde62792c37|email_545c38b0922de19734fbffde62792c37|email_545c38b0922de19734fbffde62792c37|email_545c38b0922de19734fbffde62792c37|email_545c38b0922de19734fbffde62792c37|email_545c38b0922de19734fbffde62792c37|email_545c38b0922de19734fbffde62792c37|email_545c38b0922de19734fbffde62792c37|email_545c38b0922de19734fbffde62792c37|email_545c38b0922de19734fbffde62792c37|email_545c38b0922de19734fbffde62792c37|email_545c38b0922de19734fbffde62792c37|email_545c38b0922de19734fbffde62792c37|email_545c38b0922de19734fbffde62792c37|email_545c38b0922de19734fbffde62792c37|email_545c38b0922de19734fbffde62792c37|email_545c38b0922de19734fbffde62792c37|email_545c38b0922de19734fbffde62792c37|email_545c38b0922de19734fbffde62792c37|email_545c38b0922de19734fbffde62792c37|email_545c38b0922de19734fbffde62792c37|email_545c38b0922de19734fbffde62792c37|email_545c38b0922de19734fbffde62792c37|email_545c38b0922de19734fbffde62792c37|email_545c38b0922de19734fbffde62792c37|email_545c38b0922de19734fbffde62792c37|email_545c38b0922de19734fbffde62792c37|email_545c38b0922de19734fbffde62792c37|email_545c38b0922de19734fbffde62792c37|email_545c38b0922de19734fbffde62792c37|email_545c38b0922de19734fbffde62792c37|email_545c38b0922de19734fbffde62792c37|email_545c38b0922de19734fbffde62792c37|email_545c38b0922de19734fbffde62792c37|email_545c38b0922de19734fbffde62792c37|email_545c38b0922de19734fbffde62792c37|email_545c38b0922de19734fbffde62792c37|email_545c38b0922de19734fbffde62792c37|email_545c38b0922de19734fbffde62792c37|email_545c38b0922de19734fbffde62792c37|email_545c38b0922de19734fbffde62792c37|email_545c38b0922de19734fbffde62792c37|email_545c38b0922de19734fbffde62792c37|email_545c38b0922de19734fbffde62792c37|email_545c38b0922de19734fbffde62792c37|email_545c38b0922de19734fbffde62792c37|email_545c38b0922de19734fbffde62792c37|email_545c38b0922de19734fbffde62792c37|email_545c38b0922de19734fbffde62792c37|email_545c38b0922de19734fbffde62792c37|email_545c38b0922de19734fbffde62792c37|email_545c38b0922de19734fbffde62792c37|email_545c38b0922de19734fbffde62792c37|email_545c38b0922de19734fbffde62792c37|email_545c38b0922de19734fbffde62792c37|email_545c38b0922de19734fbffde62792c37|email_545c38b0922de19734fbffde62792c37|email_545c38b0922de19734fbffde62792c37|email_545c38b0922de19734fbffde62792c37|email_545c38b0922de19734fbffde62792c37|email_545c38b0922de19734fbffde62792c37|email_545c38b0922de19734fbffde62792c37|email_545c38b0922de19734fbffde62792c37|email_545c38b0922de19734fbffde62792c37|email_545c38b0922de19734fbffde62792c37|email_545c38b0922de19734fbffde62792c37|email_545c38b0922de19734fbffde62792c37|email_545c38b0922de19734fbffde62792c37|email_545c38b0922de19734fbffde62792c37|email_545c38b0922de19734fbffde62792c37|email_545c38b0922de19734fbffde62792c37|email_545c38b0922de19734fbffde62792c37|email_545c38b0922de19734fbffde62792c37|email_545c38b0922de19734fbffde62792c37|email_545c38b0922de19734fbffde62792c37|email_545c38b0922de19734fbffde62792c37|email_545c38b0922de19734fbffde62792c37|email_545c38b0922de19734fbffde62792c37|email_545c38b0922de19734fbffde62792c37|email_545c38b0922de19734fbffde62792c37|email_545c38b0922de19734fbffde62792c37|email_545c38b0922de19734fbffde62792c37|email_545c38b0922de19734fbffde62792c37|email_545c38b0922de19734fbffde62792c37|email_545c38b0922de19734fbffde62792c37|email_545c38b0922de19734fbffde62792c37|email_545c38b0922de19734fbffde62792c37|email_545c38b0922de19734fbffde62792c37|email_545c38b0922de19734fbffde62792c37|email_545c38b0922de19734fbffde62792c37|email_545c38b0922de19734fbffde62792c37|email_545c38b0922de19734fbffde62792c37|email_545c38b0922de19734fbffde62792c37|email_545c38b0922de19734fbffde62792c37|email_545c38b0922de19734fbffde62792c37|email_545c38b0922de19734fbffde62792c37|email_545c38b0922de19734fbffde62792c37|email_545c38b0922de19734fbffde62792c37|email_545c38b0922de19734fbffde62792c37|email_545c38b0922de19734fbffde62792c37|email_545c38b0922de19734fbffde62792c37|email_545c38b0922de19734fbffde62792c37|email_545c38b0922de19734fbffde62792c37|email_545c38b0922de19734fbffde62792c37|email_545c38b0922de19734fbffde62792c37|email_545c38b0922de19734fbffde62792c37|email_545c38b0922de19734fbffde62792c37|email_545c38b0922de19734fbffde62792c37|email_545c38b0922de19734fbffde62792c37|email_545c38b0922de19734fbffde62792c37|email_545c38b0922de19734fbffde62792c37|email_545c38b0922de19734fbffde62792c37|email_545c38b0922de19734fbffde62792c37|email_545c38b0922de19734fbffde62792c37|email_545c38b0922de19734fbffde62792c37|email_545c38b0922de19734fbffde62792c37|email_545c38b0922de19734fbffde62792c37|email_545c38b0922de19734fbffde62792c37|email_545c38b0922de19734fbffde62792c37|email_545c38b0922de19734fbffde62792c37|email_545c38b0922de19734fbffde62792c37|email_545c38b0922de19734fbffde62792c37|email_545c38b0922de19734fbffde62792c37|email_545c38b0922de19734fbffde62792c37|email_545c38b0922de19734fbffde62792c37|email_545c38b0922de19734fbffde62792c37|email_545c38b0922de19734fbffde62792c37|email_545c38b0922de19734fbffde62792c37|email_545c38b0922de19734fbffde62792c37|email_545c38b0922de19734fbffde62792c37|email_545c38b0922de19734fbffde62792c37|email_545c38b0922de19734fbffde62792c37|email_545c38b0922de19734fbffde62792c37|email_545c38b0922de19734fbffde62792c37|email_545c38b0922de19734fbffde62792c37|email_545c38b0922de19734fbffde62792c37|email_545c38b0922de19734fbffde62792c37|email_545c38b0922de19734fbffde62792c37|email_545c38b0922de19734fbffde62792c37|email_545c38b0922de19734fbffde62792c37|email_545c38b0922de19734fbffde62792c37|email_545c38b0922de19734fbffde62792c37|email_545c38b0922de19734fbffde62792c37|email_545c38b0922de19734fbffde62792c37|email_545c38b0922de19734fbffde62792c37|email_545c38b0922de19734fbffde62792c37|email_545c38b0922de19734fbffde62792c37|email_545c38b0922de19734fbffde62792c37|email_545c38b0922de19734fbffde62792c37|email_545c38b0922de19734fbffde62792c37|email_545c38b0922de19734fbffde62792c37|email_545c38b0922de19734fbffde62792c37|email_545c38b0922de19734fbffde62792c37|email_545c38b0922de19734fbffde62792c37|email_545c38b0922de19734fbffde62792c37|email_545c38b0922de19734fbffde62792c37|email_545c38b0922de19734fbffde62792c37|email_545c38b0922de19734fbffde62792c37|email_545c38b0922de19734fbffde62792c37|email_545c38b0922de19734fbffde62792c37|email_545c38b0922de19734fbffde62792c37|email_545c38b0922de19734fbffde62792c37|email_545c38b0922de19734fbffde62792c37|email_545c38b0922de19734fbffde62792c37|email_545c38b0922de19734fbffde62792c37|email_545c38b0922de19734fbffde62792c37|email_545c38b0922de19734fbffde62792c37|email_545c38b0922de19734fbffde62792c37|email_545c38b0922de19734fbffde62792c37|email_545c38b0922de19734fbffde62792c37|email_545c38b0922de19734fbffde62792c37|email_545c38b0922de19734fbffde62792c37|email_545c38b0922de19734fbffde62792c37|email_545c38b0922de19734fbffde62792c37|email_545c38b0922de19734fbffde62792c37|email_545c38b0922de19734fbffde62792c37|email_545c38b0922de19734fbffde62792c37|email_545c38b0922de19734fbffde62792c37|email_545c38b0922de19734fbffde62792c37|email_545c38b0922de19734fbffde62792c37|email_545c38b0922de19734fbffde62792c37|email_545c38b0922de19734fbffde62792c37|email_545c38b0922de19734fbffde62792c37|email_545c38b0922de19734fbffde62792c37|email_545c38b0922de19734fbffde62792c37|email_545c38b0922de19734fbffde62792c37|email_545c38b0922de19734fbffde62792c37|email_545c38b0922de19734fbffde62792c37|email_545c38b0922de19734fbffde62792c37|email_545c38b0922de19734fbffde62792c37|email_545c38b0922de19734fbffde62792c37|email_545c38b0922de19734fbffde62792c37|email_545c38b0922de19734fbffde62792c37|email_545c38b0922de19734fbffde62792c37|email_545c38b0922de19734fbffde62792c37|email_545c38b0922de19734fbffde62792c37|email_545c38b0922de19734fbffde62792c37|email_545c38b0922de19734fbffde62792c37|email_545c38b0922de19734fbffde62792c37|email_545c38b0922de19734fbffde62792c37|email_545c38b0922de19734fbffde62792c37|email_545c38b0922de19734fbffde62792c37|email_545c38b0922de19734fbffde62792c37|email_545c38b0922de19734fbffde62792c37|email_545c38b0922de19734fbffde62792c37|email_545c38b0922de19734fbffde62792c37|email_545c38b0922de19734fbffde62792c37|email_545c38b0922de19734fbffde62792c37|email_545c38b0922de19734fbffde62792c37|email_545c38b0922de19734fbffde62792c37|email_545c38b0922de19734fbffde62792c37|email_545c38b0922de19734fbffde62792c37|email_545c38b0922de19734fbffde62792c37|email_545c38b0922de19734fbffde62792c37|email_545c38b0922de19734fbffde62792c37|email_545c38b0922de19734fbffde62792c37|email_545c38b0922de19734fbffde62792c37|email_545c38b0922de19734fbffde62792c37|email_545c38b0922de19734fbffde62792c37|email_545c38b0922de19734fbffde62792c37|email_545c38b0922de19734fbffde62792c37|email_545c38b0922de19734fbffde62792c37|email_545c38b0922de19734fbffde62792c37|email_545c38b0922de19734fbffde62792c37|email_545c38b0922de19734fbffde62792c37|email_545c38b0922de19734fbffde62792c37|email_545c38b0922de19734fbffde62792c37|email_545c38b0922de19734fbffde62792c37|email_545c38b0922de19734fbffde62792c37|email_545c38b0922de19734fbffde62792c37|email_545c38b0922de19734fbffde62792c37|email_545c38b0922de19734fbffde62792c37|email_545c38b0922de19734fbffde62792c37|email_545c38b0922de19734fbffde62792c37|email_545c38b0922de19734fbffde62792c37|email_545c38b0922de19734fbffde62792c37|email_545c38b0922de19734fbffde62792c37|email_545c38b0922de19734fbffde62792c37|email_545c38b0922de19734fbffde62792c37|email_545c38b0922de19734fbffde62792c37|email_545c38b0922de19734fbffde62792c37|email_545c38b0922de19734fbffde62792c37|email_545c38b0922de19734fbffde62792c37|email_545c38b0922de19734fbffde62792c37|email_545c38b0922de19734fbffde62792c37|email_545c38b0922de19734fbffde62792c37|email_545c38b0922de19734fbffde62792c37|email_545c38b0922de19734fbffde62792c37|email_545c38b0922de19734fbffde62792c37|email_545c38b0922de19734fbffde62792c37|email_545c38b0922de19734fbffde62792c37|email_545c38b0922de19734fbffde62792c37|email_545c38b0922de19734fbffde62792c37|email_545c38b0922de19734fbffde62792c37|email_545c38b0922de19734fbffde62792c37|email_545c38b0922de19734fbffde62792c37|email_545c38b0922de19734fbffde62792c37|email_545c38b0922de19734fbffde62792c37|email_545c38b0922de19734fbffde62792c37|email_545c38b0922de19734fbffde62792c37|email_545c38b0922de19734fbffde62792c37|email_545c38b0922de19734fbffde62792c37|email_545c38b0922de19734fbffde62792c37|email_545c38b0922de19734fbffde62792c37|email_545c38b0922de19734fbffde62792c37|email_545c38b0922de19734fbffde62792c37|email_545c38b0922de19734fbffde62792c37|email_545c38b0922de19734fbffde62792c37|email_545c38b0922de19734fbffde62792c37|email_545c38b0922de19734fbffde62792c37|email_545c38b0922de19734fbffde62792c37|email_545c38b0922de19734fbffde62792c37|email_545c38b0922de19734fbffde62792c37|email_545c38b0922de19734fbffde62792c37|email_545c38b0922de19734fbffde62792c37|email_545c38b0922de19734fbffde62792c37|email_545c38b0922de19734fbffde62792c37|email_545c38b0922de19734fbffde62792c37|email_545c38b0922de19734fbffde62792c37|email_545c38b0922de19734fbffde62792c37|email_545c38b0922de19734fbffde62792c37|email_545c38b0922de19734fbffde62792c37|email_545c38b0922de19734fbffde62792c37|email_545c38b0922de19734fbffde62792c37|email_545c38b0922de19734fbffde62792c37|email_545c38b0922de19734fbffde62792c37|email_545c38b0922de19734fbffde62792c37|email_545c38b0922de19734fbffde62792c37|email_545c38b0922de19734fbffde62792c37|email_545c38b0922de19734fbffde62792c37|email_545c38b0922de19734fbffde62792c37|email_545c38b0922de19734fbffde62792c37|email_545c38b0922de19734fbffde62792c37|email_545c38b0922de19734fbffde62792c37|email_545c38b0922de19734fbffde62792c37|email_545c38b0922de19734fbffde62792c37|email_545c38b0922de19734fbffde62792c37|email_545c38b0922de19734fbffde62792c37|email_545c38b0922de19734fbffde62792c37|email_545c38b0922de19734fbffde62792c37|email_545c38b0922de19734fbffde62792c37|email_545c38b0922de19734fbffde62792c37|email_545c38b0922de19734fbffde62792c37|email_545c38b0922de19734fbffde62792c37|email_545c38b0922de19734fbffde62792c37|email_545c38b0922de19734fbffde62792c37|email_545c38b0922de19734fbffde62792c37|email_545c38b0922de19734fbffde62792c37|email_545c38b0922de19734fbffde62792c37|email_545c38b0922de19734fbffde62792c37|email_545c38b0922de19734fbffde62792c37|email_545c38b0922de19734fbffde62792c37|email_545c38b0922de19734fbffde62792c37|email_545c38b0922de19734fbffde62792c37|email_545c38b0922de19734fbffde62792c37|email_545c38b0922de19734fbffde62792c37|email_545c38b0922de19734fbffde62792c37|email_545c38b0922de19734fbffde62792c37|email_545c38b0922de19734fbffde62792c37|email_545c38b0922de19734fbffde62792c37|email_545c38b0922de19734fbffde62792c37|email_545c38b0922de19734fbffde62792c37|email_545c38b0922de19734fbffde62792c37|email_545c38b0922de19734fbffde62792c37|email_545c38b0922de19734fbffde62792c37|email_545c38b0922de19734fbffde62792c37|email_545c38b0922de19734fbffde62792c37|email_545c38b0922de19734fbffde62792c37|email_545c38b0922de19734fbffde62792c37|email_545c38b0922de19734fbffde62792c37|email_545c38b0922de19734fbffde62792c37|email_545c38b0922de19734fbffde62792c37|email_545c38b0922de19734fbffde62792c37|email_545c38b0922de19734fbffde62792c37|email_545c38b0922de19734fbffde62792c37|email_545c38b0922de19734fbffde62792c37|email_545c38b0922de19734fbffde62792c37|email_545c38b0922de19734fbffde62792c37|email_545c38b0922de19734fbffde62792c37|email_545c38b0922de19734fbffde62792c37|email_545c38b0922de19734fbffde62792c37|email_545c38b0922de19734fbffde62792c37|email_545c38b0922de19734fbffde62792c37|email_545c38b0922de19734fbffde62792c37|email_545c38b0922de19734fbffde62792c37|email_545c38b0922de19734fbffde62792c37|email_545c38b0922de19734fbffde62792c37|email_545c38b0922de19734fbffde62792c37|email_545c38b0922de19734fbffde62792c37|email_545c38b0922de19734fbffde62792c37|email_545c38b0922de19734fbffde62792c37|email_545c38b0922de19734fbffde62792c37|email_545c38b0922de19734fbffde62792c37|email_545c38b0922de19734fbffde62792c37|email_545c38b0922de19734fbffde62792c37|email_545c38b0922de19734fbffde62792c37|email_545c38b0922de19734fbffde62792c37|email_545c38b0922de19734fbffde62792c37|email_545c38b0922de19734fbffde62792c37|email_545c38b0922de19734fbffde62792c37|email_545c38b0922de19734fbffde62792c37|email_545c38b0922de19734fbffde62792c37|email_545c38b0922de19734fbffde62792c37|email_545c38b0922de19734fbffde62792c37|email_545c38b0922de19734fbffde62792c37|email_545c38b0922de19734fbffde62792c37|email_545c38b0922de19734fbffde62792c37|email_545c38b0922de19734fbffde62792c37|email_545c38b0922de19734fbffde62792c37|email_545c38b0922de19734fbffde62792c37|email_545c38b0922de19734fbffde62792c37|email_545c38b0922de19734fbffde62792c37|email_545c38b0922de19734fbffde62792c37|email_545c38b0922de19734fbffde62792c37|email_545c38b0922de19734fbffde62792c37|email_545c38b0922de19734fbffde62792c37|email_545c38b0922de19734fbffde62792c37|email_545c38b0922de19734fbffde62792c37|email_545c38b0922de19734fbffde62792c37|email_545c38b0922de19734fbffde62792c37|email_545c38b0922de19734fbffde62792c37|email_545c38b0922de19734fbffde62792c37|email_545c38b0922de19734fbffde62792c37|email_545c38b0922de19734fbffde62792c37|email_545c38b0922de19734fbffde62792c37|email_545c38b0922de19734fbffde62792c37|email_545c38b0922de19734fbffde62792c37|email_545c38b0922de19734fbffde62792c37|email_545c38b0922de19734fbffde62792c37|email_545c38b0922de19734fbffde62792c37|email_545c38b0922de19734fbffde62792c37|email_545c38b0922de19734fbffde62792c37|email_545c38b0922de19734fbffde62792c37|email_545c38b0922de19734fbffde62792c37|email_545c38b0922de19734fbffde62792c37|email_545c38b0922de19734fbffde62792c37|email_545c38b0922de19734fbffde62792c37|email_545c38b0922de19734fbffde62792c37|email_545c38b0922de19734fbffde62792c37|email_545c38b0922de19734fbffde62792c37|email_545c38b0922de19734fbffde62792c37|email_545c38b0922de19734fbffde62792c37|email_545c38b0922de19734fbffde62792c37|email_545c38b0922de19734fbffde62792c37|email_545c38b0922de19734fbffde62792c37|email_545c38b0922de19734fbffde62792c37|email_545c38b0922de19734fbffde62792c37|email_545c38b0922de19734fbffde62792c37|email_545c38b0922de19734fbffde62792c37|email_545c38b0922de19734fbffde62792c37|email_545c38b0922de19734fbffde62792c37|email_545c38b0922de19734fbffde62792c37|email_55d334586f42e95366755abd205eea32|email_6c08d296fd718872aca2f847525ce459|email_6df522e4e3c560c8fec49512ab946fe7|email_737744a1318a30312d02a33ec0232622|email_75b3b02b738aa41769624159531f856e|email_7ad55a21909cc29f4101b97d7a7645f3|email_843c070fb5379aa3797b818def7b4f60|email_86b5eb50b1fbccb9e4e3a418185fb23b|email_8cc21d06bd867677d9c8807f21a92381|email_8f2c64ec62a4d2de846cc3cf4f3a4d25|email_8fe1ba1106bcbecfbfde10f8be1f9875|email_9f39c80e55311adfc52f57cc88672e27|email_a60b60d22a92a6d94b5b125c9e87e2a0|email_aaac85c09e146852e4a06a7a115f8c19|email_ab7fd61954ed235e72bd017e68ed16c8|email_b28eeaf6220d81324d70d0ada6b87134|email_c6ba348279bbaeb2c435086123b860a5|email_ce650737922d9434421941d3f7dd953e|email_d27d02d1c0d45497283ed6afb6335536|email_d501e257e44b9e1b4a23bb76f77dd4e8|email_d7cff0b8a1ac8b75a19e2c1a076b7a14|email_d814c6ddf184fc586799d6e3d766ab64|email_dbe7096c5bc751859595beacaf68b851|email_fb933d2173c70a593f060eef8796d4fa|email_fec5ea5f591ee415fa292dcc3526ef15,"raw_hashes=32, full_hashes=21, body_hashes=1"
exact_cluster_6b41a45179bccc00,exact_normalized_full,3,email_dc12132e0c6d9b29fe6fdb99198d395a,nazario,email_333d618cecdaca6e06337b0bd08cdad5|email_dc12132e0c6d9b29fe6fdb99198d395a|email_f851d53c7b1ae9f6b329a0408ef31962,"raw_hashes=3, full_hashes=1, body_hashes=1"
exact_cluster_d37c71b61a43a45f,exact_normalized_full,2,email_9a509f77a7d5d481a1cd573c5794d7e4,nazario,email_9a509f77a7d5d481a1cd573c5794d7e4|email_d6c839fdbd2685d75db48fb42cb88b7a,"raw_hashes=2, full_hashes=1, body_hashes=1"
exact_cluster_a3e8cbb4ba4ff21c,exact_normalized_full,3,email_5857b6a6e7af0bf8606725e5dd819d1a,nazario,email_5857b6a6e7af0bf8606725e5dd819d1a|email_a4514aef5b447ee4cfbba3244ddfbc75|email_d7d6bdd184e888f45e83def49b52c6cc,"raw_hashes=3, full_hashes=1, body_hashes=1"
exact_cluster_f944d8b54b72c9eb,exact_normalized_body,2,email_01e00ec29063886cb260165b55bab89a,nazario,email_01e00ec29063886cb260165b55bab89a|email_243decfd097aad25855d957f0449f106,"raw_hashes=2, full_hashes=2, body_hashes=1"
exact_cluster_83debddc940f8bcb,exact_normalized_body,3,email_1aa3e1dda20a24e01ae8b6c18bd8b99d,nazario,email_1aa3e1dda20a24e01ae8b6c18bd8b99d|email_a9ba1f3780993552970f55e2f736596b|email_b3ddebbcc296483358777cbceabf85d2,"raw_hashes=3, full_hashes=3, body_hashes=1"
exact_cluster_20495b39275f43b6,exact_normalized_full,2,email_eaf3afc3aa8dd323bef1cf266af8bad8,nazario,email_9a7ce45aa59e4e042cc09c9552023e8f|email_eaf3afc3aa8dd323bef1cf266af8bad8,"raw_hashes=2, full_hashes=1, body_hashes=1"
exact_cluster_043ee557e7a4c947,exact_normalized_body,2,email_a50b8af0c52fbbd53ea3d844157b889e,epvme|nazario,email_7b97133f0b931a490d75eb1c05cc28b6|email_a50b8af0c52fbbd53ea3d844157b889e,"raw_hashes=2, full_hashes=2, body_hashes=1"
exact_cluster_9f164ca31d31f417,exact_normalized_full,3,email_14964225752ec740285a883c5c17dd32,nazario,email_14964225752ec740285a883c5c17dd32|email_318547903e1986992b57648788775ddf|email_6a4159ec360c173e46e27300459c0946,"raw_hashes=3, full_hashes=1, body_hashes=1"
exact_cluster_8bd810f19c0150e5,exact_normalized_body,4,email_ac131ea6223a45f70f0473c15b0b009d,epvme|nazario,email_122cd585b33fd26f57a566b8a8c7b930|email_5eb239873469d8f44a94002c56aa497c|email_ac131ea6223a45f70f0473c15b0b009d|email_e66babbe5b95562da1d084f82e8159aa,"raw_hashes=4, full_hashes=3, body_hashes=1"
exact_cluster_83728bd576502989,exact_normalized_full,2,email_129afcc5964d6c9d6acde0e4f84abe4d,nazario,email_129afcc5964d6c9d6acde0e4f84abe4d|email_68950aa4f816cdd5e5485b8997a3512c,"raw_hashes=2, full_hashes=1, body_hashes=1"
exact_cluster_cdce00c873f2ef2d,exact_normalized_body,4,email_31c92a77b992462c31cd9096054bea4a,nazario,email_284259e48473438b344d09aea3dd4a3e|email_31c92a77b992462c31cd9096054bea4a|email_91b4700ea97ab00be6a3c53314cba27a|email_98a72cc008d88ba1fc23bb9076f3b9a5,"raw_hashes=4, full_hashes=2, body_hashes=1"
exact_cluster_460808dfd014d9df,exact_normalized_body,2,email_0e7dd5f03139b96ede1e4984aa8827ab,nazario,email_0e7dd5f03139b96ede1e4984aa8827ab|email_48ea182647b61a1887f76da42cee28cb,"raw_hashes=2, full_hashes=2, body_hashes=1"
exact_cluster_dcfc658a97daacea,exact_normalized_body,2,email_d95483dec4b1bdff3367452d93614eee,nazario,email_7ac4ff235b7b48c8d4bb93a8e3de39fa|email_d95483dec4b1bdff3367452d93614eee,"raw_hashes=2, full_hashes=2, body_hashes=1"
exact_cluster_23e97bde8c61bc14,exact_normalized_full,2,email_30bbeea5d4ba729d74e50dacac0ab2dc,nazario,email_30bbeea5d4ba729d74e50dacac0ab2dc|email_b8a10fb32b8209ada9e91a2c334f447b,"raw_hashes=2, full_hashes=1, body_hashes=1"
exact_cluster_4d6b86567859a31b,exact_normalized_body,7,email_b26370452001fd05ed265daba46808c7,nazario,email_06bed27b23795f26bb1300c8205cadf2|email_1a19059b14b0ea5843ac031027ef41d1|email_835fb3a796c2c36fb29b1136c3fa8385|email_94d6c6c9c4383668003dbe93eba000ab|email_b26370452001fd05ed265daba46808c7|email_c1ff05b960a530a786a98bade70f9371|email_f7f070b944c5bf2de0ec639a95988f7b,"raw_hashes=7, full_hashes=2, body_hashes=1"
exact_cluster_a7cbeeb653727164,exact_normalized_full,2,email_53f7c894abfc50661de5dfbc1cbf6069,nazario,email_1fd2a6ceea6d6dc84ec26d154b434882|email_53f7c894abfc50661de5dfbc1cbf6069,"raw_hashes=2, full_hashes=1, body_hashes=1"
exact_cluster_04cc50ee3fc433b1,exact_normalized_body,3,email_1e06d9e3bd337dc7e7660f3c05dbcdbc,epvme|nazario,email_1e06d9e3bd337dc7e7660f3c05dbcdbc|email_225b23c355233ba8133e4eea25669d62|email_699842e07e524c6b6850ee7b38d9c459,"raw_hashes=3, full_hashes=2, body_hashes=1"
exact_cluster_34f1fb91509849b7,exact_normalized_full,5,email_3a365b9fa964a9e9af7ffd14fcb0e314,nazario,email_3a365b9fa964a9e9af7ffd14fcb0e314|email_43a192b5232167ad47be76f2001f6288|email_7b3bbec751dd16cc3fcd76681fad3308|email_894690ddf71a6031a96a81b817d1347b|email_92483520498fc6211be0e10ae12ba1b0,"raw_hashes=5, full_hashes=1, body_hashes=1"
exact_cluster_598b0d89a178ac5b,exact_normalized_full,4,email_2a3973a95c76d47236ecaa2951e09696,nazario,email_1916066a57d9104fef1512cb681319d1|email_2a3973a95c76d47236ecaa2951e09696|email_4840f647cb81fc41efafba71869c3204|email_f9e85f2596edaeade4aed263f45852ba,"raw_hashes=4, full_hashes=1, body_hashes=1"
exact_cluster_8bc2c901aa288210,exact_normalized_body,3,email_0e8fa3c54777aa2043862c4bfb96f30b,nazario,email_0e8fa3c54777aa2043862c4bfb96f30b|email_20c8fbbe1b7b15a926da0d958d1b2146|email_f66e8f3589965308d54d53fabfb42d27,"raw_hashes=3, full_hashes=2, body_hashes=1"
exact_cluster_b277aa82124afe52,exact_normalized_body,2,email_9ef765fa2e36b8ed8475698fbdbef6e6,epvme|nazario,email_9ef765fa2e36b8ed8475698fbdbef6e6|email_d02127d8c344a1cf33072720df4afcdd,"raw_hashes=2, full_hashes=2, body_hashes=1"
exact_cluster_b6954b184ff8da9b,exact_normalized_full,2,email_cbae122fff37af8ae36bd87c066d01d4,nazario,email_3cb3bf3f834d83f5ab209ec4afdaa0e6|email_cbae122fff37af8ae36bd87c066d01d4,"raw_hashes=2, full_hashes=1, body_hashes=1"
exact_cluster_a1e927b70f8c15e9,exact_normalized_full,2,email_c66faf50e00dc155af6eeeb108acb859,nazario,email_94a581a6a5d656bddf9602fc0abd7122|email_c66faf50e00dc155af6eeeb108acb859,"raw_hashes=2, full_hashes=1, body_hashes=1"
exact_cluster_9b86900ecd99d9da,exact_normalized_body,2,email_79276bacc92d2b8a84de600e1f7a2a71,epvme|nazario,email_3806457dbef8bb7318a00703766231dc|email_79276bacc92d2b8a84de600e1f7a2a71,"raw_hashes=2, full_hashes=2, body_hashes=1"
exact_cluster_39f40b88a3bcf4c0,exact_normalized_body,4,email_a30378482fc8a1c3fd4ca285130e6a9f,nazario,email_876e1b5594965a2def810b3fa78109cb|email_a30378482fc8a1c3fd4ca285130e6a9f|email_e907a971ac6225d89da7a3992a4f34c0|email_fd7aacc621f7a6b19ab9fa6bc3057701,"raw_hashes=4, full_hashes=2, body_hashes=1"
exact_cluster_32e23434d5c9d0e6,exact_normalized_full,3,email_60afefb228c919773dfd09cd9a7ac003,nazario,email_60afefb228c919773dfd09cd9a7ac003|email_9ed0a23806e8dfa8055ab1d611e17f50|email_ad1ea26e45ea7babba7dfa99759838c6,"raw_hashes=3, full_hashes=1, body_hashes=1"
exact_cluster_b35cfd97c1aed101,exact_normalized_body,4,email_b8caca694c507817b786c812467fc555,nazario,email_13d6b3ec43c1e779221e20b605a1fd31|email_a7b48d09fb8ff132ee6e0b66b679e964|email_b8caca694c507817b786c812467fc555|email_e819f5c9830eae7ae5985ea34230f75d,"raw_hashes=4, full_hashes=2, body_hashes=1"
exact_cluster_f61375352fec3d42,exact_normalized_body,3,email_824fa7ba97426987f3c75c11255bc973,nazario,email_0dfa75a547f292a2a866d5edbf153da2|email_824fa7ba97426987f3c75c11255bc973|email_f649e562366edb0d243c52fe4df036cb,"raw_hashes=3, full_hashes=2, body_hashes=1"
exact_cluster_360cf49aaacbcb7f,exact_normalized_body,2,email_c9d0c7bde9d96393b500f3440130d67a,nazario,email_3f6a6cabc1c45800921f8f248b1f45f3|email_c9d0c7bde9d96393b500f3440130d67a,"raw_hashes=2, full_hashes=2, body_hashes=1"
exact_cluster_6a4f668de6935ce4,exact_normalized_body,3,email_5aa63a5ad196af4dee33084d22c662d8,nazario,email_5aa63a5ad196af4dee33084d22c662d8|email_a4b4c1800c4d6b7600873767a8f2e77a|email_b13ea44819dc8fc57cd40538e85e9223,"raw_hashes=3, full_hashes=2, body_hashes=1"
exact_cluster_38ae9ef9806d04ec,exact_normalized_full,2,email_21bcb9690a66b5534e0e13d317d57869,nazario,email_21bcb9690a66b5534e0e13d317d57869|email_dc7d4013b556c2088db540a4807f25c1,"raw_hashes=2, full_hashes=1, body_hashes=1"
exact_cluster_bbec226fd4772284,exact_normalized_body,2,email_a08b089f50b74e3d0c4d334b10736b48,nazario,email_4b5ac952d559b16e614026285047b4a1|email_a08b089f50b74e3d0c4d334b10736b48,"raw_hashes=2, full_hashes=2, body_hashes=1"
exact_cluster_7c6abe199d26aca1,exact_normalized_full,5,email_f89f25bc671b52d451ad3cad9843a935,nazario,email_3164aab1beb9f9a3b62a34a79f23173f|email_9b1720518d64b5bb59d402d48c5058b6|email_f1227049650428712a0032c30bc6a313|email_f15aca018b978b8a53ca80e94e1b0a04|email_f89f25bc671b52d451ad3cad9843a935,"raw_hashes=5, full_hashes=1, body_hashes=1"
exact_cluster_a2db62227cfc9f0d,exact_normalized_full,2,email_331f1bef8975417b8e7e98af82ad2fe1,nazario,email_331f1bef8975417b8e7e98af82ad2fe1|email_6eef9220a436e2f023da5ddf371f935a,"raw_hashes=2, full_hashes=1, body_hashes=1"
exact_cluster_ae080e9b3a293359,exact_normalized_full,9,email_8bd78fcf22380a7f6e9203b1365d16db,nazario,email_40f3c32cc907cc7201c054d74afaedb5|email_59669bc7a145a90140449b23c4476c18|email_5a839b6b9cec83baf4a42e7bf5104ebf|email_60febc419e84ea5c4c74cc44cd504387|email_746b53393d699bac87323bd34b74cf14|email_863410a5c227ad786cc517a002fd8e1a|email_8bd78fcf22380a7f6e9203b1365d16db|email_9dfcd3a4c0e03fb8dcff8b16530936ef|email_e0d7f6221e22713f2aaeb0d90978668c,"raw_hashes=9, full_hashes=1, body_hashes=1"
exact_cluster_6a4e86bf88eb72d4,exact_normalized_full,2,email_3f2f597248c36d096be400f9f767e0ca,nazario,email_3f2f597248c36d096be400f9f767e0ca|email_daebdf2f0852b1e496fbd4c701b53c4d,"raw_hashes=2, full_hashes=1, body_hashes=1"
exact_cluster_5313973d0eaa30fd,exact_normalized_body,2,email_c56f25bc3ae2b80d26e832fcf5dd79ac,epvme|nazario,email_04c50e5a46262d5cb22f0afd3948d215|email_c56f25bc3ae2b80d26e832fcf5dd79ac,"raw_hashes=2, full_hashes=2, body_hashes=1"
exact_cluster_ef728a12f3a83f93,exact_normalized_body,5,email_9f792501d7e124a63a903ce52f890ffd,epvme|nazario,email_1b172afef049e3a8cac197ec3c22417d|email_27a9957eceb5e3db9a2624f97cd73243|email_51b68adccc4a6df59b291161603e742d|email_863ec1c216ee1828f4cee1a0d22fdf11|email_9f792501d7e124a63a903ce52f890ffd,"raw_hashes=5, full_hashes=2, body_hashes=1"
exact_cluster_15b3c9a510a9ce44,exact_normalized_body,3,email_ca56dd7d05ddfc0426e56a4e6a7301f4,epvme|nazario,email_472d82235f97224c1917b48634947569|email_c93fb41c74f0a39f741eee9b9fc3cd3f|email_ca56dd7d05ddfc0426e56a4e6a7301f4,"raw_hashes=3, full_hashes=3, body_hashes=1"
exact_cluster_3a309e45bf82c0ef,exact_normalized_full,2,email_4f3ec0a5a4e6b11224578a7b0974b3ab,nazario,email_4f3ec0a5a4e6b11224578a7b0974b3ab|email_9f6123ea249da76bdf458b6ded134368,"raw_hashes=2, full_hashes=1, body_hashes=1"
exact_cluster_99e02d881d94f5ee,exact_normalized_full,5,email_7b0d683e60d0e5f78a87a77026790b4c,nazario,email_4e012ea4166a27dbbdebff6cf8c2b79c|email_74ca31ab29c958d99ed4ba5d7be5974a|email_7b0d683e60d0e5f78a87a77026790b4c|email_a6a36f9a03083562d30fbc72bc4c529c|email_dc8503bb77a38a915fdfd9232d49d24a,"raw_hashes=5, full_hashes=1, body_hashes=1"
exact_cluster_ab75d11dfe5e1fa4,exact_normalized_body,2,email_10af3832a15030e351952d9f721fc21e,epvme|nazario,email_10af3832a15030e351952d9f721fc21e|email_a8f171954c0b7e95faa216471401cc32,"raw_hashes=2, full_hashes=2, body_hashes=1"
exact_cluster_9d3ee6768d8bb518,exact_normalized_full,2,email_62b6eae282d83b490b0d4b5357850814,nazario,email_449ab1a11ff184de69bdcfd21d93c76a|email_62b6eae282d83b490b0d4b5357850814,"raw_hashes=2, full_hashes=1, body_hashes=1"
exact_cluster_e57069c6e87e2205,exact_normalized_full,2,email_eda9197c9f33349ac190dcf2ebb3e17f,nazario,email_a33245a932ceed433239ea954af0338f|email_eda9197c9f33349ac190dcf2ebb3e17f,"raw_hashes=2, full_hashes=1, body_hashes=1"
exact_cluster_14f1a35891e203ef,exact_normalized_full,2,email_69d667650ac54518b0902fe9f2645b74,nazario,email_69d667650ac54518b0902fe9f2645b74|email_bcd162844be0d6eb30ab1608eb423308,"raw_hashes=2, full_hashes=1, body_hashes=1"
exact_cluster_c19d292617fe1a83,exact_normalized_body,4,email_d996c6b09f730d3b90336ff8f748c83a,nazario,email_2ebc9beef05b3d8d9218b264734bfeee|email_b4db6e02e3e6e4593d37e4375c4ca0be|email_c7f9b66d2d046758739ce9958f514413|email_d996c6b09f730d3b90336ff8f748c83a,"raw_hashes=4, full_hashes=2, body_hashes=1"
exact_cluster_32bfe583f791947c,exact_normalized_body,2,email_a901bbd44d4d23907609d4d09b5509fb,nazario,email_8348af464e09bbbb623a6ce65ecfa3c2|email_a901bbd44d4d23907609d4d09b5509fb,"raw_hashes=2, full_hashes=2, body_hashes=1"
exact_cluster_f8045dae2016c56c,exact_normalized_body,2,email_296fa795595989dd1aa473421a02722c,epvme|nazario,email_0d7428ed6bbb5646db8ce779eaecf265|email_296fa795595989dd1aa473421a02722c,"raw_hashes=2, full_hashes=2, body_hashes=1"
exact_cluster_59d4e14fdc83db58,exact_normalized_body,22,email_0809f8423de4964f9529b9839a6d2625,nazario,email_0809f8423de4964f9529b9839a6d2625|email_0b6f7d3653ac8bf52797319512e8ccfa|email_13f8488e4ad0c71b54698dda7ed1d64d|email_20e589085f22909e181ecc4df6af42e7|email_21623aaada890a4cd84fd8e2b573a214|email_37380ede5fce9310599925088914892e|email_3ea95a80fbbf48e6eedf5b3eb0b76964|email_4966661df6be5ff225cacb44b6c2ad9c|email_4da159b2c7844fae38fb529a05569c2d|email_52f9a267dc71c8acdeae63b3ee6529d7|email_641b77fe488a5b0d4362c2b42f22b247|email_68b8fbb1f59b9b016a133c71972a03f1|email_7c636330f7d0157ee72bf5b3af4fd291|email_81686ded0d7dd7de73140872234e032a|email_8d1b714eb28e70e18162024a3ed1a61b|email_927387d5c174953d887de9a352f4a877|email_9d1cdcb90c8c98e2290ab3590031ed9b|email_b946ce538de01a8932216150cc93d234|email_bacb81e63055b59e4740495551139a22|email_dba34cc28a9a637858c5e046c052e2a7|email_e5e931b2a12b6e3270d0f8f943fb95e9|email_f082e5db6d147018c159165f6f8ba97b,"raw_hashes=22, full_hashes=22, body_hashes=1"
exact_cluster_7e51a76fa7e1e6c7,exact_normalized_full,4,email_eff49488b5c7b0f2a6030b4fd93495ba,nazario,email_4514de40a3f5a9a52ff9564d72011af7|email_4ad3a71ed6d33263321298bbf0b950a8|email_8163cf60a88f1bbf0f01e66e38cb8944|email_eff49488b5c7b0f2a6030b4fd93495ba,"raw_hashes=4, full_hashes=1, body_hashes=1"
exact_cluster_10dfeeda24ae9f15,exact_normalized_body,8,email_e7b4d5e3824fe6d90c5508ff5ccc2ce2,nazario,email_0e4a1c03cf833bd124aad3329cde8a5d|email_64476f13a2e0dac8595c521ca4c3ca25|email_8e7643c925c3bb8d37d88a14d3d66e25|email_b7948e219b80b2732c44ddbd6b0c36f0|email_dc02c908dd92c5f82c31e79eccec16f0|email_e7b4d5e3824fe6d90c5508ff5ccc2ce2|email_f40fa1c975798a4969f7b188a498df08|email_f7dd6c23dd329c4ee7861c8607d8623f,"raw_hashes=8, full_hashes=8, body_hashes=1"
exact_cluster_0328d6fdaeba6217,exact_normalized_body,2,email_62edf94b1fdd9b0e17ae6a222b44520f,nazario,email_62edf94b1fdd9b0e17ae6a222b44520f|email_b4633ea85aa94f75f16b6e63381f7bd6,"raw_hashes=2, full_hashes=2, body_hashes=1"
exact_cluster_bcbd58600fd640bf,exact_normalized_full,2,email_847f80884c5cab47299c0e59c8386e70,nazario,email_0088e903ece5a07a69c618ed75c10dbf|email_847f80884c5cab47299c0e59c8386e70,"raw_hashes=2, full_hashes=1, body_hashes=1"
exact_cluster_07354c6013031813,exact_normalized_full,2,email_a97f8e70d02cc4997d8870528f8274f0,nazario,email_a97f8e70d02cc4997d8870528f8274f0|email_c0cbfe2857dd9d05f7b2b4986d20b7fe,"raw_hashes=2, full_hashes=1, body_hashes=1"
exact_cluster_337effa861b18915,exact_normalized_full,3,email_cbba70026e8ebb2bd9044ba989089e10,nazario,email_1b22f9dc2982738293e5917f6288829c|email_5c45e5273daccfa2c37e9852c1a35cc9|email_cbba70026e8ebb2bd9044ba989089e10,"raw_hashes=3, full_hashes=1, body_hashes=1"
exact_cluster_0ddf1d1e5593f0a2,exact_normalized_full,2,email_55dcb9384f4d4fabf236ed11fc268d6d,nazario,email_55dcb9384f4d4fabf236ed11fc268d6d|email_62adf9006127e26254b7b9509803b812,"raw_hashes=2, full_hashes=1, body_hashes=1"
exact_cluster_b77dd0748a23c8ee,exact_normalized_body,4,email_3969492d0737e5ee9f17d04d348ae67e,nazario,email_104dd976e902b2a156ea978c6c9bd332|email_3969492d0737e5ee9f17d04d348ae67e|email_55a0cf6cd072e219a07fc6311acf3629|email_f69af2d5e31908c96093da8ea5a8c807,"raw_hashes=4, full_hashes=2, body_hashes=1"
exact_cluster_c605e40b194a6f3f,exact_normalized_body,4,email_18c76f91aa6cd1c82b1c885d702ae7fd,epvme|nazario,email_18c76f91aa6cd1c82b1c885d702ae7fd|email_2c2910bbde56a539d40542558856368a|email_52b450cf24a31a146fdd7735a6ecc2a2|email_e87928790d0efee7f477e958c9021972,"raw_hashes=4, full_hashes=3, body_hashes=1"
exact_cluster_bc3415b24d69d18f,exact_normalized_body,3,email_cc515886ee100bc5d848019253eb44e3,nazario,email_47cf77815c54d2690b758a8f1d3ad801|email_bb3d84048bc28b86c52c9d09f6e26938|email_cc515886ee100bc5d848019253eb44e3,"raw_hashes=3, full_hashes=2, body_hashes=1"
exact_cluster_cb819aab99da088e,exact_normalized_body,2,email_e907bc1c8fea595a41d12397bf0b79d4,nazario,email_9839b5e54580d16cfbef6ea23d785fc1|email_e907bc1c8fea595a41d12397bf0b79d4,"raw_hashes=2, full_hashes=2, body_hashes=1"
exact_cluster_b8c8e9b81b392db8,exact_normalized_full,2,email_9bef9499eda8ea769a17a248578261af,nazario,email_4074ffafdfc0867e3b6ef126ce621d97|email_9bef9499eda8ea769a17a248578261af,"raw_hashes=2, full_hashes=1, body_hashes=1"
exact_cluster_41face76493e3c87,exact_normalized_body,18,email_c416e299e64331b0ac87074e9deed98c,epvme|nazario,email_0982d096b5bc7e27f9cbb9be40bfbe10|email_2a11d5b80292c33f07c447e19f598f66|email_459b622fffb350cf84d6eebd21a3e6fb|email_4951052059b9e9b90ff0c30c6dfc487c|email_4ea4da56f0870fa7c942a8b60ad47f79|email_52ae48f8d6a9efa6a8af19edd488a573|email_579f3290c4407579d8c4e52709f961d3|email_79a4e4daa67bae45bb96ec9cf63982b3|email_90bd09ae64f79c127790d05e984b9cc9|email_aa94f13344a7b54f1b7ed54c1349af8b|email_b4953aa1ea575d870d4be59cc00a4ed6|email_b5bc0caae851dd53561f30d0cf6b20eb|email_c416e299e64331b0ac87074e9deed98c|email_d2968d0643ee61a112399bdf240f71fb|email_d39dd016e6d1731c26e2a5e9a4d78995|email_f2a3d90c2505a778c957a804c7697d5e|email_f71684d80f0b85c40f46fa9d1d34515b|email_fc8e0ebf21cc8c9f4481ed1a7e9bd970,"raw_hashes=18, full_hashes=17, body_hashes=1"
exact_cluster_56d4f54569d52359,exact_normalized_full,18,email_f3c18627154b39a88952825dc7d795d6,nazario,email_01631c35dbbd5a24e60e02c639d7fb54|email_0adb9ae7d3ca9da21a0dcc06d3afb66b|email_193845aaff3560ed2616d8d39a29c21c|email_216a90dfa06314d8dc1dc4a470d8242c|email_3163e5473d33c6d358df1015993527db|email_35bfc8a6383a546a899d510c69fce30a|email_4810345f98d1fdbe5968bc4febd7e182|email_6a25a0a7d56ee5e26bb12a4bbe60c256|email_6c1e2cbf703eed4c3839d4e13c82fa87|email_a10476c9b41898c0fd9bfd4a87102aed|email_a55fd606248f71d90388e5f187af0384|email_b191f88595ee32933222bdc7018a8f76|email_cbe87f12effd00ff2a8363df0cd61b2e|email_d4432cfcda2bc80a3997c37dd94a20a8|email_d8ab28bb2d4cb9deafc07cae59ec2985|email_e3999ad9cabce8e457f80256496fb722|email_eb1a256f63d3272f4bf8fca74bedffc6|email_f3c18627154b39a88952825dc7d795d6,"raw_hashes=18, full_hashes=1, body_hashes=1"
exact_cluster_7b1dd9f640206a30,exact_normalized_full,2,email_ed9f1201304e2fb420fe6fb79cc33822,nazario,email_04c9a41262d878c1e5c4ed06dd27bc68|email_ed9f1201304e2fb420fe6fb79cc33822,"raw_hashes=2, full_hashes=1, body_hashes=1"
exact_cluster_92e4be99a996cb5b,exact_normalized_full,2,email_7be7276659b39d60655ef99ece2b81d9,nazario,email_7be7276659b39d60655ef99ece2b81d9|email_cd7a01e8701ce0302e28d8a445862f95,"raw_hashes=2, full_hashes=1, body_hashes=1"
exact_cluster_2a5b0094121479de,exact_normalized_body,7,email_95f5895e067227a5ac7e7e5eaa61ed8f,nazario,email_1b3fcabfcc21892b33a8d66002f720d4|email_5cc8ae96f1d60a01c40690b65f01c101|email_6b5fb94eeb94f69b2dd890447ba78959|email_95f5895e067227a5ac7e7e5eaa61ed8f|email_9661257a7eff98cc84e8717436298f33|email_b38b4dd59a224494a671c0d580090db9|email_f202b39643b2043fe3591176f9a578e8,"raw_hashes=7, full_hashes=4, body_hashes=1"
exact_cluster_294f6db136bb4998,exact_normalized_body,4,email_587fbdd4137a0f6ed0b036a59dadaf9f,epvme|nazario,email_13e5b6d7fbf628305bc8ca3a6e2ffe34|email_587fbdd4137a0f6ed0b036a59dadaf9f|email_77fdeae4400aa2f751396e31e6eb2cc7|email_a117082ed6e143e54b468b6d5f7a0e6f,"raw_hashes=4, full_hashes=4, body_hashes=1"
exact_cluster_ea20585598e161d9,exact_normalized_body,3,email_d6bbf5ef3987b93aa37d5095ccf2097a,nazario,email_0019af3b0083a2bad718d293ab4d36cf|email_1b1e0e366c7d42216ea6ea5b2c050421|email_d6bbf5ef3987b93aa37d5095ccf2097a,"raw_hashes=3, full_hashes=3, body_hashes=1"
exact_cluster_73f7688edd37f78d,exact_normalized_body,2,email_c7f95cb706a36d085b93784a0a7e7a86,nazario,email_c7f95cb706a36d085b93784a0a7e7a86|email_cc1a6df752270f215965482acdda3f3a,"raw_hashes=2, full_hashes=2, body_hashes=1"
exact_cluster_fba2c311ea714e9c,exact_normalized_full,2,email_1ab692fea339bdcffed009361984502d,nazario,email_1ab692fea339bdcffed009361984502d|email_ee5f1bc633ad79171351d49f1827eb43,"raw_hashes=2, full_hashes=1, body_hashes=1"
exact_cluster_22e426c939230f22,exact_normalized_body,3,email_6708721305b83b38eeadb042d435e87d,nazario,email_1806309bdda919e6601e8be3b1fca023|email_6708721305b83b38eeadb042d435e87d|email_94dd96793b1c11853e8f4eea1a370e94,"raw_hashes=3, full_hashes=3, body_hashes=1"
exact_cluster_a976266ad05e957c,exact_normalized_body,3,email_c1067ea6729a14c1961bfa74d0cf44df,nazario,email_c1067ea6729a14c1961bfa74d0cf44df|email_c9203ffdfa2a72457502b886f0796518|email_f093e1421d5a0bae8c394f465447ccdb,"raw_hashes=3, full_hashes=3, body_hashes=1"
exact_cluster_4d5a19b5ca8692ce,exact_normalized_full,2,email_3670fca1a907c2be92cf1afcaed2d32f,nazario,email_3670fca1a907c2be92cf1afcaed2d32f|email_da9fcac2c514c82fb3ec8ff28aaf4f1d,"raw_hashes=2, full_hashes=1, body_hashes=1"
exact_cluster_819c2b75c647315b,exact_normalized_body,4,email_3aa1ccb70934b967b8aa6ffd5831ad84,nazario,email_1544dcf640997e4ec5521411be52adc9|email_3aa1ccb70934b967b8aa6ffd5831ad84|email_d403c06fde8d5cdc461a4b7c1530243d|email_eafc0bb1dd3d6637dbdd9d5c8581324a,"raw_hashes=4, full_hashes=4, body_hashes=1"
exact_cluster_536e399c796a63c2,exact_normalized_body,3,email_adc22bd5f59be69e8af274653aad587c,nazario,email_78c409f50b80955428eff09e6718cacc|email_adc22bd5f59be69e8af274653aad587c|email_eb6ff25104709c8ef047a7d2f0decbcd,"raw_hashes=3, full_hashes=3, body_hashes=1"
exact_cluster_6f33605bd0956d34,exact_normalized_body,2,email_353f0a3cff1b921ae56820b75035e98a,epvme|nazario,email_353f0a3cff1b921ae56820b75035e98a|email_3961604ce8b924a83ef849a2dcbce531,"raw_hashes=2, full_hashes=2, body_hashes=1"
exact_cluster_d4007b8c42f13f4e,exact_normalized_body,2,email_d29046687a8d051c7b3a70eb8087a29a,nazario,email_6eb2f55e780b1bbd159430227a7589e9|email_d29046687a8d051c7b3a70eb8087a29a,"raw_hashes=2, full_hashes=2, body_hashes=1"
exact_cluster_1b28f1a68f9ce36d,exact_normalized_body,2,email_b4e7965f90e16aa571f4b5b3382559ed,nazario,email_920546c449273c9ca073a3cfb39a50b2|email_b4e7965f90e16aa571f4b5b3382559ed,"raw_hashes=2, full_hashes=2, body_hashes=1"
exact_cluster_5333e739bfe8eede,exact_normalized_body,3,email_4f9a69bf9289b9c6af4ac95402a8d5df,nazario,email_212502fc7b3daad3c0147156b14f8a7f|email_4f9a69bf9289b9c6af4ac95402a8d5df|email_55bf66bcc93da59945c9bb736592e1d7,"raw_hashes=3, full_hashes=3, body_hashes=1"
exact_cluster_c3da216989397625,exact_normalized_body,2,email_1c156f69e18f38d92dfbd7b2c25971f7,nazario,email_1c156f69e18f38d92dfbd7b2c25971f7|email_8642d290e96636e60c1106d250dce9e3,"raw_hashes=2, full_hashes=2, body_hashes=1"
exact_cluster_8cf4f2b731b0518d,exact_normalized_body,6,email_e4c49c17ddad147364f9bbe3bca517e7,nazario,email_4478cd43031beeac467a7a1c169cef84|email_4cc940784b5a8d2dbe3e8bba7b327543|email_5a8ed63feeb66d51925e0011ef4f76e7|email_b91debd64ee8303f7d9df5e1c0eae2d6|email_e4c49c17ddad147364f9bbe3bca517e7|email_ee22964f417c8af375f8638aa910289d,"raw_hashes=6, full_hashes=6, body_hashes=1"
exact_cluster_d987884dbb34000f,exact_normalized_body,6,email_59f42dd50da98a10252b7c1871a91ac9,nazario,email_04638b5d186b5d9b9fdabcf6fad5f807|email_2b0a903e540f670f5c6f7717f2c45918|email_59f42dd50da98a10252b7c1871a91ac9|email_61e9e167f7723617bebbfa6ee7dd1e43|email_b68203efcfa71d27556084f432b64e55|email_fb02f96b0af20a5bbbb3a7e3574afc42,"raw_hashes=6, full_hashes=4, body_hashes=1"
exact_cluster_aa6532d5d7ae2553,exact_normalized_full,2,email_cafb9c90bdae5b445261441ee99e1ad7,nazario,email_62e5dea8e03adf771746501f18542ef6|email_cafb9c90bdae5b445261441ee99e1ad7,"raw_hashes=2, full_hashes=1, body_hashes=1"
exact_cluster_271e8b8c3e289964,exact_normalized_full,11,email_a18d26077b57626e8c529b89894f9e69,nazario,email_19e67d925a6f0a8e10529c8cc4d2e064|email_1a04d1393ecb35d60110451c3ef40934|email_3fe6606dac5181fa206409d2b0d2edfc|email_49744441fffcf2b87935f3de1aeb8283|email_58020810c63da2d7546a913712dd289a|email_5b267f7c7a21149d9731e2d6edc16d02|email_8229eae2ef224b2947783bdf99bbe707|email_836dbd6cd49dad7b7c65b1ecd9993bd5|email_8d1bfae3c7ca4796341e457aa531380c|email_a18d26077b57626e8c529b89894f9e69|email_fae5f25cbadff27ca81fd06580e5b923,"raw_hashes=11, full_hashes=1, body_hashes=1"
exact_cluster_5f526a0350c8f2d6,exact_normalized_full,4,email_2ccbe918f5f2a11491fad5f5d8cbe98b,nazario,email_2ccbe918f5f2a11491fad5f5d8cbe98b|email_9d677aba5e983b94b715a0faef1dc967|email_aa5f6e0a50ed3e779ce0e9575d18a4dc|email_df9457d2df73bbab700ee1d1c396e732,"raw_hashes=4, full_hashes=1, body_hashes=1"
exact_cluster_1627c74cefe430cc,exact_normalized_full,2,email_a137383965a0176dd05fcf664776a8c6,nazario,email_88dca239fcd4fa4a898fc62949fef44b|email_a137383965a0176dd05fcf664776a8c6,"raw_hashes=2, full_hashes=1, body_hashes=1"
exact_cluster_5b136cb8dd91855a,exact_normalized_body,2,email_ebacae906ba3a84b7ada1678aed5b94f,nazario,email_3916039916a6a0c1586599f050fb4c6b|email_ebacae906ba3a84b7ada1678aed5b94f,"raw_hashes=2, full_hashes=2, body_hashes=1"
exact_cluster_977a42dda7aea73b,exact_normalized_body,3,email_599a1744fb3f0e9107f5a60edec564bc,nazario,email_599a1744fb3f0e9107f5a60edec564bc|email_ce1071b5582d2e1bd96425e570fcd854|email_ce7eaf6d96b98c0411eaf39850e65c7e,"raw_hashes=3, full_hashes=3, body_hashes=1"
exact_cluster_e2f87e6542570ef2,exact_normalized_full,3,email_6c93ba463945db51d1ecd7343961a013,nazario,email_07d0a638e5f7df2cb389ead6e8160da5|email_6c93ba463945db51d1ecd7343961a013|email_8f63fffe7a2e7ff76c15128fe7fa3c6f,"raw_hashes=3, full_hashes=1, body_hashes=1"
exact_cluster_f26cd9eca773f8fd,exact_normalized_body,5,email_e6e87bcb8191b0b8afd60d979b71b61d,nazario,email_0e4f386d7e5f257111407067337f72f9|email_7bd3662e7baae6e3f663424bfa3f9ae5|email_96c342b60f054660ce6b21f150659f4f|email_a0070aa31ec2e5441c55bfaa2e82ed6e|email_e6e87bcb8191b0b8afd60d979b71b61d,"raw_hashes=5, full_hashes=5, body_hashes=1"
exact_cluster_bd3e1ef265b70638,exact_normalized_body,2,email_857dda884488a6dcbad8f52fb972f51a,nazario,email_857dda884488a6dcbad8f52fb972f51a|email_9c22c282505150b55f433f3eb0297ccc,"raw_hashes=2, full_hashes=2, body_hashes=1"
exact_cluster_3c0d1ead4e2832f9,exact_normalized_body,2,email_a97334bca78296e90a05bebdeb2297c2,nazario,email_a97334bca78296e90a05bebdeb2297c2|email_e069df5fec0dabd4167244d229ad4ba6,"raw_hashes=2, full_hashes=2, body_hashes=1"
exact_cluster_b8bc1dc7595005bf,exact_normalized_body,4,email_5cd4dcf9cec07f0ec1553c350c4b0cc8,nazario,email_33f70a4a7b9985c6a90aa56f9fa0c510|email_5cd4dcf9cec07f0ec1553c350c4b0cc8|email_a43883354268088610fa75d844a4e157|email_b2bcb6b5b0d62363a5329781de892bca,"raw_hashes=4, full_hashes=2, body_hashes=1"
exact_cluster_59b7c7c36ee13ee8,exact_normalized_full,2,email_7df8819be5f3d2a988b30f8489b6419e,nazario,email_7df8819be5f3d2a988b30f8489b6419e|email_cebd6e85fc52dab5537e3d88fa87c1b8,"raw_hashes=2, full_hashes=1, body_hashes=1"
exact_cluster_c265c80ce87721d8,exact_raw_bytes,2,email_f3b665fb7475f4d86afe7810aeb1e5fd,nazario,email_f3b665fb7475f4d86afe7810aeb1e5fd|email_f3b665fb7475f4d86afe7810aeb1e5fd,"raw_hashes=1, full_hashes=1, body_hashes=1"
exact_cluster_7146701f55e702ab,exact_normalized_body,2,email_830e46819509e567428d6def1795b161,nazario,email_830e46819509e567428d6def1795b161|email_fccafa03b1ebcf676547064213058c15,"raw_hashes=2, full_hashes=2, body_hashes=1"
exact_cluster_c4c204f7a956c337,exact_normalized_body,3,email_da2a3d7c42c45194c330eb6a86679382,nazario,email_3809cf17d44da8f15fbfbb477f7cdd75|email_da2a3d7c42c45194c330eb6a86679382|email_df2106f3f0bfcecf14c209e972c33b4c,"raw_hashes=3, full_hashes=3, body_hashes=1"
exact_cluster_9b898ab6797f9165,exact_normalized_full,4,email_beebfb874aa8680fbcd3a9dbd3acd384,nazario,email_8e6fd52300b402335f278458669d09e8|email_b0ae27096e7246a0de79dfd6668e22d9|email_beebfb874aa8680fbcd3a9dbd3acd384|email_eadb8c9f957f8236f835e41b3ef5d3a6,"raw_hashes=4, full_hashes=1, body_hashes=1"
exact_cluster_6e5b626377bb5acd,exact_normalized_full,2,email_1ecf8c76d64a37e52314cd5eea08cd21,nazario,email_1ecf8c76d64a37e52314cd5eea08cd21|email_46ae30c2da33e74c46521b6df7700076,"raw_hashes=2, full_hashes=1, body_hashes=1"
exact_cluster_188bd4c09b05a6b7,exact_normalized_body,2,email_ce831725d01a5e9485626656709bfc6a,epvme|nazario,email_1d2795c731474a3e3efa4b956e773fd9|email_ce831725d01a5e9485626656709bfc6a,"raw_hashes=2, full_hashes=2, body_hashes=1"
exact_cluster_64b08c91a033e9d1,exact_normalized_full,2,email_9127ff0e0989d3fa43ce398862756ef0,nazario,email_07cee270cb61a78429b021046e878cdc|email_9127ff0e0989d3fa43ce398862756ef0,"raw_hashes=2, full_hashes=1, body_hashes=1"
exact_cluster_ce07a06aca3d8afa,exact_normalized_body,2,email_d7cd549205f175d88d8cc7269fc3709e,nazario,email_d7cd549205f175d88d8cc7269fc3709e|email_f81adafd959e80c3317128c8b66160c2,"raw_hashes=2, full_hashes=2, body_hashes=1"
exact_cluster_9e4c86b07d4b50d7,exact_normalized_full,3,email_8177d7ed90b2f32f2b0342f08a1be1a7,nazario,email_8177d7ed90b2f32f2b0342f08a1be1a7|email_94839971bfaa3e4b797c4557ed0ae807|email_b9d1a8e28522626cda0680d162a3f1ed,"raw_hashes=3, full_hashes=1, body_hashes=1"
exact_cluster_1b40d587816466eb,exact_normalized_body,14,email_ec02f2d3486339c0de782e7ed4c5a6ff,nazario,email_08a6d3fa84a6b0fadf058b88abcbc14c|email_16036f7114e5080aba3176a2ae6f1a5f|email_17526b3da4cbc1066c92d2ecc0f40762|email_1b3b825bdd26a080a69d1acded3e4e28|email_1f2cb8bf808cf1ebd568e64f7561b272|email_49e8bbd01bd1332739db50329461ee6a|email_4d8c46e57189ddcd41be98a5c27b9e91|email_649e257ef69b76b615d8470b5f5080c6|email_6e12123e5400fea3a5164f96896d4875|email_8d90c82372bafbca56092418b8834301|email_bc16da67226aca503d130727d88e0431|email_d3044187ccf246db9abad89b7935f071|email_dd5a2453fd6a95823af8170d58258616|email_ec02f2d3486339c0de782e7ed4c5a6ff,"raw_hashes=14, full_hashes=2, body_hashes=1"
exact_cluster_f48b2c2443705ff3,exact_normalized_full,3,email_e8750a1031726f9bcd02bef9c57b0525,nazario,email_9d1fec59c1b989af4fb424990d9e16fe|email_c6c7a903cfa9ed15f542a3fc7d8a0457|email_e8750a1031726f9bcd02bef9c57b0525,"raw_hashes=3, full_hashes=1, body_hashes=1"
exact_cluster_865fa978e13ccacf,exact_normalized_full,7,email_ba2ee64df35213605e84ab76902cb296,nazario,email_2d0bceb48884e722ad6e7cd1182e96ea|email_30c81d8dafe7c8ba33b87260d5a13253|email_9be529fa555766b40e820eeb6d1caab8|email_ba2ee64df35213605e84ab76902cb296|email_c85d1c0820569d68325c11938fed0460|email_dc6b46a54b073ccee5f5232d0c6de439|email_fcb69ad163ac43ff62fb33fbce211467,"raw_hashes=7, full_hashes=1, body_hashes=1"
exact_cluster_7b5a063a48dc1c02,exact_normalized_body,3,email_7392e55d5f48367dd3005c7ac05e18be,nazario,email_273ab6229edbbae35d4f13e1a488e423|email_7392e55d5f48367dd3005c7ac05e18be|email_a255930a964c4c782937411ae1b82576,"raw_hashes=3, full_hashes=2, body_hashes=1"
exact_cluster_e5f03391a5e468a1,exact_normalized_full,3,email_4abf77f2ccfca22b988f886e6b0ce9b3,nazario,email_4abf77f2ccfca22b988f886e6b0ce9b3|email_fb33611b163a90f703704f79ef766ce8|email_fda8510d5c44ceec16924068a4cd97ec,"raw_hashes=3, full_hashes=1, body_hashes=1"
exact_cluster_3b8b8b8edddd3c47,exact_normalized_full,2,email_c6d7d57de64d7da2abf8dd18040640a6,nazario,email_c6d7d57de64d7da2abf8dd18040640a6|email_dc40f7408427d6474b2b4de1b028af2b,"raw_hashes=2, full_hashes=1, body_hashes=1"
exact_cluster_f63eb55dd9a8e14f,exact_normalized_full,2,email_545830deaf1e22b1d4535ce0b50a719a,nazario,email_545830deaf1e22b1d4535ce0b50a719a|email_83c490d02f58991905e5d4a43983a98a,"raw_hashes=2, full_hashes=1, body_hashes=1"
exact_cluster_4fb7889258e032ba,exact_normalized_full,2,email_e4f5ce017c7e7ffaf8216e6c58a9e412,nazario,email_3095edccc23633b7eb42f99a3e50add8|email_e4f5ce017c7e7ffaf8216e6c58a9e412,"raw_hashes=2, full_hashes=1, body_hashes=1"
exact_cluster_8bace10e21ce40e4,exact_normalized_body,2,email_e8f9161c6fbc10540cfbd54e4e0223cc,epvme|nazario,email_213912f9f9846ea841435798ac664aa2|email_e8f9161c6fbc10540cfbd54e4e0223cc,"raw_hashes=2, full_hashes=2, body_hashes=1"
exact_cluster_44889ea99bc6a232,exact_normalized_full,2,email_e1ca651cef1d7d78bb7d626113ff3335,nazario,email_548dbbcc07e5587d40eb45963a7b4e10|email_e1ca651cef1d7d78bb7d626113ff3335,"raw_hashes=2, full_hashes=1, body_hashes=1"
exact_cluster_0c5a80805ade0032,exact_normalized_full,2,email_7ee7e6ca78066e1e2110153d7b4ea18a,nazario,email_7ee7e6ca78066e1e2110153d7b4ea18a|email_f60adfeeb546d88c35dca151bbde2f72,"raw_hashes=2, full_hashes=1, body_hashes=1"
exact_cluster_413e30981021eb6e,exact_normalized_full,2,email_8f1afae072cd9514cf95a6fce831c7c4,nazario,email_08beaa379dc49d8b5d0398eb71218dde|email_8f1afae072cd9514cf95a6fce831c7c4,"raw_hashes=2, full_hashes=1, body_hashes=1"
exact_cluster_5dd9f09afe78de77,exact_normalized_full,2,email_8432ecb1d9219d3c452bd59ec8347bed,nazario,email_8432ecb1d9219d3c452bd59ec8347bed|email_bab73197c2280d0e7353a240a28b1bcf,"raw_hashes=2, full_hashes=1, body_hashes=1"
exact_cluster_18a658ed62074f12,exact_normalized_full,2,email_8700c78a458177d5769c2afe85a777d5,nazario,email_28e5236c6557976289b2bac9015a0ec7|email_8700c78a458177d5769c2afe85a777d5,"raw_hashes=2, full_hashes=1, body_hashes=1"
exact_cluster_3057055313ba09ec,exact_normalized_body,7,email_8570e638f30c814bf13fb4ab012f6988,nazario,email_1050a48be6b535ca44e49119253d2d95|email_10aa5a37ee5a84ffb1dd5c9a5af0ef95|email_2ad0dd26c5087d99b6a8dba3a2dc1c6c|email_2dbb45659b36353f41a9a7e7327dcf02|email_8525d66802475de7073aefc6e96d4d2e|email_8570e638f30c814bf13fb4ab012f6988|email_a449a88de4645d4ade19aa10b05b7a8c,"raw_hashes=7, full_hashes=3, body_hashes=1"
exact_cluster_e5af5a84213c9a72,exact_normalized_full,3,email_980427d771b5af2ab3c25e91ed733898,nazario,email_480d2c138e4d94b94c11711a082bd2d3|email_980427d771b5af2ab3c25e91ed733898|email_a1a858a4c64a1f612aa05938353a6d7b,"raw_hashes=3, full_hashes=1, body_hashes=1"
exact_cluster_b0963fc7b28d7a34,exact_normalized_full,2,email_4af4afe0723d0a8a28c7d866d2020d34,nazario,email_325aa72fd0293d04baf69bbd4a9f78a8|email_4af4afe0723d0a8a28c7d866d2020d34,"raw_hashes=2, full_hashes=1, body_hashes=1"
exact_cluster_eaabadf71474b35e,exact_normalized_body,6,email_c554adcfe05a88ed6373ce6bd154f1cb,nazario,email_4ab60a9513119efc47352d44e64c5cbb|email_5282a10c98152296127ad1bd8a40d3b8|email_5364f35758621d65c423eccabda4f3f7|email_a4771961a5f489b51112bccae388e7d0|email_b5a5d972152f05e6c8932e140afd96c9|email_c554adcfe05a88ed6373ce6bd154f1cb,"raw_hashes=6, full_hashes=2, body_hashes=1"
exact_cluster_353975c6aa9b3b33,exact_normalized_full,2,email_f47019753870ef9b72a20c5bb88529df,nazario,email_b692f509ecb5fdbbdbf54422d7f89949|email_f47019753870ef9b72a20c5bb88529df,"raw_hashes=2, full_hashes=1, body_hashes=1"
exact_cluster_9adc1616576bb88b,exact_normalized_full,2,email_936ce8a579c3334eb1f4df9f155ca327,nazario,email_308151e4856aeff6b051e058f1697c05|email_936ce8a579c3334eb1f4df9f155ca327,"raw_hashes=2, full_hashes=1, body_hashes=1"
exact_cluster_52f3127fabe70a65,exact_normalized_full,2,email_3a30c5baebfdc95fe01c6bb54fe28f95,nazario,email_3a30c5baebfdc95fe01c6bb54fe28f95|email_e272a396697883589ebad8c722b0558c,"raw_hashes=2, full_hashes=1, body_hashes=1"
exact_cluster_d43e20fad8a703a0,exact_normalized_full,2,email_b6cb19614aef6c948247c9b93ebc1c03,nazario,email_558b4c5263d66fe63d0a1de62aee350a|email_b6cb19614aef6c948247c9b93ebc1c03,"raw_hashes=2, full_hashes=1, body_hashes=1"
exact_cluster_187a2c52ae0cb2e0,exact_normalized_body,5,email_e43858edb563b2051cae08f910ec9ad8,nazario,email_b106e388d384eacfa48d17df07bc99b0|email_c84f8010d9ef2a557bc1830153e68e76|email_e2e4597b4253ae55c3ea183064c08ef8|email_e43858edb563b2051cae08f910ec9ad8|email_e622e594e77982f58fdb004143ecb11a,"raw_hashes=5, full_hashes=3, body_hashes=1"
exact_cluster_5f41719c11f25075,exact_normalized_full,3,email_3079e0016da30cce669a21dd3edfb700,nazario,email_2d1e9b9a50824386925fb158b68af378|email_3079e0016da30cce669a21dd3edfb700|email_563b912bd25d92dc9772584386f542c7,"raw_hashes=3, full_hashes=1, body_hashes=1"
exact_cluster_8447fed2ab239ec6,exact_normalized_full,2,email_fda0eed6fe3195bdad230788f954b64b,nazario,email_4db8b9f6190d884aa0c274a997bb549a|email_fda0eed6fe3195bdad230788f954b64b,"raw_hashes=2, full_hashes=1, body_hashes=1"
exact_cluster_20078105bd493827,exact_normalized_body,2,email_e1dfb79cd590296e8fca851480db2fd6,epvme|nazario,email_11f332f4e41d8d06c33bef53050219f0|email_e1dfb79cd590296e8fca851480db2fd6,"raw_hashes=2, full_hashes=2, body_hashes=1"
exact_cluster_2688f6d3f1c0a100,exact_raw_bytes,2,email_637574468dd1bf8c5e05ff2d78cfe9d6,nazario,email_637574468dd1bf8c5e05ff2d78cfe9d6|email_637574468dd1bf8c5e05ff2d78cfe9d6,"raw_hashes=1, full_hashes=1, body_hashes=1"
exact_cluster_925aba6d1073cda0,exact_raw_bytes,2,email_1bd9209909df77e26ab368a164b8b326,nazario,email_1bd9209909df77e26ab368a164b8b326|email_1bd9209909df77e26ab368a164b8b326,"raw_hashes=1, full_hashes=1, body_hashes=1"
exact_cluster_2fccea3f6e323382,exact_normalized_body,2,email_31db04b700d380654182b9f410118b0a,nazario,email_31db04b700d380654182b9f410118b0a|email_46ed8004eb1946eeabb61cd3fb8aae18,"raw_hashes=2, full_hashes=2, body_hashes=1"
exact_cluster_e603379be4dd3c2f,exact_normalized_full,2,email_ed18f5b86ed4b53d36a961a4fb8d3899,nazario,email_c721c0c63a7a0f718da902729d70b927|email_ed18f5b86ed4b53d36a961a4fb8d3899,"raw_hashes=2, full_hashes=1, body_hashes=1"
exact_cluster_25c171e947a7c182,exact_normalized_body,2,email_215ae62da70b08d97c28ae8c3517e595,nazario,email_215ae62da70b08d97c28ae8c3517e595|email_52d24e6718333ff6fa048ee5c2add053,"raw_hashes=2, full_hashes=2, body_hashes=1"
exact_cluster_0e8521cdc7af507d,exact_normalized_full,2,email_fcd9e11d3d79a7de878226faa228a479,nazario,email_fcd9e11d3d79a7de878226faa228a479|email_fe8fddd041f15459d2874f2a0f38b21b,"raw_hashes=2, full_hashes=1, body_hashes=1"
exact_cluster_b703c57ef0202639,exact_normalized_full,3,email_38f0eec19ef6eb8df3c47ad4e48280d0,nazario,email_38f0eec19ef6eb8df3c47ad4e48280d0|email_70ae065cd687ccfbb0374b9b94f0a1f4|email_eba341b7a727c1c795b69b8bfb52ee82,"raw_hashes=3, full_hashes=1, body_hashes=1"
exact_cluster_a24719820ac94c08,exact_normalized_full,2,email_a6763a29047d2eda3917d596000f0d2f,nazario,email_a6763a29047d2eda3917d596000f0d2f|email_ff913dffc719490316d382b6013c2f1c,"raw_hashes=2, full_hashes=1, body_hashes=1"
exact_cluster_914584621f01861b,exact_normalized_full,2,email_203675f3c88682f59fc56200dbd73c20,nazario,email_203675f3c88682f59fc56200dbd73c20|email_fd0417f30c88b24a95e979a95ee842d7,"raw_hashes=2, full_hashes=1, body_hashes=1"
exact_cluster_61a2ec6afaf2717f,exact_normalized_body,2,email_7b2f1fa053cf2cddfb8aa492589c2bb5,nazario,email_7b2f1fa053cf2cddfb8aa492589c2bb5|email_88db104dc1d50a2eb1fd7ce13c2d5792,"raw_hashes=2, full_hashes=2, body_hashes=1"
exact_cluster_73aca696ca543196,exact_normalized_full,2,email_153f23dbeb575b5214ae1c0c88ce60f1,nazario,email_153f23dbeb575b5214ae1c0c88ce60f1|email_9964316603505e69f0a80685b274ff3e,"raw_hashes=2, full_hashes=1, body_hashes=1"
exact_cluster_f3349341c273783f,exact_normalized_full,2,email_dbc04e48b3799b1abee59c0a0778acb9,nazario,email_89ad6bb1bd530a2dc84b4bfaa68d0318|email_dbc04e48b3799b1abee59c0a0778acb9,"raw_hashes=2, full_hashes=1, body_hashes=1"
exact_cluster_80b3b221b9216b11,exact_normalized_full,3,email_d064e03fbdbc03d2802c9553ccbfed0b,nazario,email_653e97b981fb3cb863df8677c27c8c8c|email_d064e03fbdbc03d2802c9553ccbfed0b|email_e077b743871040cee801febfd0d66b1c,"raw_hashes=3, full_hashes=1, body_hashes=1"
exact_cluster_7306d4721538c6db,exact_normalized_full,2,email_f6e87beca5b01a820a88921720163519,nazario,email_2ec6cc9591b93b9c665ed1ae44e1d695|email_f6e87beca5b01a820a88921720163519,"raw_hashes=2, full_hashes=1, body_hashes=1"
exact_cluster_13b645693d9c834c,exact_normalized_full,3,email_5a28d1af8a339860797ae66d15fc77ce,nazario,email_5a28d1af8a339860797ae66d15fc77ce|email_ad4efef726a184ff8c01a0e3d2afb8fd|email_af3f93f1821350ce15e587229ffb2beb,"raw_hashes=3, full_hashes=1, body_hashes=1"
exact_cluster_130f78dbcfbdcf1c,exact_normalized_full,3,email_a7998195056e246fd2cbfd29ad154ae3,nazario,email_5709c62dcffe789d25562b7cdf75ac1f|email_a579e60f0c57144028e61296d687661b|email_a7998195056e246fd2cbfd29ad154ae3,"raw_hashes=3, full_hashes=1, body_hashes=1"
exact_cluster_397e3e972a0d4d79,exact_normalized_body,3,email_01a97f90a7684dd2fa5a9bc6d37b063e,nazario,email_01a97f90a7684dd2fa5a9bc6d37b063e|email_6228fad6e4e3d92c728de77672a70a0d|email_eca7ecc4d580494cc0066bc3f939c58e,"raw_hashes=3, full_hashes=3, body_hashes=1"
exact_cluster_acaea470f4928a0a,exact_normalized_full,2,email_71403ff2d01b09895955f9faebd7e31a,nazario,email_71403ff2d01b09895955f9faebd7e31a|email_f2faa0a1daf0fba122eb6375b2dd7c10,"raw_hashes=2, full_hashes=1, body_hashes=1"
exact_cluster_759e5731c8b754aa,exact_normalized_body,3,email_84b2097191c47bdc8b82bd170e6751ef,nazario,email_84b2097191c47bdc8b82bd170e6751ef|email_bf105f09889b134e96d6a7e8d84027c7|email_e88b61d32d284cda15d86723ded01c8d,"raw_hashes=3, full_hashes=3, body_hashes=1"
exact_cluster_0f15765106fbdf57,exact_normalized_body,2,email_7b7e67ee881c479aa9ed7f218662f064,nazario,email_7b7e67ee881c479aa9ed7f218662f064|email_ded44f10ca40a045749e5e58eebe4730,"raw_hashes=2, full_hashes=2, body_hashes=1"
exact_cluster_fda33ee5d3df91e3,exact_raw_bytes,2,email_d6cbbbad36f7b01333d124567c4ec162,nazario,email_d6cbbbad36f7b01333d124567c4ec162|email_d6cbbbad36f7b01333d124567c4ec162,"raw_hashes=1, full_hashes=1, body_hashes=1"
exact_cluster_afc7473ebdb1846e,exact_normalized_full,2,email_00b43a424e5781f1377c39e701985d03,nazario,email_00b43a424e5781f1377c39e701985d03|email_2bb461e0aaa1e5e70d5658ca7fcd133b,"raw_hashes=2, full_hashes=1, body_hashes=1"
exact_cluster_467099b5185e0cf4,exact_normalized_full,3,email_f84e1193ab0c5b7325034e1a6b3391ba,nazario,email_378d789b153c045e38bdb106a30b2772|email_9876da579d4780627b50177b95c85401|email_f84e1193ab0c5b7325034e1a6b3391ba,"raw_hashes=3, full_hashes=1, body_hashes=1"
exact_cluster_776357e80f86e022,exact_normalized_body,2,email_c7af1c13287a573b72927553f9dfe4f9,nazario,email_329c58645b5f851b9b30a3a88fb28b35|email_c7af1c13287a573b72927553f9dfe4f9,"raw_hashes=2, full_hashes=2, body_hashes=1"
exact_cluster_e15fe85551b799e4,exact_raw_bytes,2,email_44008a78b1f95ab88b3f5e2acd5bb1f7,nazario,email_44008a78b1f95ab88b3f5e2acd5bb1f7|email_44008a78b1f95ab88b3f5e2acd5bb1f7,"raw_hashes=1, full_hashes=1, body_hashes=1"
exact_cluster_3c7b792aed3c8402,exact_normalized_full,2,email_d9edb339e0aa3447cc7aed5643b6f195,nazario,email_87ff09d6c9a1eb8d45964ace70112bf7|email_d9edb339e0aa3447cc7aed5643b6f195,"raw_hashes=2, full_hashes=1, body_hashes=1"
exact_cluster_5e46512a576473e7,exact_normalized_full,2,email_3bec9d75920bb30b6b324a8bcdc3ecd9,nazario,email_3bec9d75920bb30b6b324a8bcdc3ecd9|email_93c323adc30ee3a0fd887cce4d38919c,"raw_hashes=2, full_hashes=1, body_hashes=1"
exact_cluster_fd08bcb8212793d9,exact_raw_bytes,2,email_c8f5cc3df0fac57d3cea94f4467119e1,nazario,email_c8f5cc3df0fac57d3cea94f4467119e1|email_c8f5cc3df0fac57d3cea94f4467119e1,"raw_hashes=1, full_hashes=1, body_hashes=1"
exact_cluster_0bad2de86c2bcc68,exact_normalized_body,2,email_10cd3204d9054fd011c03c1f064db006,epvme|nazario,email_10cd3204d9054fd011c03c1f064db006|email_9eb6cbe427288497ec092e394fd3d7cc,"raw_hashes=2, full_hashes=2, body_hashes=1"
exact_cluster_88ad0d4f9472a892,exact_normalized_body,2,email_4760c274cc8347921a76a4c716b6a286,nazario,email_0e7df3b8af9dfdf4bc14438bfa7b0826|email_4760c274cc8347921a76a4c716b6a286,"raw_hashes=2, full_hashes=2, body_hashes=1"
exact_cluster_822f0a218e4f657b,exact_normalized_body,2,email_57e8cce0a406d8636e5c133146fc5e58,epvme|nazario,email_57e8cce0a406d8636e5c133146fc5e58|email_e13cd25ea4478e6a0cef353a55f159e4,"raw_hashes=2, full_hashes=2, body_hashes=1"
exact_cluster_8a65bfe283236619,exact_normalized_full,2,email_7e084e2389de435479a3dd58b6f05ad4,nazario,email_7e084e2389de435479a3dd58b6f05ad4|email_f07dd1605ba94a1d241d38c398dd2b51,"raw_hashes=2, full_hashes=1, body_hashes=1"
exact_cluster_ca3c361fa9dd3564,exact_normalized_body,8,email_557bc3031957092cfd39625a5e9a045a,phishing_pot,email_152d705079153553bd483b8633c72568|email_191e6c818057e11b2504d385c0c610f3|email_50c3f593926353eb75005397ad0289ce|email_557bc3031957092cfd39625a5e9a045a|email_71d1914339e55f483a9153594c4c36d0|email_87a70625fad7642b1ca17995e5ccd3c7|email_cfd936b20c611e391cdb26a07426aacc|email_d8e6bd7b865d66589d7e002a3059711f,"raw_hashes=8, full_hashes=2, body_hashes=1"
exact_cluster_6dcddc83fb475615,exact_normalized_full,2,email_890edd0816f2f34fcd47e8f0912db377,phishing_pot,email_890edd0816f2f34fcd47e8f0912db377|email_898620ff96bb64114c707397827638f7,"raw_hashes=2, full_hashes=1, body_hashes=1"
exact_cluster_50c7cface67fa365,exact_normalized_body,9,email_237d617e8eabcb2f0bb092dd8fbcad8f,phishing_pot,email_0d1749d303791da03136e2314b65512c|email_237d617e8eabcb2f0bb092dd8fbcad8f|email_6c900e7c25d3c8dbc634c5f5866b4880|email_6d1d2b51d6918a66c72298511e5fd94f|email_8c0ee361792f5efc09d6023c9e4a7746|email_be25a7e365641ec41d2162028362df57|email_cd1108eb983d870bb7d114cea42e68b7|email_d0ea5e90d3fef68747e8d44969027b53|email_f654c3dbdcbaa6b9a541c59abbfca1a9,"raw_hashes=9, full_hashes=3, body_hashes=1"
exact_cluster_137b91a06e900f2f,exact_normalized_body,3,email_8b684dbcc25a1b5864298cc5ef72bc42,phishing_pot,email_3e0c06f6aa04ce0da663b0804e74b1a1|email_8b684dbcc25a1b5864298cc5ef72bc42|email_e372cf8ad3516704751fa40f63a36923,"raw_hashes=3, full_hashes=3, body_hashes=1"
exact_cluster_cc1d45191a2c0b26,exact_normalized_body,2,email_313c36787f7d7d35f01d23c006beaa40,phishing_pot,email_313c36787f7d7d35f01d23c006beaa40|email_c2a3aa03c15151c70322bb5a3bd160e4,"raw_hashes=2, full_hashes=2, body_hashes=1"
exact_cluster_0a781b6ee32848de,exact_normalized_full,2,email_e6e8b44c4120e134b4be3723695fc4df,phishing_pot,email_b5c8e17166b73f87bc100be3dc719407|email_e6e8b44c4120e134b4be3723695fc4df,"raw_hashes=2, full_hashes=1, body_hashes=1"
exact_cluster_d6ca8bfd19a02874,exact_normalized_body,2,email_7b7c87439dee40a4b779937a4d5a8f23,phishing_pot,email_7b7c87439dee40a4b779937a4d5a8f23|email_e9b6daeb465f0daee7005433bf428b70,"raw_hashes=2, full_hashes=2, body_hashes=1"
exact_cluster_14aa577b59faa48c,exact_normalized_full,3,email_87c8e35a01a845370f52bb4d939c7237,phishing_pot,email_56a1b44fe69f1332e4b53f2c7ba86453|email_87c8e35a01a845370f52bb4d939c7237|email_ebeb118b828f03f5c7602c22879e7435,"raw_hashes=3, full_hashes=1, body_hashes=1"
exact_cluster_3bd45a6b24ac0227,exact_normalized_full,3,email_bff89bb2b1e369e3e28c97723f787a42,phishing_pot,email_62b75b7be1c3fbe2cd4e8eb53c64f1e3|email_bff89bb2b1e369e3e28c97723f787a42|email_ca0f4cb7b2930e4166b52bba73daef52,"raw_hashes=3, full_hashes=1, body_hashes=1"
exact_cluster_961004f76935c905,exact_normalized_full,2,email_5077035c7fb58512d24e71d40541ed4a,phishing_pot,email_412d8ed7242f7e8d8e19abcfe5f15100|email_5077035c7fb58512d24e71d40541ed4a,"raw_hashes=2, full_hashes=1, body_hashes=1"
exact_cluster_0e14455b05be9ecb,exact_normalized_body,2,email_db6540659810daceb5fc88cd05cc1aa1,phishing_pot,email_a03b0e0146853c10d86488e5bf5775a3|email_db6540659810daceb5fc88cd05cc1aa1,"raw_hashes=2, full_hashes=2, body_hashes=1"
exact_cluster_1c11c5aa12aef0c2,exact_normalized_body,6,email_b130321e1db38d29432d7b5769830527,phishing_pot,email_06baf34aade16bb288942a6ca5d996e6|email_29d691b18faad92de3d3ffe789e52c44|email_485f17e423d42ce30aae5ebf6d532655|email_767f7a042f8d225c38035a38eceaa519|email_b130321e1db38d29432d7b5769830527|email_e5b8f3e2048b3c6474c84ca6d5924a81,"raw_hashes=6, full_hashes=4, body_hashes=1"
exact_cluster_febb4b0ec651959c,exact_normalized_full,8,email_0c65a2f2e117ef737e7389091dbcf795,phishing_pot,email_0c65a2f2e117ef737e7389091dbcf795|email_2b1c0252488e44d902fae4f77871a4d3|email_37cbbc2fa30b7b45ab181aec41ba859f|email_74d57521fe5c1bdf221608458f9107c3|email_8767408d220346623577744caf11291f|email_8e10e5c250c5b34b5cbe8aa0987c2f4a|email_8f97b401d62c0c44fd59945cc5731363|email_9b4dd0a4fb245461e888ed4c01984323,"raw_hashes=8, full_hashes=1, body_hashes=1"
exact_cluster_0c7ff6c20a45461b,exact_normalized_full,2,email_0e4b3db2b104a6c33bdb300dd2de3207,phishing_pot,email_0e4b3db2b104a6c33bdb300dd2de3207|email_32f7aa74f7b357c951f0964ade1ba4e0,"raw_hashes=2, full_hashes=1, body_hashes=1"
exact_cluster_8d6b3e10c41af72e,exact_normalized_full,2,email_22bf47a2fd8dfe586923543dc7610ef8,phishing_pot,email_22bf47a2fd8dfe586923543dc7610ef8|email_f7b506ddf74ce89e735ac376c2b195f9,"raw_hashes=2, full_hashes=1, body_hashes=1"
exact_cluster_095778a9a93f4795,exact_normalized_body,2,email_1ececcb80d3e4cafdc30ccf01f4711b2,phishing_pot,email_1ececcb80d3e4cafdc30ccf01f4711b2|email_f8c1980afe9d65ad7ced56be89b14095,"raw_hashes=2, full_hashes=2, body_hashes=1"
exact_cluster_9528cafdb1be333e,exact_normalized_full,2,email_b7a1494eaac023b738310869f3b39607,phishing_pot,email_0b1d6a1d82f9582e9ea0defa7573544c|email_b7a1494eaac023b738310869f3b39607,"raw_hashes=2, full_hashes=1, body_hashes=1"
exact_cluster_ac79a9d280f9fb58,exact_normalized_full,2,email_8ba3d1b43834b0abf666b1123030bad3,phishing_pot,email_50f32459499852efd9fda99b198c4862|email_8ba3d1b43834b0abf666b1123030bad3,"raw_hashes=2, full_hashes=1, body_hashes=1"
exact_cluster_72c590aa1526ddce,exact_normalized_full,2,email_468140efba5bc31dd863f82dde067750,phishing_pot,email_468140efba5bc31dd863f82dde067750|email_90b09f4ee11e69b258afe53a1ee131f6,"raw_hashes=2, full_hashes=1, body_hashes=1"
exact_cluster_8b1142d99f7ce822,exact_normalized_full,2,email_50eabc22baedf34f34926a1a6fdc7a56,phishing_pot,email_50eabc22baedf34f34926a1a6fdc7a56|email_96306467c6161e4754658ff1f6523da4,"raw_hashes=2, full_hashes=1, body_hashes=1"
exact_cluster_1d66b777bc5451cc,exact_normalized_full,2,email_ef748725c0b06129015f628f04ad499a,phishing_pot,email_3ff168a47bb7df8b1fef0ef48aafe09c|email_ef748725c0b06129015f628f04ad499a,"raw_hashes=2, full_hashes=1, body_hashes=1"
exact_cluster_713a1b562dcebba1,exact_normalized_body,2,email_f102aa9f6aef3ec97bd3562c7adeecb8,phishing_pot,email_5a76041157e1feec0976c2a65e89d9c2|email_f102aa9f6aef3ec97bd3562c7adeecb8,"raw_hashes=2, full_hashes=2, body_hashes=1"
exact_cluster_ed36d18e143385f2,exact_normalized_full,2,email_b3b241b9dbcf723db1c7802db66f460b,phishing_pot,email_0045a9e15e724bf8b48f5996f41956ea|email_b3b241b9dbcf723db1c7802db66f460b,"raw_hashes=2, full_hashes=1, body_hashes=1"
exact_cluster_a8030282c93bbbf2,exact_normalized_full,2,email_d35547e1b260d90621b7556ab841d7a0,phishing_pot,email_d35547e1b260d90621b7556ab841d7a0|email_d966322e1c0534ff1bfdd7b1ae216d05,"raw_hashes=2, full_hashes=1, body_hashes=1"
exact_cluster_10a298e31978d204,exact_normalized_full,2,email_9591a2e813fc96d15d28699d37634d09,phishing_pot,email_12dcf7484e21387fc918fa8f504d01a4|email_9591a2e813fc96d15d28699d37634d09,"raw_hashes=2, full_hashes=1, body_hashes=1"
exact_cluster_c95f3ce617de82ba,exact_normalized_body,6,email_d5411098f4ebd43f537d6d69094815cd,phishing_pot,email_2b48d6709fdff540d04c7a94f3dc9fd0|email_3506d02198be6297eaa08bb7f5d22f65|email_6aa5531c31f3db7b0721035afbb0770b|email_93ddc685ab2db48af023ddeaa20df979|email_cadf6308f6cc9bf18d9292d9fd875ccf|email_d5411098f4ebd43f537d6d69094815cd,"raw_hashes=6, full_hashes=4, body_hashes=1"
exact_cluster_8102b6375a06c1c4,exact_normalized_full,8,email_4b5ba52ea91092d983204e6cb7df3562,phishing_pot,email_0cf871f5392031637cbaed1a3422bdd9|email_2b89876cadeb22d39841980ae0e79048|email_30bf0efa557a745a1b11db248c07815e|email_328899c4f9578f43b2481f2dae044460|email_4b5ba52ea91092d983204e6cb7df3562|email_b04b04af97c35ada807011af50e1fd23|email_c3206e9bb34cc3eb5b350c5121c8265f|email_d284c48b444de33421e70016e52b0a74,"raw_hashes=8, full_hashes=1, body_hashes=1"
exact_cluster_9b6c90cbe041eb48,exact_normalized_body,2,email_ed1812e20c1dd93d9c57c380f1ec0621,phishing_pot,email_8755884c24c0a6a115fb661e48a2e14f|email_ed1812e20c1dd93d9c57c380f1ec0621,"raw_hashes=2, full_hashes=2, body_hashes=1"
exact_cluster_5cf5352253a67c38,exact_normalized_body,6,email_fde049fdf760d31bcf3394d8912794c3,phishing_pot,email_6db7d2a3e05de96f5d3ec0c82e36d486|email_7f80b0bfba1455439249b15f2086c964|email_87648a4351dddad37edb29d607185930|email_b096c263510de351a03442059650c29e|email_b3f54e1001663f842259009b5dc4e44f|email_fde049fdf760d31bcf3394d8912794c3,"raw_hashes=6, full_hashes=2, body_hashes=1"
exact_cluster_987bfc969de80907,exact_normalized_full,7,email_253e09d948644a58822b4b6d72c457d3,phishing_pot,email_18cd23a93d863ec4f81979856aa1c3e1|email_253e09d948644a58822b4b6d72c457d3|email_71699682af28b50c74b082263ac1bac0|email_a2169474395c011289b0cf2fdcf736a1|email_a6cae2330d0e27263e49e4e949f7dd1d|email_eb208a24092786e70a87f437dbb076a1|email_fd1a1d5aa513da728883baef018aaae8,"raw_hashes=7, full_hashes=1, body_hashes=1"
exact_cluster_4d1efbf71a331c91,exact_normalized_full,2,email_9e3518b93cd319ebeb48521d5322af5d,phishing_pot,email_9e3518b93cd319ebeb48521d5322af5d|email_fa7260156c131854ff394608f4f9ac48,"raw_hashes=2, full_hashes=1, body_hashes=1"
exact_cluster_9c6e7d11a51b462d,exact_normalized_full,2,email_2200881723add64876d5558a605b1465,phishing_pot,email_2200881723add64876d5558a605b1465|email_c9eb662a7e2a46c0055a1ee7e350fc50,"raw_hashes=2, full_hashes=1, body_hashes=1"
exact_cluster_ba1a96359059f2e6,exact_normalized_body,2,email_214642862c4d1e2c07a2ff34c48ceceb,phishing_pot,email_214642862c4d1e2c07a2ff34c48ceceb|email_85132e7e51ed6392380e1d955bfac2a6,"raw_hashes=2, full_hashes=2, body_hashes=1"
exact_cluster_04f5c335dbe8a3e2,exact_normalized_full,3,email_fd6f20851cc1ed7a505ba5d829764fea,phishing_pot,email_66415069488dd744b8cd68e657a15ce5|email_c85c0737c5c42f263bc6c196cb198216|email_fd6f20851cc1ed7a505ba5d829764fea,"raw_hashes=3, full_hashes=1, body_hashes=1"
exact_cluster_d73b379edacda036,exact_normalized_full,2,email_58523f0c468ee169a9416e021113384c,phishing_pot,email_310218786cbdafa333030fc686577f1f|email_58523f0c468ee169a9416e021113384c,"raw_hashes=2, full_hashes=1, body_hashes=1"
exact_cluster_a1f51b99ec01668a,exact_normalized_full,3,email_d9d4c0ffcb2fcde0fa753433283781bc,phishing_pot,email_6516eb673daee76077cc23e5cefa0ed5|email_adc7a2f4c2fa5171c659286aa460936d|email_d9d4c0ffcb2fcde0fa753433283781bc,"raw_hashes=3, full_hashes=1, body_hashes=1"
exact_cluster_27908e6ceb01759c,exact_normalized_full,2,email_1ab4daa8925ecc146c99afb3e38a1321,phishing_pot,email_1ab4daa8925ecc146c99afb3e38a1321|email_3f8a40dbc5511b32f6c83ca59d2c00f9,"raw_hashes=2, full_hashes=1, body_hashes=1"
exact_cluster_a1326444a215d632,exact_normalized_body,7,email_f547ae4e2a5c1bc35cf434b826280885,phishing_pot,email_059589713bfda3933bb1ab09cd26298a|email_7ea0bc99325f9eb64f61cc8747250dd0|email_ce3b2203d8dc8efd91eff15b9ebea90a|email_cece753465c53c0db61d9a22a3a7ee6f|email_daf271e3cabe280754e21c319ef39f44|email_f2a43b2802555a9286fb68e957a59839|email_f547ae4e2a5c1bc35cf434b826280885,"raw_hashes=7, full_hashes=3, body_hashes=1"
exact_cluster_e2df387eaf8d3b25,exact_normalized_body,2,email_e09d9b3af80671c34a2da053c9bd06c4,phishing_pot,email_cc5ac5d48d1336c43d1f88ccc5efc45a|email_e09d9b3af80671c34a2da053c9bd06c4,"raw_hashes=2, full_hashes=2, body_hashes=1"
exact_cluster_3ebab8199d28b38f,exact_normalized_body,2,email_5aff9151d675ee67ce15013e1aa594b7,phishing_pot,email_5aff9151d675ee67ce15013e1aa594b7|email_8655615e1e0225771325d29a0d3e3771,"raw_hashes=2, full_hashes=2, body_hashes=1"
exact_cluster_e96eb98e2043304c,exact_normalized_full,2,email_f9f332a95491ae8ba2d8a70189153892,phishing_pot,email_f3f9f07620757f1d68ae5ba1402165c3|email_f9f332a95491ae8ba2d8a70189153892,"raw_hashes=2, full_hashes=1, body_hashes=1"
exact_cluster_fd81b8213b9bf273,exact_normalized_body,2,email_18d8baff0528c4cd0311a3dad94f19c5,phishing_pot,email_18d8baff0528c4cd0311a3dad94f19c5|email_8b4f81ef0a653dcd78c8d6bd5c60cbc2,"raw_hashes=2, full_hashes=2, body_hashes=1"
exact_cluster_971ebc1574fd84f4,exact_normalized_body,4,email_9d9c44f5fbd0bbf83b09d9e0e9474e21,phishing_pot,email_5f52bfa4ffe184078f383edfbfbbd751|email_62913a67e25d5579799482e531a841ee|email_64c4c785f66f3019dd607de98a0af72c|email_9d9c44f5fbd0bbf83b09d9e0e9474e21,"raw_hashes=4, full_hashes=4, body_hashes=1"
exact_cluster_6cb491dd12b30262,exact_normalized_body,3,email_be0a2cc006f6027d8db4b7477d8cef42,phishing_pot,email_50f656a25d721221518303b340f1ef39|email_6a8a3328dfee9398b6da8db1acc4c93a|email_be0a2cc006f6027d8db4b7477d8cef42,"raw_hashes=3, full_hashes=3, body_hashes=1"
exact_cluster_2c6b638e374fe67b,exact_normalized_body,2,email_a0d243f07c46f0af51e6e2a1466015b0,phishing_pot,email_a0d243f07c46f0af51e6e2a1466015b0|email_a3d4c388266ebb8d234ed5ce25b941fd,"raw_hashes=2, full_hashes=2, body_hashes=1"
exact_cluster_f70aea1ce92752aa,exact_normalized_body,2,email_870f7621d3dc1de58a6bd24379082644,phishing_pot,email_870f7621d3dc1de58a6bd24379082644|email_a9da16e5e3169d94c07c540846fae66c,"raw_hashes=2, full_hashes=2, body_hashes=1"
exact_cluster_46e885bd78739f49,exact_normalized_body,2,email_4bb0f6cd7785c8c3c1535d8ae1ead118,phishing_pot,email_4bb0f6cd7785c8c3c1535d8ae1ead118|email_60b7499c84256e06402843e6e889a2e9,"raw_hashes=2, full_hashes=2, body_hashes=1"
exact_cluster_ba479102718a5719,exact_normalized_body,2,email_45d852d64075c5d2642cea1baaaa72f9,phishing_pot,email_45d852d64075c5d2642cea1baaaa72f9|email_4e575ea14f8ffee7145a96aef77605c2,"raw_hashes=2, full_hashes=2, body_hashes=1"
exact_cluster_c30a751468f303e7,exact_normalized_body,2,email_859759add4402e484aa4b40bc9de15c3,phishing_pot,email_39db4bed614409ae59db235347001d40|email_859759add4402e484aa4b40bc9de15c3,"raw_hashes=2, full_hashes=2, body_hashes=1"
exact_cluster_49b7614c4505436d,exact_normalized_body,2,email_9658c31241e466fa1269fb729d471bca,phishing_pot,email_7aaac83fcba5d4a5dd1262deeeeaa4c0|email_9658c31241e466fa1269fb729d471bca,"raw_hashes=2, full_hashes=2, body_hashes=1"
exact_cluster_ca4e594c806332c5,exact_normalized_body,3,email_13820ea9d4f19701f6e83e9b3e23e5f9,phishing_pot,email_13820ea9d4f19701f6e83e9b3e23e5f9|email_2b8cfee9facc8f36f3e346db25c3ca64|email_ffa804e738dc97cac3dbce8c0e7fce64,"raw_hashes=3, full_hashes=3, body_hashes=1"
exact_cluster_0673babc20e6766f,exact_normalized_body,24,email_bb9ca95fa46021ddaba8f87977255cb2,phishing_pot,email_030238f37c7a4623caf36a27a88da606|email_060bbf19cc81d4c0721217dd2a7376f4|email_0cefb8ee30220a1155b104fff419b691|email_323238cd63ea3a448152d8539b063bbb|email_33a549ffc4e75736fe50e3f18fcab518|email_3e2b4f254bcc1725e9c726d4d8e6f834|email_452da656b4aecfd1e326407fe39d54eb|email_470ab1269feb5d5779f898f8fbf85c5e|email_501af117e4058e65ddc8bf4a87405dd7|email_5407af9415f6f66c233627ddc7e104ff|email_589015f56d0f1050760b139521ea93b7|email_58ba50d64518dd6ac8bc5a341ca34266|email_5d3a9efef0fd5aa67db50b0e4bfac887|email_68994934e5b8f138f1d044fbcf4a68dd|email_6a7d4015be49ce5baeaa743b72feb1a1|email_94abef6962311ebef92941217508b5b0|email_ac1d6b80834583caad33b9eb9fe22956|email_b8ba4c543186eff98b791b1f185c7af0|email_bb9ca95fa46021ddaba8f87977255cb2|email_c2e2b8cd5020231e1ebce136004b9bff|email_e351e6fa6b333b65a28552b10513453b|email_e557286e5d79d155799c6aa8b0bd82da|email_f08bc52d19f392cfde14fbb27afe0642|email_fa2951a92bd224f5a478dac3505490d2,"raw_hashes=24, full_hashes=8, body_hashes=1"
exact_cluster_7bd910fb0fe1eecf,exact_normalized_body,42,email_5d9ab8b0f1b4d66542cf153a1518a08b,phishing_pot,email_086de57b913037494241f155b31319d1|email_0b09c7db1544fe201fe709651ff88a8f|email_184aee007e3e8789e8dddc5e511fa1d4|email_25a67c91d2cc2dfcd0273a8bd1707b8c|email_2a608e0855844c32e85eeeb0eedb5e08|email_2b7e997c27176623b622cc3ac21776b4|email_2f890552105ffd95408a085a47eed390|email_2fb13e17bc8e8259d14484f05ccbf314|email_35d6af588ac1340e541cca061fa617c2|email_3a293d18bc2bad3a9cf0e47fffd77dae|email_3e73d12c80aefd3bd77b33c3127fa029|email_4bbaee70562fc421298f7fc8aec8d387|email_4f67ea69e56632b53e42a4af4daf998e|email_4fd3c80cc7b7dcd7db44eca45c5161f5|email_541cb2a441afd001d893eb1f6ba40bbe|email_59a95388a6dc22a1d95a12a2fde26057|email_5d9ab8b0f1b4d66542cf153a1518a08b|email_5fc65d860b7736194b776e15c3f833ca|email_6367967db39e9f8d27021a4b84e593b0|email_644d2886b13861c6b2abe29a5b0f14da|email_6708f0ac35f23309e9b516ced67f2a49|email_76e1f51fe1f2675e0b8345f5769ceffa|email_81828631c42e70091e8f97c00ae38ba9|email_891001194e10bc117da7e6928049ba12|email_8e5a053a687a767796f89de9107f8d76|email_90c2f393a63add4ec323c2f659a0b88c|email_937976fafbfeda515ddbc12cfdcd1e58|email_aa81a87eaaa3149990a0787228054660|email_b53d744f1d99c7990c55819296dab706|email_b6f3f9953cddbaea9bc8d26cd7dd9e95|email_c1aed92ddc53af2ddc8abf6b7b1b0415|email_c385cf91deb710e778cb86b6f3b87153|email_c4074f31090cf72b50cf5de0eff62c1d|email_c60edc993a713d53f77b499afca8a590|email_c8df22f64be49a6d09c207fc432a9b8f|email_d1abef5237698cd2eecc2f88b167cba4|email_d8b42d6c3eec0d9e84a3ed29cc0897eb|email_e5523712b47616fe79636801fa896c7b|email_e5f25c8329981dc4a7190ab7a63b61a0|email_e9e20762ddec312d0dcc65a43746481c|email_ea04c1992659586f4b49d3ce031c7548|email_fb80fc408a28a1381913df993585f68c,"raw_hashes=42, full_hashes=42, body_hashes=1"
exact_cluster_869a1da7f19c9ff2,exact_normalized_body,5,email_9de46733d2f13a12df085c493a13b835,phishing_pot,email_19506f477f8c6ae75576cde917cf30c0|email_5e49d88db5e87ff7a021171ff8945dba|email_78b57d81029259ed225a570f24dc866b|email_9bce76aa7c44caadc11c845c83c2bdcc|email_9de46733d2f13a12df085c493a13b835,"raw_hashes=5, full_hashes=5, body_hashes=1"
exact_cluster_13ff37eb3096b767,exact_normalized_body,3,email_ba508d998e507da31e86b266c1e023e0,phishing_pot,email_1e94c59adca106f4469f7450f01f0916|email_ba508d998e507da31e86b266c1e023e0|email_d68d82d0382fcebf0e740574fc3df0be,"raw_hashes=3, full_hashes=3, body_hashes=1"
exact_cluster_6cdfac864f7ed4f8,exact_normalized_body,2,email_599491b09c891765e6a7a22b8354f2d9,phishing_pot,email_599491b09c891765e6a7a22b8354f2d9|email_826b9d893b752540eed63fe12dc0d9e9,"raw_hashes=2, full_hashes=2, body_hashes=1"
exact_cluster_3a384059b9abb307,exact_normalized_full,3,email_27202d392e6fe59f559193312c11034e,phishing_pot,email_27202d392e6fe59f559193312c11034e|email_8253aba06438409c522227755dbec6e8|email_c61f7cdebc72eb33fcd5dd32c47f4dd6,"raw_hashes=3, full_hashes=1, body_hashes=1"
exact_cluster_0596029d32cd254e,exact_normalized_body,5,email_e5055a9cc58a032f69077530178c165a,phishing_pot,email_0d006aac6b3cdaadf6191fa4f51d0c7c|email_2fe100427fa6eb7e4cd2c1bb9174f0c8|email_51ac47e2c74bfb078ae89a51c40bc8dc|email_6518a01842314b03ec38b110afc6fd2a|email_e5055a9cc58a032f69077530178c165a,"raw_hashes=5, full_hashes=5, body_hashes=1"
exact_cluster_e7b656f880529da0,exact_normalized_body,2,email_0924af96def8ad64d5dda2553e3986bf,phishing_pot,email_0924af96def8ad64d5dda2553e3986bf|email_27a801f6253f6fa663ba5e51d42e990a,"raw_hashes=2, full_hashes=2, body_hashes=1"
exact_cluster_2ca690d501d4b88a,exact_normalized_body,2,email_b3c7726284af1a80a843c3e372f89aed,phishing_pot,email_b3c7726284af1a80a843c3e372f89aed|email_cba7d5717914075dec89e6565360a4a5,"raw_hashes=2, full_hashes=2, body_hashes=1"
exact_cluster_059bc8c02e969dda,exact_normalized_body,2,email_8487af4a84e768cd12f35f3e79098e40,phishing_pot,email_0b093165279c55cd761465ccb0189371|email_8487af4a84e768cd12f35f3e79098e40,"raw_hashes=2, full_hashes=2, body_hashes=1"
exact_cluster_26276a4ef811f150,exact_normalized_full,5,email_02b031f61cf50f8f4faf8a12fc30f084,phishing_pot,email_02b031f61cf50f8f4faf8a12fc30f084|email_957fc0f497d28b573d2db31ef214db3f|email_ad7be8bf6fd40c4b2e67813657013dff|email_d54cdb5fb33d6f857bd57554421e2155|email_f9a7812adfe040f3d9f3b99ab902142b,"raw_hashes=5, full_hashes=1, body_hashes=1"
exact_cluster_067fbe7dad6de667,exact_normalized_body,2,email_f10a6b73474f70bfc38113c54761fae5,phishing_pot,email_1c4f65519574e175dec480c72ae70076|email_f10a6b73474f70bfc38113c54761fae5,"raw_hashes=2, full_hashes=2, body_hashes=1"
exact_cluster_e0468ffda3546421,exact_normalized_body,3,email_13cdf53c51928865a1f0d24044a3058a,phishing_pot,email_13cdf53c51928865a1f0d24044a3058a|email_197910c5a3fadd8c8745c775a49cd745|email_3cf9c4e3c39a7c58bb3e64a8f5b6cd2c,"raw_hashes=3, full_hashes=3, body_hashes=1"
exact_cluster_2a12130b30859d62,exact_normalized_body,6,email_7a053920f8eeca1fefcd8d574273d2bc,phishing_pot,email_0895009a6e8492f9033b50e383021a9b|email_08a682f935930cc2cc4236f031430819|email_0d5aa673e5bfae7e661ea079b2b5ee76|email_7a053920f8eeca1fefcd8d574273d2bc|email_a2663b42e9f7655781f910b2a29ea9c2|email_d9769612cfd5b2de9a50f1d86a7715c6,"raw_hashes=6, full_hashes=4, body_hashes=1"
exact_cluster_f684c94699ed9252,exact_normalized_body,6,email_bebf07ba9152b5f7a07cd664ae7d8459,phishing_pot,email_25fbfc159ae2bd8d2c6c5ced991733a0|email_78583318e7d830340cf14e2f6ea27590|email_a60aa3740cdcfe15a0b6d43bd14a0fd6|email_bc8ccb6241432d29d3b55ac17282e54a|email_bebf07ba9152b5f7a07cd664ae7d8459|email_ea27fa2bbadb88a8bb022d7e24f65ac1,"raw_hashes=6, full_hashes=6, body_hashes=1"
exact_cluster_3e68fee2a32984f6,exact_normalized_full,3,email_9ab03e98003e0b4540fef2f97bf349c7,phishing_pot,email_35bec695404eff797d92192b0231dd37|email_9ab03e98003e0b4540fef2f97bf349c7|email_e599738942a45b3cc2806f9462c52fc4,"raw_hashes=3, full_hashes=1, body_hashes=1"
exact_cluster_43d395caefa3aa89,exact_normalized_body,6,email_500139057233f5f2b8ba91449d79dc17,phishing_pot,email_3859381bbc15c1dd01ed5b6dbd8c16f6|email_486a19018b0db5475f621aca04d1f2e0|email_500139057233f5f2b8ba91449d79dc17|email_75e8d7034e017df602f67ed7ec7691f7|email_8c5664858e1e09b5fd3a8ee96ee88a13|email_a6436837182c64120d52cd7a7648ef07,"raw_hashes=6, full_hashes=2, body_hashes=1"
exact_cluster_16c43352a8999e99,exact_normalized_body,3,email_7b1754e71c20a49c255776120c4554fb,phishing_pot,email_7b1754e71c20a49c255776120c4554fb|email_a1ab981d566b1b4a4bfe18e55d049580|email_f27256fef0a7682e217fb24190afad56,"raw_hashes=3, full_hashes=3, body_hashes=1"
exact_cluster_b030551a204e9d41,exact_normalized_body,4,email_8ef5c9567c198c9f87850ba617990ada,phishing_pot,email_2aeed1e6c9a2aba5fc1bdfa1fe95e98e|email_410da499e767fdedfdb5b4297f1812d9|email_87325e5ce2fee7a3c15536cfa441d05f|email_8ef5c9567c198c9f87850ba617990ada,"raw_hashes=4, full_hashes=4, body_hashes=1"
exact_cluster_4f3ce9bcfa786d77,exact_normalized_body,4,email_f9fde494c57c0df6cb79177e72b0073c,phishing_pot,email_07868ae3843c59092d9bb6626b34961d|email_34e006dc32fade04e2caf8cf261aa4ec|email_62dc81a48f4a39242ac689074df30418|email_f9fde494c57c0df6cb79177e72b0073c,"raw_hashes=4, full_hashes=4, body_hashes=1"
exact_cluster_29263e68f36603e1,exact_normalized_body,2,email_1305f01c92d778d55cf397d5838aa709,phishing_pot,email_1305f01c92d778d55cf397d5838aa709|email_1562f6078796cdbe1955f76f6a04ab0e,"raw_hashes=2, full_hashes=2, body_hashes=1"
exact_cluster_ddd54839eec63ce3,exact_normalized_body,2,email_ee3d3592fbc632e16d3740db3697e775,phishing_pot,email_e4517c212d8a51918f180c913d21b0e2|email_ee3d3592fbc632e16d3740db3697e775,"raw_hashes=2, full_hashes=2, body_hashes=1"
exact_cluster_575b9630430aff06,exact_normalized_body,3,email_864380429e45133234970ecae7562df0,phishing_pot,email_03b535421631b2d0d112bb2b9c811ee3|email_452fb224927eb036325bf6b772b3d013|email_864380429e45133234970ecae7562df0,"raw_hashes=3, full_hashes=3, body_hashes=1"
exact_cluster_ba09f1890f98ba07,exact_normalized_body,4,email_53cc902d73c6c6175e7753f6dd1f7915,phishing_pot,email_53cc902d73c6c6175e7753f6dd1f7915|email_6d558826742c3abf908d8b6203564a66|email_9b041397d2cd73264b71d67dae5c9503|email_c6329ad4b17d46ec030d92582ba6e481,"raw_hashes=4, full_hashes=4, body_hashes=1"
exact_cluster_a328afae49c1a331,exact_normalized_body,4,email_09a7e7f89bfdb04a575f60fc14f3911f,phishing_pot,email_05834237df43ab953010c4d2bfa38dd5|email_09a7e7f89bfdb04a575f60fc14f3911f|email_2b52b496359cae50fcb040cace5f2fb0|email_ed72a53c1f22cdaab6c194c17fd388c7,"raw_hashes=4, full_hashes=4, body_hashes=1"
exact_cluster_a03d3200c1c0ae47,exact_normalized_body,9,email_d1053bfb1b8ac256f7c6c7c6be06c277,phishing_pot,email_1230a6a2c1973719daa864461012f872|email_65ea1939ecd6c8f0e58474981399f3c7|email_7258308459c5ca6e2941283bfb0be1a6|email_8570eaf95c81dcd3ff0db032b76201f0|email_a117385214649246827f21963fe615c8|email_bad102e7a5cc0537fdfc78104fe8b36a|email_d1053bfb1b8ac256f7c6c7c6be06c277|email_d45b7771e99796cf119cbd7768c49dea|email_f821b03b5c9ef7344ab370e248137919,"raw_hashes=9, full_hashes=9, body_hashes=1"
exact_cluster_bff3e667008d26c6,exact_normalized_body,4,email_2616d773ff59b1469656240c53e605c4,phishing_pot,email_2616d773ff59b1469656240c53e605c4|email_2b6523f58ebb0dd33521e7d855030de5|email_775c25c2b43d533227d5ce41c4e9277e|email_83e926aeaf0e46c45a03fafe91171a04,"raw_hashes=4, full_hashes=4, body_hashes=1"
exact_cluster_76240196e9fe376a,exact_normalized_body,2,email_e61f4b0264f2c1930f41e3f8c451efbd,phishing_pot,email_32f87c7cf56e5a9b06abbc21f6c0544e|email_e61f4b0264f2c1930f41e3f8c451efbd,"raw_hashes=2, full_hashes=2, body_hashes=1"
exact_cluster_8531785816bb9f68,exact_normalized_full,2,email_95a553c8d13e3addd352c513f3e0973d,phishing_pot,email_5f1da86431ed4dec7866efba363b3d48|email_95a553c8d13e3addd352c513f3e0973d,"raw_hashes=2, full_hashes=1, body_hashes=1"
exact_cluster_992aff81752d8af0,exact_normalized_body,3,email_706ba8bc416f9fbe0f908b7384bbf087,phishing_pot,email_706ba8bc416f9fbe0f908b7384bbf087|email_841f28eaab5f6a9beacbde33704df189|email_e31c5773fffc7b9aaa6edbcf5ea5563d,"raw_hashes=3, full_hashes=2, body_hashes=1"
exact_cluster_400596191e6798ea,exact_normalized_body,2,email_11dd236bc901fbce99274954a87ae055,phishing_pot,email_11dd236bc901fbce99274954a87ae055|email_8f038785d78186e381bd8c5e5bd151d5,"raw_hashes=2, full_hashes=2, body_hashes=1"
exact_cluster_898fea7737b764ce,exact_normalized_body,3,email_d4ffc7a6075f46569d5e4803506f1c43,phishing_pot,email_b9ce1625fc2bf3c34373f84a982e679f|email_d4ffc7a6075f46569d5e4803506f1c43|email_d93dbdd127a1311d10770a798d94b6eb,"raw_hashes=3, full_hashes=3, body_hashes=1"
exact_cluster_bba58c4df737d54f,exact_normalized_body,4,email_04a27a6a3d70592ed25635acbeb1a140,phishing_pot,email_04a27a6a3d70592ed25635acbeb1a140|email_3dae513cb17e6bbf72f71ef07135ceb9|email_8581891830e203cc089c811e565fbae0|email_866e9a483724ae1280d39394743dac8f,"raw_hashes=4, full_hashes=2, body_hashes=1"
exact_cluster_26e7c96d26cd98c9,exact_normalized_body,7,email_c6418fb85de97d0f916a7827d45eb166,phishing_pot,email_2e73147e461ef243c50c52a5d464c9f3|email_584e50c1f69910cde20eec654663d942|email_8f8234ab9002d024a1b5484930e07e03|email_b2f2b2b6bfbc270a92d7c557e10cfb3c|email_c6418fb85de97d0f916a7827d45eb166|email_d26df2a0986c2ecc7ca028c1fe4ae10e|email_f0fb61ccf041721c99ddbe40c03369c0,"raw_hashes=7, full_hashes=7, body_hashes=1"
exact_cluster_837c63e118a46771,exact_normalized_full,2,email_caed5592c6d2551c6fba0c1a48904337,phishing_pot,email_c5edd755bd85eac9eb9487fca9178071|email_caed5592c6d2551c6fba0c1a48904337,"raw_hashes=2, full_hashes=1, body_hashes=1"
exact_cluster_f0c458208f71b641,exact_normalized_body,2,email_df17182a4d5014e0f093cb7824e02f27,phishing_pot,email_16a28b6dc9a3a3d6bfb58802578b829d|email_df17182a4d5014e0f093cb7824e02f27,"raw_hashes=2, full_hashes=2, body_hashes=1"
exact_cluster_679def71fe1c5633,exact_normalized_full,2,email_615a46b6f8f05d79a44ebc137ae2e112,phishing_pot,email_615a46b6f8f05d79a44ebc137ae2e112|email_7b7715a6ea944ea0753a513af478dbbc,"raw_hashes=2, full_hashes=1, body_hashes=1"
exact_cluster_19d7104c3e19b01b,exact_normalized_body,2,email_22733712a00a0943a0a56c70e0e5d96b,phishing_pot,email_22733712a00a0943a0a56c70e0e5d96b|email_4769674c457fa250d54253aa45e2121e,"raw_hashes=2, full_hashes=2, body_hashes=1"
exact_cluster_8192e0939756690e,exact_normalized_body,2,email_bb5e8432db091dfd713562a9b254e12b,phishing_pot,email_bb5e8432db091dfd713562a9b254e12b|email_e781f6fb97a5656a3ee83ceaba56812b,"raw_hashes=2, full_hashes=2, body_hashes=1"
exact_cluster_3c1c5e6ca0501478,exact_normalized_full,2,email_5a3196d7d5bd546b8eac35e11f61015f,phishing_pot,email_5a3196d7d5bd546b8eac35e11f61015f|email_ee3ddc978113e88a42321cec6fa5cf78,"raw_hashes=2, full_hashes=1, body_hashes=1"
exact_cluster_7abdc9b8b3696ffc,exact_normalized_body,2,email_1c832a607ddd3d872a83aa49a0fdf683,phishing_pot,email_1c832a607ddd3d872a83aa49a0fdf683|email_39367044f749527d9515e9395d73b63a,"raw_hashes=2, full_hashes=2, body_hashes=1"
exact_cluster_adba09766183233d,exact_normalized_full,7,email_30d4db29eb2174a6c81f9aaba38e4c9d,phishing_pot,email_30d4db29eb2174a6c81f9aaba38e4c9d|email_393fdfe671d2f535999985e6f388c3f7|email_52f0f8cbfda32730da2413273fb09058|email_673f9a35ce27f2f4b3465ee88ef31234|email_7fb7c4137a43f4d9fbc58fb5ddd6d641|email_adbb1a1e92bc4e8daeba78c93da32c0b|email_b9c0c28f910bbfeb3d4e36a224a15cec,"raw_hashes=7, full_hashes=1, body_hashes=1"
exact_cluster_0a4dfb591545c331,exact_normalized_body,2,email_760f1cfa5ff8558369eefd5e57e62001,phishing_pot,email_760f1cfa5ff8558369eefd5e57e62001|email_ba6108d9f125825480fe75543b91b52b,"raw_hashes=2, full_hashes=2, body_hashes=1"
exact_cluster_d0d27b6e574a1d10,exact_normalized_full,9,email_df18350ed6b0bd1568979172214709de,phishing_pot,email_1ba9afb78b4f31e8cba29618e940ddc0|email_3e0b7f7504a676b2a06d7a09c931a36c|email_5140efb9035cd21e94177ac23124417a|email_5d0b677f6591260bd2e2c0b017cec8de|email_8de73fb73f5b522f9d0752027321225f|email_984680d081409b31aafb9bd0ca2160c6|email_b721f610f2a18314111b43f59100f8ea|email_df18350ed6b0bd1568979172214709de|email_e87808358b0b1c90f002384f2b87f4d6,"raw_hashes=9, full_hashes=1, body_hashes=1"
exact_cluster_8f2b16201e364fa9,exact_normalized_body,2,email_a72679081a10439c8481e5212c9c6812,phishing_pot,email_272c784b859777c34f4179e9b32960ae|email_a72679081a10439c8481e5212c9c6812,"raw_hashes=2, full_hashes=2, body_hashes=1"
exact_cluster_ba70dbdb3230ab11,exact_normalized_full,5,email_c0c60db6e76cb67619f2bccab9eb06ce,phishing_pot,email_320307c2937c5432354c2c17010d4151|email_5d44b1fc598cce45d844c8efad81f835|email_80884b30ea4bf6d9e0b756d6b6ceb698|email_a6131db58ce8d0048de89f9dedb6ceeb|email_c0c60db6e76cb67619f2bccab9eb06ce,"raw_hashes=5, full_hashes=1, body_hashes=1"
exact_cluster_08a63b564695ee86,exact_normalized_body,5,email_7940d1b9d4f5ad8117236492eda90a4c,phishing_pot,email_216519f98695bbdcb110beec37553707|email_226a5754e7a60af89febb1e54c23aed1|email_7940d1b9d4f5ad8117236492eda90a4c|email_d792e0d064dafe82823a88036c3d779e|email_ee55f6bf1ef4804881ec88f53ad2ba76,"raw_hashes=5, full_hashes=5, body_hashes=1"
exact_cluster_d955a6b3e8a3713f,exact_normalized_body,10,email_97a63e38326b4208617fd57b3b31e15a,phishing_pot,email_01f60e7ff22e1c1992e5ece1815a118a|email_5e3ce37424a37fb6250e32f3ca81b248|email_7a49194a8031100b6d41156c72435a93|email_97a63e38326b4208617fd57b3b31e15a|email_afd776995cfd6dfbce605593224c9c23|email_c0cf8eff391d31ad1bc814c53b1a1832|email_c8a775b62348575af0932af34aed6e5e|email_db6af1fed9ed6b9ed605f5526ae72afe|email_eda413a7727de7b378c95ac7629eea93|email_febe6cc41fd89ff1deeb9b9efa620286,"raw_hashes=10, full_hashes=3, body_hashes=1"
exact_cluster_cec581cef6ea2bea,exact_normalized_body,2,email_cb64fa7e46fb6f582fed056b8610bc51,phishing_pot,email_b8772a46f3b4896be3ca44e667437821|email_cb64fa7e46fb6f582fed056b8610bc51,"raw_hashes=2, full_hashes=2, body_hashes=1"
exact_cluster_2ee5c7569645bd2f,exact_normalized_body,2,email_e8963168d2006bce2a63fa6d6cb23ed0,phishing_pot,email_dd0a1a5006b50b5396205d7fa575e773|email_e8963168d2006bce2a63fa6d6cb23ed0,"raw_hashes=2, full_hashes=2, body_hashes=1"
exact_cluster_41040cbee1969f53,exact_normalized_body,4,email_eb1bde3de68b32565dd96ed3dc745f4b,phishing_pot,email_47850f427050837607c5ef6c9384cd46|email_c2ba463f28f7d7ba5aabba607b3ef374|email_eb1bde3de68b32565dd96ed3dc745f4b|email_f472d7285b80608d195d231f56837cf1,"raw_hashes=4, full_hashes=2, body_hashes=1"
exact_cluster_9db1ced42b01d1a5,exact_normalized_body,2,email_d270787b60e49a69e72fb0abfc36b761,phishing_pot,email_093dc89d99724b5ffcde632b90998ce5|email_d270787b60e49a69e72fb0abfc36b761,"raw_hashes=2, full_hashes=2, body_hashes=1"
exact_cluster_e3e1863c53302552,exact_normalized_full,7,email_cee61a2f27b483a9f5730411cf03d94e,phishing_pot,email_0b2657991e31601dde0854259c0de817|email_19f91b765a31d82f8c8ee2ba1950ca96|email_294587ae5f6878290a3638fc83fa73f4|email_63131cd099d2ccef4988ce8c9d7c59c0|email_9838f942c72e8de2fea8b242bc9f5141|email_cee61a2f27b483a9f5730411cf03d94e|email_e4159cbde7ea0ae826248a49d1122226,"raw_hashes=7, full_hashes=1, body_hashes=1"
exact_cluster_ebfd0c53eb1c218f,exact_normalized_body,3,email_42f7d065a6a1c849c7ee44085845ac28,phishing_pot,email_25ee4edfa937908f1b50f89dc939eb37|email_42f7d065a6a1c849c7ee44085845ac28|email_95b4f0a356410c83398e2b7b23471e76,"raw_hashes=3, full_hashes=2, body_hashes=1"
exact_cluster_142d9939f212f744,exact_normalized_full,4,email_996ca286133069cbda141a5ce81d9fcd,phishing_pot,email_386c99c9142c54d554a92e36348ca207|email_60d16a812d7fbf6a32c719c43aa96b7a|email_7e06a1986c06f4ca055aec6ae818cbf9|email_996ca286133069cbda141a5ce81d9fcd,"raw_hashes=4, full_hashes=1, body_hashes=1"
exact_cluster_caacd04bdc2526f3,exact_normalized_full,2,email_540b1a58b7478fb63dea32adf01d4570,phishing_pot,email_1ee15b4795704fa03c8922f0ef4ccccd|email_540b1a58b7478fb63dea32adf01d4570,"raw_hashes=2, full_hashes=1, body_hashes=1"
exact_cluster_8b83e7ea8ea550ca,exact_normalized_body,5,email_88c123b3520b070bb6c28310d710bdba,phishing_pot,email_64e3ea940d232a1804139eb6e84e1c28|email_88c123b3520b070bb6c28310d710bdba|email_8d40536741e48f68d5cb72cc02a1fc0c|email_a34865c2679626a82a8ca0ee7931ccd9|email_e210d4cd3b2500186e298cc75c550611,"raw_hashes=5, full_hashes=2, body_hashes=1"
exact_cluster_19a8fda831cdc04e,exact_normalized_body,2,email_0cbd595d19a0092962cb486410743c85,phishing_pot,email_0cbd595d19a0092962cb486410743c85|email_2e3be6c02bf039c74ec349832d70a2e6,"raw_hashes=2, full_hashes=2, body_hashes=1"
exact_cluster_91e717425286ac49,exact_normalized_body,2,email_6f050710ec436381a9c9e6b76c8cf689,phishing_pot,email_6f050710ec436381a9c9e6b76c8cf689|email_a07a14fd48946739144076a6b04038ed,"raw_hashes=2, full_hashes=2, body_hashes=1"
exact_cluster_8dcaba9cf85673c2,exact_normalized_full,2,email_e1f59bc9f291ba94edae94a0d2c3f249,phishing_pot,email_82ae97a2435a42d4b7eed0ce533e9228|email_e1f59bc9f291ba94edae94a0d2c3f249,"raw_hashes=2, full_hashes=1, body_hashes=1"
exact_cluster_a3d823422c4fe117,exact_normalized_full,2,email_b1065483dec568e58ddf4e15c17be4bf,phishing_pot,email_4ad85395ff717a3d6be65c182e4bc486|email_b1065483dec568e58ddf4e15c17be4bf,"raw_hashes=2, full_hashes=1, body_hashes=1"
exact_cluster_520eb445bdbf23b5,exact_normalized_body,2,email_a6f69d3e8df8708e97e0641f013c968d,phishing_pot,email_293bbaead94a475278f714290e96992d|email_a6f69d3e8df8708e97e0641f013c968d,"raw_hashes=2, full_hashes=2, body_hashes=1"
exact_cluster_8dbaa0505e9d5733,exact_normalized_body,4,email_c151de94fb765598043486f06806c26e,phishing_pot,email_3b203b2ceb442547c58fa989390c8fb7|email_4e92e1e9ff7def488d03a195a21b9618|email_c151de94fb765598043486f06806c26e|email_df815848e1654531b7baf2d35cc8ef17,"raw_hashes=4, full_hashes=2, body_hashes=1"
exact_cluster_3e33be79e4759232,exact_normalized_body,2,email_4b2a452b06922f4ae57d91ca81970790,phishing_pot,email_4b2a452b06922f4ae57d91ca81970790|email_cea920d86ea01febb0c30381e5326bd5,"raw_hashes=2, full_hashes=2, body_hashes=1"
exact_cluster_d7fd5f6b4e43101d,exact_normalized_full,2,email_46449d386f8501467d659711fb16263e,phishing_pot,email_1ac18f2bc546db2b295aa341b1301374|email_46449d386f8501467d659711fb16263e,"raw_hashes=2, full_hashes=1, body_hashes=1"
exact_cluster_3c1d4b1a54276749,exact_normalized_full,2,email_fc3f89bb415fca865abb59a2752a7bdb,phishing_pot,email_043c3195b65b0ca839983460f49bd1f5|email_fc3f89bb415fca865abb59a2752a7bdb,"raw_hashes=2, full_hashes=1, body_hashes=1"
exact_cluster_3473c25654267651,exact_normalized_body,2,email_70dbcc2a3813ba98a1ae26b687858761,phishing_pot,email_0685a2c663277165392a61246b3c529d|email_70dbcc2a3813ba98a1ae26b687858761,"raw_hashes=2, full_hashes=2, body_hashes=1"
exact_cluster_804835749f93f488,exact_normalized_body,2,email_5dae7a919b3c373c5ee32645c9cb991d,phishing_pot,email_5dae7a919b3c373c5ee32645c9cb991d|email_c3a4d9b05f90335a19cbc5fe02dc7adc,"raw_hashes=2, full_hashes=2, body_hashes=1"
exact_cluster_6f5516e030c137e6,exact_normalized_body,2,email_0c0b015e2712f86a7db65f34810ed302,phishing_pot,email_0c0b015e2712f86a7db65f34810ed302|email_e76ab89429497b173a7fee9d7a0d7a78,"raw_hashes=2, full_hashes=2, body_hashes=1"
exact_cluster_9be87b243887fa6e,exact_normalized_full,3,email_fbf3dca4f8e05c6ebdd85fec8fe8721f,phishing_pot,email_4f84fa5d5ebf1ccd8ba597d6e3635723|email_b0b28c9ccd41e22fb95858faca9b3dd6|email_fbf3dca4f8e05c6ebdd85fec8fe8721f,"raw_hashes=3, full_hashes=1, body_hashes=1"
exact_cluster_e0bbeea20a2ca2e9,exact_normalized_body,2,email_4875c135337dc29ad04b7f37eb81a239,phishing_pot,email_4875c135337dc29ad04b7f37eb81a239|email_727a84211c40bf7e1b19c1e142adc40d,"raw_hashes=2, full_hashes=2, body_hashes=1"
exact_cluster_bae39afdd5e93556,exact_normalized_full,2,email_6b30af03dc51eaa92f61916de1ecd7b7,phishing_pot,email_43729bfd509fe5a5a7f75cfec2125f96|email_6b30af03dc51eaa92f61916de1ecd7b7,"raw_hashes=2, full_hashes=1, body_hashes=1"
exact_cluster_70207232b8d274ec,exact_normalized_body,3,email_dca43814c9afd0f87a67c94d9dea5fbf,phishing_pot,email_0feef1090ba78e46bfa9f2cae571da08|email_d631b2090a797c6f8af6c68732569659|email_dca43814c9afd0f87a67c94d9dea5fbf,"raw_hashes=3, full_hashes=3, body_hashes=1"
exact_cluster_1b1c47d6ceaac2f1,exact_normalized_full,2,email_40a98714cccb00ca7b7453fba25051e9,phishing_pot,email_40a98714cccb00ca7b7453fba25051e9|email_55b0ae899abd7f4c6b6cf2ad0fdf109e,"raw_hashes=2, full_hashes=1, body_hashes=1"
exact_cluster_0d1907974adc93a0,exact_normalized_full,2,email_aba31a93a5876c3dffca0b8a03fda7f5,phishing_pot,email_aba31a93a5876c3dffca0b8a03fda7f5|email_dbe0e6f1fa8b8e67bc9ddbbd9f1ba7fe,"raw_hashes=2, full_hashes=1, body_hashes=1"
exact_cluster_1e4df7eec75b0dbe,exact_normalized_full,2,email_23c78c0eaedbeec01459c6a1d47f4072,phishing_pot,email_23c78c0eaedbeec01459c6a1d47f4072|email_dbe157fe37f5361290c89c85121fc6f1,"raw_hashes=2, full_hashes=1, body_hashes=1"
exact_cluster_ff400c62695f1ed8,exact_normalized_full,2,email_c264039f6f54c2f5084a4e9cc3fad692,phishing_pot,email_80f436ae0f9ebb1914f340b327d1c216|email_c264039f6f54c2f5084a4e9cc3fad692,"raw_hashes=2, full_hashes=1, body_hashes=1"
exact_cluster_8d828b59258b4aae,exact_normalized_body,2,email_68f5e4806dd68153b89ff649be1bf36b,phishing_pot,email_1c59c46879e4f8391551732392072f85|email_68f5e4806dd68153b89ff649be1bf36b,"raw_hashes=2, full_hashes=2, body_hashes=1"
exact_cluster_0639150a45b87771,exact_normalized_full,2,email_a127825b23be9c7a498cc9618b4eaf90,phishing_pot,email_7ce7a4b6afd84e650bde47a3d72bdeca|email_a127825b23be9c7a498cc9618b4eaf90,"raw_hashes=2, full_hashes=1, body_hashes=1"
exact_cluster_85352609ac5c95fd,exact_normalized_full,2,email_c4aeee3107ffca3e60056905ba74c485,phishing_pot,email_c4aeee3107ffca3e60056905ba74c485|email_f5766fd9ea58b3ab0ff58f409e55e6ff,"raw_hashes=2, full_hashes=1, body_hashes=1"
exact_cluster_5ef1e96b34b4fc99,exact_normalized_full,2,email_ed6ace3ba9ec4ed57a7ab0957092289b,phishing_pot,email_08d1a082c047de65adc2ce8f7f287eda|email_ed6ace3ba9ec4ed57a7ab0957092289b,"raw_hashes=2, full_hashes=1, body_hashes=1"
exact_cluster_bd072879e79f8d66,exact_normalized_full,3,email_09d0f76388863e3f9dac4187ab099b30,phishing_pot,email_09d0f76388863e3f9dac4187ab099b30|email_1aafd66318e8da15570e402b931d8430|email_2f44d93d480c997e53606da3dc4b9a9c,"raw_hashes=3, full_hashes=1, body_hashes=1"
exact_cluster_d94cf934b69e13f0,exact_normalized_full,2,email_44b8d1de0e24c30abd7d39d4f365391e,phishing_pot,email_274520270b39dcf0ef6335359220e4b6|email_44b8d1de0e24c30abd7d39d4f365391e,"raw_hashes=2, full_hashes=1, body_hashes=1"
exact_cluster_3796899c10927d38,exact_normalized_full,2,email_50b59d622d5b04815adaa703f9da66f9,phishing_pot,email_50b59d622d5b04815adaa703f9da66f9|email_5f218efc3f486eadfde25ecae1237dab,"raw_hashes=2, full_hashes=1, body_hashes=1"
exact_cluster_6e2ebd4886451ce2,exact_normalized_body,2,email_9e3587aba43a3f3aa7cc1cb8736513a6,phishing_pot,email_37244850bbeae8861a1a310ed016e10a|email_9e3587aba43a3f3aa7cc1cb8736513a6,"raw_hashes=2, full_hashes=2, body_hashes=1"
exact_cluster_b67fe57b16b1f1ca,exact_normalized_body,7,email_3b9d74e3da5b7baa063452b46bddd5b0,phishing_pot,email_1a15ecf6734b7b162bd9fe5bff3f8401|email_3b9d74e3da5b7baa063452b46bddd5b0|email_4453ddcde1c8f7140b4d285bf152e728|email_5156478191ee1b88d2d1737f39b24913|email_5ab801e9f48e4c8f793f878619c3bcef|email_7aa72d80c4979b002a226b28dd6ca5b2|email_d7224b5ee4eea908be10c0682e0f8f44,"raw_hashes=7, full_hashes=7, body_hashes=1"
exact_cluster_9546a22d71180dfc,exact_normalized_full,4,email_04026897240696db3929c45cd41e67ba,phishing_pot,email_04026897240696db3929c45cd41e67ba|email_54751d3a2ee40edb16bd56244913c120|email_5cc9715ff60643251df4ce932000c7cb|email_a721798c9b1aaf90ebc66f6a503e4ad7,"raw_hashes=4, full_hashes=1, body_hashes=1"
exact_cluster_099a98847b54286e,exact_normalized_body,3,email_c5f5ccf3fb18dca3f0cfccee8ba2d83d,phishing_pot,email_3471db12978aeb7fff9b42400cfe0450|email_8965ef34df0f35995e20c674e1cb3cac|email_c5f5ccf3fb18dca3f0cfccee8ba2d83d,"raw_hashes=3, full_hashes=2, body_hashes=1"
exact_cluster_5c86a4321440c8f4,exact_normalized_body,3,email_f14f0db20dda168c99f7aa7e32ba69eb,phishing_pot,email_0186f181d7e53ec7432aa7546ba8810a|email_457e96d73a9792fd2fc0ac425644b549|email_f14f0db20dda168c99f7aa7e32ba69eb,"raw_hashes=3, full_hashes=3, body_hashes=1"
exact_cluster_27426c4c42f6e106,exact_normalized_body,8,email_d0897daa9e48f13788f5492f696be930,phishing_pot,email_3f218141eb147220db88a3e5e49598d3|email_59446746f1863900f90b1c91f94904f6|email_7738a00d71ab5e22288749c56caebd5e|email_9383aef5a755901bb11de6d5ecaab23a|email_d0897daa9e48f13788f5492f696be930|email_d4ebd4cf29b12456f1233f9d407aafd4|email_dc648632239796edba74dabe0f2022a5|email_f4d44a029b846410ea4352fada748e69,"raw_hashes=8, full_hashes=3, body_hashes=1"
exact_cluster_95b1018f8244e208,exact_normalized_body,3,email_68b920bb55e065e2a4b7e8fef324624c,phishing_pot,email_50f60e47ade521057c595933309e49c7|email_68b920bb55e065e2a4b7e8fef324624c|email_db61edd5b6baeb005d9082762293dfa1,"raw_hashes=3, full_hashes=2, body_hashes=1"
exact_cluster_5b2b21841f743e38,exact_normalized_body,8,email_458d9992e86e7ae4f42ed87e6c53bf10,phishing_pot,email_2c7f4fad3580d59201090b45188c5b09|email_39fd67e8c425386e1fe56e828ffb46d9|email_458d9992e86e7ae4f42ed87e6c53bf10|email_8ea5f8612d4662bdc26de691a2aa18f3|email_ad13a5b748da5db24cb9cd17d69c0f59|email_af936df2316a4e11877be09df0b9edd1|email_b012712e9bb131f18a3a97ae78ae8c5d|email_e34e3f339626f825907195aa6b9c270a,"raw_hashes=8, full_hashes=3, body_hashes=1"
exact_cluster_05a373317e80a673,exact_normalized_body,2,email_7b62264932eb1f07a94cf672d44cf88a,phishing_pot,email_4abc53ed88a5ac1032e816f1fb9140d7|email_7b62264932eb1f07a94cf672d44cf88a,"raw_hashes=2, full_hashes=2, body_hashes=1"
exact_cluster_3ef7dc64398768ad,exact_normalized_body,3,email_0fa6669341e5b828eeb45e5573094c15,phishing_pot,email_0fa6669341e5b828eeb45e5573094c15|email_5802349290b3c346e70b68417ad92a6e|email_c999dfc6d7b579fcdea33287ebde2325,"raw_hashes=3, full_hashes=3, body_hashes=1"
exact_cluster_10fc1331177b610c,exact_normalized_full,2,email_267b99fc45ccec0cef793dc148aa7a4e,phishing_pot,email_267b99fc45ccec0cef793dc148aa7a4e|email_6314566a5f21e621476875880947b7d4,"raw_hashes=2, full_hashes=1, body_hashes=1"
exact_cluster_ed7bd73774c28ac6,exact_normalized_body,2,email_39ad6a3578bcf805a2c31a9d49bf712f,phishing_pot,email_39ad6a3578bcf805a2c31a9d49bf712f|email_7e258cc2a52163dae87507ae9910edc6,"raw_hashes=2, full_hashes=2, body_hashes=1"
exact_cluster_d1270bb0ef24648f,exact_normalized_body,3,email_6f0b6ebb119d0ed7f99a2d72e4d6b046,phishing_pot,email_6f0b6ebb119d0ed7f99a2d72e4d6b046|email_aebd28cf5d570ffe33b64dff3b1af8df|email_b9d7bc5fc99a514f88b25599b1b7bdc9,"raw_hashes=3, full_hashes=3, body_hashes=1"
exact_cluster_2a4c2409dfeb2c7c,exact_normalized_body,2,email_b75582fe6571b0fb96aedaca05baa5d2,phishing_pot,email_a6175444f4ffec719aeea633b6913e26|email_b75582fe6571b0fb96aedaca05baa5d2,"raw_hashes=2, full_hashes=2, body_hashes=1"
exact_cluster_c8a469c64bec809b,exact_normalized_body,3,email_813f1fa7831ef6c52c68ec8d49406497,phishing_pot,email_4d8bdd7bbf6e29c4b1c8e578b995fd0a|email_813f1fa7831ef6c52c68ec8d49406497|email_ec0b6b2be28cb88817f64200e9c1a074,"raw_hashes=3, full_hashes=3, body_hashes=1"
exact_cluster_da8e82410b8c223f,exact_normalized_body,2,email_7312c823b3b092c430acd64b1b5d56a9,phishing_pot,email_656b322755d51589b63e96cff541280a|email_7312c823b3b092c430acd64b1b5d56a9,"raw_hashes=2, full_hashes=2, body_hashes=1"
exact_cluster_bdbcefb246f1312b,exact_normalized_full,2,email_ac4964b8c14182100897bfeb89dfa594,phishing_pot,email_978c65133f2ae560164d25b925b06373|email_ac4964b8c14182100897bfeb89dfa594,"raw_hashes=2, full_hashes=1, body_hashes=1"
exact_cluster_1e9d7811fbc2f4f0,exact_normalized_body,9,email_a084dfe147af2c6e1c5f7ee20cf2b3f5,phishing_pot,email_0914ad9df9a609ba518221a0c3bbd0cb|email_6f53acfacdcc65b4a52276138e7e5a98|email_94f61e8c02516e47406890b1d2a0882d|email_96b3cad8d6a71881c6051079be669ea0|email_9da8697529fd9f205853c30bde60b6d6|email_a084dfe147af2c6e1c5f7ee20cf2b3f5|email_ce63220125d4f33efd48ce94f5b70a0d|email_fbcbcd867f55e66591a344e258faf91f|email_fdfb1f1ac58c0d0e401f269a20054254,"raw_hashes=9, full_hashes=9, body_hashes=1"
exact_cluster_0975de4d6d2fa4e4,exact_normalized_body,6,email_0fdc627ec9409c8a9106936602dcbc27,phishing_pot,email_0fdc627ec9409c8a9106936602dcbc27|email_633ccff1383c668c4cbfef10e53057f3|email_7c66ec60fa9055e3126e17320f7cfc83|email_8f2a6b5001c4bf56c2b81f4b81668622|email_998b3a578932a5fb447689d40631095d|email_f9d8d8474b95815a9f6a6b916ea2b038,"raw_hashes=6, full_hashes=5, body_hashes=1"
exact_cluster_e0b0fc1d7e23965b,exact_normalized_full,3,email_2f337f9d2a3e220da8d9a12e161f0def,phishing_pot,email_2f337f9d2a3e220da8d9a12e161f0def|email_9af3156463c1cdc400e66b7afd10bdfe|email_b94aff8a6f6eff874517d26531afac5c,"raw_hashes=3, full_hashes=1, body_hashes=1"
exact_cluster_87256e0532ee0caf,exact_normalized_full,3,email_cafbb99a29385ed8a3be78f6fbe20efa,phishing_pot,email_816284e3d2bf77d34960b2fdb21acee1|email_939a56bfe2db14e7a29e77b2cf7b911f|email_cafbb99a29385ed8a3be78f6fbe20efa,"raw_hashes=3, full_hashes=1, body_hashes=1"
exact_cluster_d7c64160f6274869,exact_normalized_body,8,email_7fd5eccbd0c2db7c783497891f125203,phishing_pot,email_14934f6719d9287509a21dfb76bf183e|email_1b10a993b61d50e7708edf879d6abd10|email_3354df807f5d9d319f761e6827e4ed14|email_3467c9c30572a041ba148087c01cd419|email_707f7c5911b5da0bfcbdfb748e5d811b|email_7fd5eccbd0c2db7c783497891f125203|email_9c3b0b6a768fd9cb3c3a302911ae2fdf|email_e48222852c5e866f15636c853739bc9f,"raw_hashes=8, full_hashes=8, body_hashes=1"
exact_cluster_13798ae15bea96d7,exact_normalized_full,4,email_ce434d11b14493251faa7ebdd5c2f698,phishing_pot,email_1c544ac292b87041cdab0f15a50f23e5|email_9b2c29be60b21410cedad54429dbeb17|email_9ec50a1d39a704dfe07fee33cf44a2dc|email_ce434d11b14493251faa7ebdd5c2f698,"raw_hashes=4, full_hashes=1, body_hashes=1"
exact_cluster_f69a0a5e4465e5fd,exact_normalized_body,7,email_93c8ac24df5ab6e0323d7f7833aa2b68,phishing_pot,email_5066a1693c21c9e40218cea6f4cef54a|email_92fb18a23bd2e9d91ccd4e2f7d37ca26|email_93c8ac24df5ab6e0323d7f7833aa2b68|email_9fe3c6919d0ff7bf4de10644c378b8a2|email_e9767e26de13f888adc8fcf52ae1a861|email_f128aa39a3dfca23e7a8003b4265419a|email_f18ec1457ba3dcb0cda416a7e1ad4d62,"raw_hashes=7, full_hashes=7, body_hashes=1"
exact_cluster_f1367334146e972f,exact_normalized_body,3,email_6c3d25c3e75459866ccd2956c02c6f00,phishing_pot,email_69e719ccab6b159af1f61e163ceba3a9|email_6c3d25c3e75459866ccd2956c02c6f00|email_a1261751917a57813bfbd5a12946d1df,"raw_hashes=3, full_hashes=2, body_hashes=1"
exact_cluster_96f5a091a4b4cbd7,exact_normalized_body,2,email_0a4a01fdc1ee4ab4c88f7fe25526c4fd,phishing_pot,email_0a4a01fdc1ee4ab4c88f7fe25526c4fd|email_7783e49f5359a8bd0ffe43e088d36fd3,"raw_hashes=2, full_hashes=2, body_hashes=1"
exact_cluster_a94ce9296ad8088d,exact_normalized_body,2,email_ca2990c22d1b28229c173fa65fc8e5bc,phishing_pot,email_0446c16daf4c12b5ba3131bc610cfacc|email_ca2990c22d1b28229c173fa65fc8e5bc,"raw_hashes=2, full_hashes=2, body_hashes=1"
exact_cluster_d93a1a3f25eabff5,exact_normalized_body,4,email_824dd83adb18c9dafbd926408b79812b,phishing_pot,email_824dd83adb18c9dafbd926408b79812b|email_8af00efbca0688071f831f1d32768509|email_9ccfb907ab42c9addc96d9b45e61fec4|email_fa0af61fae94a2a35408a9e4b0ea5b7a,"raw_hashes=4, full_hashes=4, body_hashes=1"
exact_cluster_4352fdcd5ed8c3ba,exact_normalized_body,2,email_057f5ef7cdb7504fcf9261e09abfc529,phishing_pot,email_057f5ef7cdb7504fcf9261e09abfc529|email_5152d36b81c49e5f1e92beb481fcc43b,"raw_hashes=2, full_hashes=2, body_hashes=1"
exact_cluster_1f0105a459fd429e,exact_normalized_body,6,email_fd74439d2db689fc782ebafbdb50d90e,phishing_pot,email_486c51bc10b2a176a7c3050c0114d03a|email_48fdb1da20b010cc79b58d7852b841d6|email_69db94e479cf628e99b69acd559184ad|email_69e26300b01fa6df6036df76d8be4623|email_8c0b06efea343e757892709bb7af60ca|email_fd74439d2db689fc782ebafbdb50d90e,"raw_hashes=6, full_hashes=2, body_hashes=1"
exact_cluster_7c030edc09d18f12,exact_normalized_body,3,email_ae447abc4c2a2d23e518c8fd02a6a16d,phishing_pot,email_218fb4a6882ac7ad4cdb922a1723d6f9|email_ae447abc4c2a2d23e518c8fd02a6a16d|email_cf430ef3bb146c8731b7971d3b6e30ef,"raw_hashes=3, full_hashes=2, body_hashes=1"
exact_cluster_55f32177c7a41383,exact_normalized_body,5,email_694c076ce0bfc13705ad16b9691c83a1,phishing_pot,email_694c076ce0bfc13705ad16b9691c83a1|email_966aa34981e49206a35e75274c6f51be|email_982647aec06da1d8973c075785a38391|email_a4b0b9ef13287f127a21674e32a6c01e|email_f94ecb37d74eea681697460bdf82456c,"raw_hashes=5, full_hashes=5, body_hashes=1"
exact_cluster_478abc4a0ceb26f4,exact_normalized_full,2,email_eb03f58a19d8e93cc22c72f2aa38d53b,phishing_pot,email_9464597bf4199e8689bd93f9ad616126|email_eb03f58a19d8e93cc22c72f2aa38d53b,"raw_hashes=2, full_hashes=1, body_hashes=1"
exact_cluster_140155068b3be7c8,exact_normalized_body,2,email_2f4e4c01b729ccffe0284453981d0a03,phishing_pot,email_2f4e4c01b729ccffe0284453981d0a03|email_d2328295c0313507501e13f0ce72b7c3,"raw_hashes=2, full_hashes=2, body_hashes=1"
exact_cluster_e181e70252b6f57e,exact_normalized_body,2,email_29c9aa6025dfa77c28ffc82698deb665,phishing_pot,email_29c9aa6025dfa77c28ffc82698deb665|email_4ad4d237a21b2bf83cd2e9cfac87999f,"raw_hashes=2, full_hashes=2, body_hashes=1"
exact_cluster_9871e5f7d3890c12,exact_normalized_full,6,email_f834ea5c88b1189986fd3ef7174861c4,phishing_pot,email_0b1d3063fecb01a292c10dfbd390277e|email_23621728413d6c8509847d7b312774f7|email_4928fcc16f04dde660f413495b65a58b|email_4b7ae2ab92423e4feb72ab675431271f|email_f7a2d8c3300ceb2b8a68e404061f8716|email_f834ea5c88b1189986fd3ef7174861c4,"raw_hashes=6, full_hashes=1, body_hashes=1"
exact_cluster_f088bc056bbb9e86,exact_normalized_full,3,email_98af9398ec9810b23d87b13855dedb90,phishing_pot,email_805b089233c83ad0c37646e23d0a2f33|email_82acef494382663ea3f3954b5781238a|email_98af9398ec9810b23d87b13855dedb90,"raw_hashes=3, full_hashes=1, body_hashes=1"
exact_cluster_8f6da37d8497dd2a,exact_normalized_body,4,email_0be0bd87aa9ef121a80e5f9d80a93cdb,phishing_pot,email_0be0bd87aa9ef121a80e5f9d80a93cdb|email_23cdd05785d7abb6a8d5daffaa1af518|email_a47c11706941fed480c57ba0cfcae3ba|email_a563f76f20e2f24e7fe50d1dc7c4228e,"raw_hashes=4, full_hashes=4, body_hashes=1"
exact_cluster_c5fddf9a3fdc5409,exact_normalized_full,2,email_18cb2d7f6a21e02f3aa16b2c4f130358,phishing_pot,email_18cb2d7f6a21e02f3aa16b2c4f130358|email_cf8c850e061bfed74735f3b4a3c9a6d3,"raw_hashes=2, full_hashes=1, body_hashes=1"
exact_cluster_7222c3c401e27252,exact_normalized_body,2,email_c06edf870dab2434b3339b0cf2aa2014,phishing_pot,email_5302c5b0ff6c55c1a6f19a41a367f49b|email_c06edf870dab2434b3339b0cf2aa2014,"raw_hashes=2, full_hashes=2, body_hashes=1"
exact_cluster_0fff42b6885b5732,exact_normalized_body,3,email_c8a7dd3f9090197c0aad5397ba0ea14f,phishing_pot,email_56b3da35eb9cf49627f1906456d1ed34|email_6e571261fae86ea49ccf8327d4089f85|email_c8a7dd3f9090197c0aad5397ba0ea14f,"raw_hashes=3, full_hashes=2, body_hashes=1"
exact_cluster_9131a811eb1bc545,exact_normalized_full,2,email_a5eb539026fc58689af0a2571b04bb47,phishing_pot,email_a5eb539026fc58689af0a2571b04bb47|email_bf85fa48e4eb1540013c4ee29d296a31,"raw_hashes=2, full_hashes=1, body_hashes=1"
exact_cluster_749beaa4554ddd3a,exact_normalized_body,2,email_fb2c9fc0078228dbff4c0aae287ce6be,phishing_pot,email_94a69cc9dc6c1eb30daf1985e68f1d45|email_fb2c9fc0078228dbff4c0aae287ce6be,"raw_hashes=2, full_hashes=2, body_hashes=1"
exact_cluster_91797334427f230a,exact_normalized_body,2,email_f6bc058a1d0ec1a4c9ad947644debc0e,phishing_pot,email_1f95bc67e4d57c5f6417ab4457130921|email_f6bc058a1d0ec1a4c9ad947644debc0e,"raw_hashes=2, full_hashes=2, body_hashes=1"
exact_cluster_9b7ff620f2c4061c,exact_normalized_body,3,email_97ea5f46f49eacb4d507e3f28172ffce,phishing_pot,email_1309441d622145f9eb8163d78fe07d09|email_97ea5f46f49eacb4d507e3f28172ffce|email_eea4b775f60454df013d3198c460a8aa,"raw_hashes=3, full_hashes=2, body_hashes=1"
exact_cluster_79ce9ca1601fbf6c,exact_normalized_full,3,email_d3e98e43da5fb21238b7688a2f3b9371,phishing_pot,email_d3e98e43da5fb21238b7688a2f3b9371|email_f01bf80c67e2d97b26cf45c6f9ed13eb|email_f978b98258c97a1c4179c9f838962646,"raw_hashes=3, full_hashes=1, body_hashes=1"
exact_cluster_710dc277594d036b,exact_normalized_body,2,email_3b891c4bf3dcdb314c99021f5a84d2f8,phishing_pot,email_3b891c4bf3dcdb314c99021f5a84d2f8|email_b1c43ba394d62be0edbc3ed1693cf25f,"raw_hashes=2, full_hashes=2, body_hashes=1"
exact_cluster_52327611cda935ae,exact_normalized_full,2,email_53c52f274a75f76dafe59f9fad9769b5,phishing_pot,email_53c52f274a75f76dafe59f9fad9769b5|email_d2f9f61e9749e54c8cd64a0b02b036cf,"raw_hashes=2, full_hashes=1, body_hashes=1"
exact_cluster_90ca68ce24fd5ae8,exact_normalized_body,2,email_574752422cdda28f404aca36b9948a3c,phishing_pot,email_574752422cdda28f404aca36b9948a3c|email_cefd25713998871a97db51990f8e047b,"raw_hashes=2, full_hashes=2, body_hashes=1"
exact_cluster_ec3e8d214dcf1f2b,exact_normalized_body,3,email_915a71b42d0c38616be223c20f03b2c4,phishing_pot,email_3209fb8b644bd49d47f8ee55769bbb91|email_915a71b42d0c38616be223c20f03b2c4|email_ff3a201a915c2df7d61a7fff7184dfac,"raw_hashes=3, full_hashes=3, body_hashes=1"
exact_cluster_e75f358e155813e1,exact_normalized_full,2,email_52375b39e4a43a74f6aa59cd9814d6e1,phishing_pot,email_52375b39e4a43a74f6aa59cd9814d6e1|email_b1fcaee36395226d1a0d6f5ee2ff03e0,"raw_hashes=2, full_hashes=1, body_hashes=1"
exact_cluster_f7cfc3ce9c0d3e8d,exact_normalized_body,3,email_329fbc35e538a737ab3fdd6ed5a808a0,phishing_pot,email_329fbc35e538a737ab3fdd6ed5a808a0|email_c0aecf93f43c2f2891c277e82a5efcd8|email_f39ce4b2915f631c6e43eaffa7976f26,"raw_hashes=3, full_hashes=3, body_hashes=1"
exact_cluster_eeb579835250c91e,exact_normalized_full,9,email_ea491e1f9826a53c2ca7dacaa8c097ac,phishing_pot,email_081e926d1972f2cce103aabe6f5e1ea7|email_20ef7a30bf243c270c613c60a5c14dce|email_85330ec8cd8b88cf4b47466196677485|email_86bf4408bd0200c242fa2d0c6403226d|email_90dd0bd2f8a4f70e9ed8b16260b7f4f1|email_a22a08a6edf6ce1d3f6651a28476fbb8|email_ea491e1f9826a53c2ca7dacaa8c097ac|email_ef85cd9b345e2c0e0e06c822d272f94f|email_f6647aa12be45c297f236806fec28b66,"raw_hashes=9, full_hashes=1, body_hashes=1"
exact_cluster_9dd2b6bff6fd75f7,exact_normalized_body,4,email_18a489b23b61206a380edfd2e58b835f,phishing_pot,email_18a489b23b61206a380edfd2e58b835f|email_a40fa8da89bff128a444e354040bb59e|email_a74a4477f2388db5a67545a7f1a9d318|email_ac128e0fd8c01b0ebd420fbc0a3cba6e,"raw_hashes=4, full_hashes=4, body_hashes=1"
exact_cluster_5e03284f8cfeec92,exact_normalized_full,2,email_2db56d081d00ad66ddd53d88b3d0982a,phishing_pot,email_2db56d081d00ad66ddd53d88b3d0982a|email_a4c71fe6dfb6180306a8796e4c408a1c,"raw_hashes=2, full_hashes=1, body_hashes=1"
exact_cluster_db242ec38122d7b0,exact_normalized_full,2,email_1382e2136fb0fd6c0092bb8b71b1a100,phishing_pot,email_1382e2136fb0fd6c0092bb8b71b1a100|email_65e86210b57499fa09c1b7a250703bde,"raw_hashes=2, full_hashes=1, body_hashes=1"
exact_cluster_c0f9fecf890a3e91,exact_normalized_full,3,email_6c750de2e35d0274a484309e75919fd3,phishing_pot,email_0006ce68735aa9e82561400484cf030f|email_3b3b798c6f6302c8e9baefe3b12b5fa9|email_6c750de2e35d0274a484309e75919fd3,"raw_hashes=3, full_hashes=1, body_hashes=1"
exact_cluster_896aee0dd504a652,exact_normalized_full,2,email_d43c4720ab7e156a433b5c39e762a20a,phishing_pot,email_22e686c0e291808211dea94905310770|email_d43c4720ab7e156a433b5c39e762a20a,"raw_hashes=2, full_hashes=1, body_hashes=1"
exact_cluster_e4b2f51d995f617d,exact_normalized_full,2,email_b1f94efc045053448084a11d2fd4e40c,phishing_pot,email_b1f94efc045053448084a11d2fd4e40c|email_e026a8ad58d8574e49ae5dc9becb97c8,"raw_hashes=2, full_hashes=1, body_hashes=1"
exact_cluster_8c6ebb1f875df79a,exact_normalized_full,6,email_966984bf1699f1e595aae3edf0bc11b4,phishing_pot,email_03dae028a8e1edc69e891086e6d02926|email_4d5a672bf8192f690b459a201f02476f|email_57797e6a4b86c74989388b378b309880|email_82f22a429804c1f47e3b8b78b9e2f0c8|email_966984bf1699f1e595aae3edf0bc11b4|email_9dc59aa888bdabc180b3d0ab31931a77,"raw_hashes=6, full_hashes=1, body_hashes=1"
exact_cluster_3f832b404f53ecf4,exact_normalized_body,10,email_7ee114a44602b37b6d6090fbcdfa0749,phishing_pot,email_0680293213a81d3c3449b6ccfa0567bd|email_11dc1c40e0bb762b13e6cbd7c12965b7|email_6020746f2f79fef4fa224f0cc218a884|email_7206c240f854265584d666e20ce3ef23|email_7ee114a44602b37b6d6090fbcdfa0749|email_99f8145f26aab7b8439c8d8f64830bc5|email_c533270114fbc88b2476d26eb5937662|email_cacd74dad45cacb0cb2956b2df563d14|email_e70b1e280b0cb80972764ccafe30b06d|email_fa6a5071680d3b98e33e1efec12c8b24,"raw_hashes=10, full_hashes=10, body_hashes=1"
exact_cluster_8830412ddb5e2927,exact_normalized_body,2,email_4af836547fd1a77e02d0e4f32bcafc63,phishing_pot,email_4af836547fd1a77e02d0e4f32bcafc63|email_c7f7dac5ca8194e3ff0af3e6af67abe6,"raw_hashes=2, full_hashes=2, body_hashes=1"
exact_cluster_8118543318137fc0,exact_normalized_body,3,email_7b6cbd3a11fafc3ddd07ec2223ca65f6,phishing_pot,email_7b6cbd3a11fafc3ddd07ec2223ca65f6|email_bed01ebbfb21e0668d84406f681a1d0e|email_f71232e4adfe0d1fbd47dea82f3213a7,"raw_hashes=3, full_hashes=3, body_hashes=1"
exact_cluster_8f1b39c3264c8914,exact_normalized_body,4,email_24744a75b09bf7af2b2029e718422a83,phishing_pot,email_24744a75b09bf7af2b2029e718422a83|email_43ae4eeff921d317bf675905af2ac35e|email_b12569df902ee4d3e17319d4388a4569|email_ce755ef3b77ce317e0cc4ba40df16844,"raw_hashes=4, full_hashes=4, body_hashes=1"
exact_cluster_10340588e845c173,exact_normalized_body,3,email_98a83fe1f50b143d22ab40272b8b9d86,phishing_pot,email_4ea5cebc1446d21aa7db76be8210d4e6|email_98a83fe1f50b143d22ab40272b8b9d86|email_fd0ad86361c68797a5395c7d57925887,"raw_hashes=3, full_hashes=3, body_hashes=1"
exact_cluster_dce912ca804106f5,exact_normalized_full,2,email_e57343c5415289c0c71b7e8a7a967637,phishing_pot,email_78d061213dfe690abc385ce099ee17ce|email_e57343c5415289c0c71b7e8a7a967637,"raw_hashes=2, full_hashes=1, body_hashes=1"
exact_cluster_2325db11a9843f1a,exact_normalized_body,8,email_7f58c634252196315ed1a16bf67b0189,phishing_pot,email_035e4fce42f1c1ce3c0bef2c5023f18e|email_33bf88a65632f8b4d9d6bce5736ff288|email_4b01b58b434c9597f7dfdf34b5a6e979|email_57665312a918480d1681a109125b2151|email_61b8fe598726c687aa1d276556bb18f2|email_7f58c634252196315ed1a16bf67b0189|email_86c6fc3d9673cf69bad9e4d70b9dd93d|email_aba2227a883b6ad93c0fd7bbc7037741,"raw_hashes=8, full_hashes=8, body_hashes=1"
exact_cluster_e76cb0a34af7ca4f,exact_normalized_body,3,email_c7c0286f81945544f4dcf6027232aeca,phishing_pot,email_2097a2a6cac85fdbacc41f3bd358eb7d|email_a2743e5d3bc42fab49c98d110879e528|email_c7c0286f81945544f4dcf6027232aeca,"raw_hashes=3, full_hashes=3, body_hashes=1"
exact_cluster_db4b14b78a17e3e0,exact_normalized_full,3,email_ddeaa18b853570b5d63c0af9e0047ffd,phishing_pot,email_02316eb5a17315e7b5a803d048fc23dc|email_5c087d1e0350d7e3da604852132e2000|email_ddeaa18b853570b5d63c0af9e0047ffd,"raw_hashes=3, full_hashes=1, body_hashes=1"
exact_cluster_a92b3e16d011f1ed,exact_normalized_body,2,email_f9e5cd7e49fd76b95b16c888548be64c,phishing_pot,email_46be1c689d71b12a9c2df4e0c58108a7|email_f9e5cd7e49fd76b95b16c888548be64c,"raw_hashes=2, full_hashes=2, body_hashes=1"
exact_cluster_eeb223107ddaae14,exact_normalized_body,5,email_e1576a10cb90e181085eddd8708ff399,phishing_pot,email_017b9f0bfa66a1f1e300b1a536cc168e|email_2de3b195c3897732dafb97c77d6b0231|email_89ccba3af03067de92ffb8e6e2504ddb|email_e1576a10cb90e181085eddd8708ff399|email_e5fffc9853ef297cb782f37a78fa47e0,"raw_hashes=5, full_hashes=5, body_hashes=1"
exact_cluster_426d5671af0d5294,exact_normalized_body,3,email_29c1b65592c22b11a4f409568593a105,phishing_pot,email_29c1b65592c22b11a4f409568593a105|email_d334d73dea27a24ddf8150d681519414|email_e238e640f6d6e94e59e1497d071b61f4,"raw_hashes=3, full_hashes=3, body_hashes=1"
exact_cluster_f94e5b99d330f745,exact_normalized_body,2,email_1d6c41eda36c2c10ad537c161f282de0,phishing_pot,email_1d6c41eda36c2c10ad537c161f282de0|email_f5f30c0e5ac3ba1d9718d84a722a45f9,"raw_hashes=2, full_hashes=2, body_hashes=1"
exact_cluster_e71ae60967d96b1b,exact_normalized_body,4,email_7d5c5758e036afddc732597e8d75e085,phishing_pot,email_4cdc6de7241ca700e5ec1c89a158d8a6|email_682df037e4a2b1be555d09e0f51c76cc|email_7d5c5758e036afddc732597e8d75e085|email_d25b9cf3d25980fb2d2d75d9a27de6a5,"raw_hashes=4, full_hashes=4, body_hashes=1"
exact_cluster_56d007b1e442da28,exact_normalized_body,2,email_8da3e10aad13f16fe9fd79a7d69be65f,phishing_pot,email_2d3e65f860dfe97cbbf5271aad6afcef|email_8da3e10aad13f16fe9fd79a7d69be65f,"raw_hashes=2, full_hashes=2, body_hashes=1"
exact_cluster_2922c39f052da429,exact_normalized_body,3,email_0ef3f164f33422d4c9cebf0bb07e0db3,phishing_pot,email_0ef3f164f33422d4c9cebf0bb07e0db3|email_29918b8ae0eadb786f018ae728021757|email_880a9b1adcca50c1b578f291036fb2e3,"raw_hashes=3, full_hashes=3, body_hashes=1"
exact_cluster_f65f107ea9f0d2fd,exact_normalized_body,2,email_688724c8b78c432470fdafac1e718f60,phishing_pot,email_04f5e55edfba23e7ad7348a674e2abd4|email_688724c8b78c432470fdafac1e718f60,"raw_hashes=2, full_hashes=2, body_hashes=1"
exact_cluster_2df633898d41380b,exact_normalized_body,2,email_2f41738e2eba3d6b0c7ff3bbdbd144c7,phishing_pot,email_2f41738e2eba3d6b0c7ff3bbdbd144c7|email_e834d61483d65e0a11088625f5316f61,"raw_hashes=2, full_hashes=2, body_hashes=1"
exact_cluster_16db2c42f82c544c,exact_normalized_body,2,email_de31c342e4d1f09e8bb53e906bdd5fa4,phishing_pot,email_4800e44396e2d0981c47ec41ccba3313|email_de31c342e4d1f09e8bb53e906bdd5fa4,"raw_hashes=2, full_hashes=2, body_hashes=1"
exact_cluster_74f151ee30ffab9f,exact_normalized_body,5,email_d7dc73f5097717369e883dd48dee3d00,phishing_pot,email_6ace2508307a117a15cff9338cfd9035|email_b3d3e89439ee7f7118e8781c63ce9a3a|email_b7e8b63d1748b357acb950d6cbdceec8|email_c8834cacd34f6d982a0ae687b41ed907|email_d7dc73f5097717369e883dd48dee3d00,"raw_hashes=5, full_hashes=5, body_hashes=1"
exact_cluster_7c844151cd152f7c,exact_normalized_body,2,email_3874821d8ff8c4fc978bd6bf55cfd0e8,phishing_pot,email_3874821d8ff8c4fc978bd6bf55cfd0e8|email_dd970e5b9a5f4a6054f3a16979b069ba,"raw_hashes=2, full_hashes=2, body_hashes=1"
exact_cluster_044b595e6aeda5eb,exact_normalized_full,3,email_174915db70d8f52e022cf563a6f5f4cd,phishing_pot,email_174915db70d8f52e022cf563a6f5f4cd|email_49ff3d69cfdddbbb8725f70fa211fe25|email_b04aea3db6c02ca184c7292b24ae3477,"raw_hashes=3, full_hashes=1, body_hashes=1"
exact_cluster_a82cb662ae80c30f,exact_normalized_full,2,email_82f65fc6a58dcb1c1a7c23d702727656,phishing_pot,email_82f65fc6a58dcb1c1a7c23d702727656|email_dfb2c47c5e814e3ec5d5f9eaf232a500,"raw_hashes=2, full_hashes=1, body_hashes=1"
exact_cluster_01b46a9bd998dda9,exact_normalized_full,2,email_1e072e80e3cf7eb4c8fb136c1f307e89,phishing_pot,email_1e072e80e3cf7eb4c8fb136c1f307e89|email_6b1d43570efcf3d4deb2e66ee047e724,"raw_hashes=2, full_hashes=1, body_hashes=1"
exact_cluster_04fe279964134e23,exact_normalized_body,2,email_05af5dedd5976039fb5e116566f11794,phishing_pot,email_05af5dedd5976039fb5e116566f11794|email_9efe9d89844fd813be232eb411ae5dfc,"raw_hashes=2, full_hashes=2, body_hashes=1"
exact_cluster_914662d2946a89b4,exact_normalized_body,2,email_0b1118df740e7d2065c5f305a946fc83,phishing_pot,email_0b1118df740e7d2065c5f305a946fc83|email_3ff32dc385cdc7159a721912eb1d95aa,"raw_hashes=2, full_hashes=2, body_hashes=1"
exact_cluster_b59f1c8bed574b88,exact_normalized_body,4,email_0a9ecd7e2be59d093be88beef77f8b8a,phishing_pot,email_0a9ecd7e2be59d093be88beef77f8b8a|email_5325af12350d9efc67d5d7dcdb44e04d|email_77e447ca23d5e523a4e75eedee0f9f89|email_b3c1c60b50457bcdd6d87e9694faf483,"raw_hashes=4, full_hashes=4, body_hashes=1"
exact_cluster_4ac0e0a22711d922,exact_normalized_full,3,email_20fa70240e8d17693eb3c2ea08dd79c8,phishing_pot,email_0f7f9f15dfdff39148ac211ee6d50b17|email_20fa70240e8d17693eb3c2ea08dd79c8|email_a79c037295f38e707370d9907cbbf14c,"raw_hashes=3, full_hashes=1, body_hashes=1"
exact_cluster_6e5ccca06f08bbe0,exact_normalized_full,5,email_71f7f2467f51dff74acbdfb27a129536,phishing_pot,email_096c1edee97f4656f210a0ca8465db84|email_20dad3ffda229d2fcf452f2ee0dba5f2|email_71f7f2467f51dff74acbdfb27a129536|email_92eaa70f20ccd042794d8e0c04c673b8|email_d7aff8945d64d6b50d251554a385de52,"raw_hashes=5, full_hashes=1, body_hashes=1"
exact_cluster_b19c8293b0f4d77f,exact_normalized_body,3,email_afe13ecaef9b61430353645fcf4737f2,phishing_pot,email_1bbf8474762b3a676e587a30272fc290|email_752c46966d6bc080731c5e2881b9caef|email_afe13ecaef9b61430353645fcf4737f2,"raw_hashes=3, full_hashes=3, body_hashes=1"
exact_cluster_d41e610fb5f4aab8,exact_normalized_full,2,email_26ece8183207752ba69888b41b413898,phishing_pot,email_24747c68b233698a73ed281444722e92|email_26ece8183207752ba69888b41b413898,"raw_hashes=2, full_hashes=1, body_hashes=1"
exact_cluster_5ab319f329eb56e9,exact_normalized_body,210,email_4c493c2d8eeae80eb002d8c6019fea00,epvme,email_02ee962d7bce411ad5b68bebd39fc0b8|email_04bd302fd2d56c3185a6875a97dfb756|email_04fd29de79c45629711e0d444f574ee2|email_0678811c6e63660743f2f38192b4ea4f|email_078e741c5311673c86b98fd3597f2b15|email_07f4d1dba6c7de6729082163f057f4a3|email_0822ff864b5d02a0a8cc0de7af2f61c8|email_08a1d7bac0bb9471dadb633a637aa166|email_0a65ec9d34e86598916e15c240953e2c|email_0a81f4273ce0751bedd09aeeaa6aa623|email_0a98cb0fb7ab5c2ed02aa60adcbc491c|email_0c09b61e8d1ee07bca99e91af77e513e|email_0c626ece01563618f29fb66a76427f00|email_0ea8410d79ab9c88267a22eb9cedca1a|email_0faa74c103a1f3fc4ce19577bb5ade3d|email_11c8c9ce462b7f716f6326eee1effc71|email_12df9d0946d432e7b973842cb1b7a1e8|email_132946dece2dd424f3d27faf925f9fc0|email_177d9e6306e4923b28e58c583efd923e|email_18ce8646153a3b43caa13948dcab3011|email_194c660d030b41cc507ead17fe9ccb1a|email_1a3ef000243b1d1f717bdd6787abc292|email_1b0f9a832ef9b1a0eeddbd6eba15763b|email_1c17bf86b3f7e4a220f9159461b72e5d|email_1d2512fb94605669910fa0e75fbdb9e6|email_1e01706df4079696bd57fbdc02b337d0|email_1f2b508189e5029cc462a07e06fd9e0e|email_1f7cc7af8e3b22293e0b2e8c626538da|email_1fc1710d348f404e4878bb87d1458400|email_1ffad2915d5978086e6dbfa012ca7558|email_2039bcd5d530c9b30d1c1ecf4968472d|email_2233c42b9df84f5035714a46c868829a|email_23113c07b6ef7052e7a3db0eca4bf9b5|email_2330df1a3890f9c61d769bf435ba84d4|email_242e356f1b334e4b4624b8c7aac04900|email_25ad43e31c3a45c961e5eeda38fcdcf0|email_26c113e8be8dd43fa97ff239df2121e6|email_26de5711a605c1e7bd112568887dc976|email_26f15b2357833769b235e96de25c4ae7|email_277c81cf826ad2f75aca40e752d74fcd|email_2c5aeb637113ae71e1fdbbc4ae9255f0|email_2c6e2e9c1c40cfc98bfc43883d86a279|email_2dcf08d3e60779b961231b3874112c25|email_2e06e54d6bf92dbdab1c2cc9bff1a848|email_30704fa45a584944715fed57e0f53219|email_31290377ad42d00b7eeb972e001136e1|email_31b541e8eea9b04f799a22557c49e5bc|email_33fca296a4d592231f9e660af4f4f7f3|email_343d078c1d472077ba22079f3eaab83c|email_350fa57d0f9decb7445e1c3227bd9518|email_36c4491a5554fbe357095d0c03ab3087|email_397c302f8fbe05906d5e25a1015a27a8|email_39ebac4f9a3db09139c230ed06fb04cd|email_3a47abd56feca0f9fe05f1aeaa764187|email_3aa3cfa4306f834741fe19845acfcf66|email_3c18b14cf35c5c71c0232e1f11aea069|email_3d04587b025acbcedb36f2808ba7eb8f|email_40adc5caf536a170df15b9f156becbe5|email_40bcbf95c27ebe362ee77c95a8955f3e|email_4406db45db74f9df2d6b761a37f0221b|email_46e91c4211a8d1d38e5a85a22d085e5b|email_48e02e07a04f7cf0ba01d7608c83a3b8|email_4990cf015728e2ba61caaac6fbf36dfe|email_4c493c2d8eeae80eb002d8c6019fea00|email_4fde7c6a065e87802bab3bd5a02a178c|email_50d465838955d8b34d183964806bf8e1|email_51c2950e615f05fdb5a8aa8c54384f58|email_525f704c33aff981dbf4eaf6c7019caa|email_552103d24ca4356881e59f741ca678d7|email_56a8264d90f0951a4178e532968e98d5|email_57ddd80357e01d8e76a68850056e0b63|email_595ab4e2198624ed3e523c2205746841|email_5a050adb675e83dd5748668cc4a2951b|email_5ace3c3c56e06af7fc965c85a6f52edf|email_5dd83e0e63a2ccbb12bfaf9dc212bfa2|email_5ee04999b136a48b547248de80108c19|email_5f1462a1f041f7efb1ed19c3d923eec0|email_5f64c4a7d7a92d5442e5f06d34b58b1f|email_63d0d100c2f9942ed8c860c003bb9f38|email_64459a6ff04d530048985ef26d669faf|email_644c9c67568d6dc52a1df27a78abc712|email_64b4c3b2c6075c6d0e4ead107c283ef9|email_662ade542ab1684065ba54f57abe1377|email_69f2e0c24f1b5e39f3b43b4d03d76044|email_6ceff92a089163619980ad410f2e837d|email_6f9518197b8415f3114ac6749ad0fd5d|email_723d1bf2a468eae81da2b3b49cd9acd5|email_7708e82625eedaeefa68c86176c031f3|email_77c5698ab20ab0155deb757db8cb7fe0|email_7a28e013505f96dac40adb1ed2e9e7d5|email_7a8a23a5bc38d9fe83cd74446a3a3dbe|email_80230469c3e0bbad11c9351b434f099a|email_80a22002dfc6747d91315dae3919ee0d|email_82503a5862a4f18b9cbe5210284c7491|email_82b8f8fdeb37bf2a413969fd737ff82e|email_82b9baba377409d6043f910978445d64|email_82e211a7509edfc9732672970a485f10|email_8392e16361292d20a6ee05106284bbd4|email_85369ac541f712ac28a452b2f22db87f|email_8818138b8a4c32574c06a1be2787640d|email_8a054df11f03420f416c3e5bcbb87d0f|email_8b864fb7e6b97ee0db7a18b9e681a4a0|email_8d6685fb8a69d0ec19a7cbe27d721ca7|email_8d8ead6f34f0a97576708e7c924587e3|email_8dd733d0eb8748cb2883ea1c9252395c|email_8eb4344814a1ecd7658ffc3a40935029|email_8ed82b1dbe25fb78e944990a87126469|email_907ba0d92d65a018be5f492f4bbb5a36|email_907fff95667a8af9e51d9942d7cd7ec5|email_91184fc18a3bd5153c45aa3b58c39118|email_9208508d4143f1d12e21a75ba416ad16|email_92d6844cb98ac2ee4ec7b7d9c16613c0|email_943b66865032075ba2505dcf01ca252c|email_9679d3a5ffb78b5825bb2d74b9913cad|email_99b76ea8c9898d16d37bef0be790695b|email_9b2d97754a24517214bbf434953f402d|email_9b653a695f628b94001ca1264230bbb3|email_9bd10db3b7309c1c4f76aeedd3824773|email_9c39530bfc4c43edf21a4c93f77f6fd2|email_9e74159e48fef8c4eef2c92f553e7280|email_9e84e3f9cf62a521160cafb62cb799cf|email_9f92b2bfe0226753c89e4e35004db793|email_a0b7e192d5d770302a043b0a8a765e6e|email_a0b9a4a4403cf7c00307c7f18a1058fe|email_a1c9fe2a30336aa3cc35ef99b88c2d90|email_a1fc2df637c8965bade642eba8db339f|email_a24d6322085bae72461806778dbeab42|email_a2da658991e82297224a51a9de51f86c|email_a48b0545ee80c55df8d05fd380b0fe59|email_a5f8a70cc990161ddd95e289a39f8aa5|email_a6408806a76f933c2a174721dd2106e6|email_ab44f3f691d2b59a5ecfb13bf78df373|email_af3fa9764b289d37df333c1d15387834|email_afa46a97f017b14454958a2e7bf7a22f|email_b155d9e26b1f3c436521c3b506871c19|email_b15a132f9f0a540215aaf2c364b09dca|email_b1af8fac562df88a33e1b8c239e17311|email_b2dc107460130539551ec8d7107b9ce7|email_b3ac9de821549c46b652c08fdfe2daae|email_b3aed466ee7580b1ba08445c2a51319c|email_b44e485be4a76848a82f676ed747fd5e|email_b746987ebf4938fbc63e6a8b92250d3d|email_b81319549169d3e5990facd021e76923|email_b8ed1487a074c4c5514c6801d7fa22ac|email_b97e86e1c5ae26da7857c58a2a39df8c|email_b9880b2c6b13b42554979fd04e053647|email_bacf03d39e5c62369f9adea08ba77219|email_baff036704bea3e4335dad07bea4c909|email_bb601fe670012636f24f49921d49563a|email_bc1b9e6d0c607f343b67c312f12bb1e7|email_be44f5429938222513d8dce0b6fc200b|email_c019b3e230e95d3e2b167e92a276a0c8|email_c045b3d2a815a24a22dac25478a3324a|email_c49736ee1e879b65b838a2787319832f|email_c7d994f710bd87b211a02c77ee91881e|email_c8addd46bfc57b86bbf1abb049d8c471|email_c947bf6c0d6f18d2053bdf99881e5a9d|email_c9dcbe90d5b4c87cfefeaea05ede204f|email_c9dfdea8d9be89c843ea3ce3563e612c|email_cbe38e29947acad29e0b114fcb1b47e8|email_cd69d91389deb12ca8ef9f6b6156865e|email_cdfde4b60ebc9733348f36fb547af914|email_d0d1429a65fce960d60d45f5a52be561|email_d13762746b5ce83d1a296174a65096f2|email_d2edeafbe4d1c9ee688b3d13f075478e|email_d53b82572a29bb4b23af76caf8d40b4f|email_d54ee0e2fff7f16cb285b521d2ec1891|email_d57204c9979bc8cdc07acbb1d2f88967|email_d58c62b22e21eaf35cd58e900dc17478|email_d5ae129494a434eba872470d426272af|email_d73aaa9f6af30975d0b949eded165a0c|email_d8993b7d6c0f143516759986cd24502a|email_d9518c6a305cc52c8d8ab4383daf7d76|email_db0fdc1cf084945a285be49c8d078057|email_dba48e500ac2eaa8153f231969cddeb7|email_de374fdd80591b1b4bd664e7e722e748|email_deab229812261e9ac4c0098f91475412|email_df7fad96fb6c258f82794c5b1b967080|email_e069c399f57adfefec24c5a04b106ef8|email_e129ff49ce0296e75b20acc0c6136730|email_e1c48ee0c5e87c74f06136dbebddc3ae|email_e27cb6b03cb7836f1347ca5657f3ca04|email_e28ad90eae930bb17cb1de1278c0809e|email_e51df079cd54a71883a67a974803e152|email_e5da4d8e49cf704a02476a9668a32c69|email_e6e82ffb3174aae8eb446fce7dbb590a|email_e7eca9c7f103f7797a075e604a73c854|email_e9414569ccdb3ca7c3328f192961fb83|email_eb20d9cac04147ca1af75b94ca0083ca|email_ec43c4e7d0a67e6dac847c84496bf8a1|email_ed03eaf141262c77b6ee2ebcc4e12fa0|email_edcbf36c805247f415386a598e336860|email_eeb8b80570b3855c04c0aa90030923be|email_ef71bf7063275cf1c04799d78a397c67|email_f04ec4e9ad5c458f3c66ddda9893def2|email_f13cd7150a597ca55ac9ae8f7b18a2c9|email_f278cebbf23afa7d4a48a74e101952a5|email_f29ffe72a5c56894f76ddd2f25c2381b|email_f417cd77b5816720e44eef1d8ab835d4|email_f613f63aa8ef2fd907876baee7235a78|email_f67613d44f4f7ab272a36c104d524b2a|email_f7ee17b0b3000508813d14346256bf27|email_f83b56ab2d90622f7588a31274a71130|email_fa45d4f15a7c0279c254d8fce22958b2|email_faad0c298dbe55bc22c6feeff5240e52|email_fb9d581a59294bc411354d21af0bd523|email_fc30b19b2afe49838b625f512d4afc89|email_fd53be62465fb3ffe3b6560e46847496|email_fe6e1503d3739290d9092fbf87476df0|email_ff0c931b26b35897fc29074a653f6ec9,"raw_hashes=210, full_hashes=210, body_hashes=1"
exact_cluster_f35d8e64d6ab36dc,exact_normalized_body,20,email_5ded7098ee02858043c513f581bb3431,epvme,email_07684dd04e08b543ed48f5139f52f168|email_255e6886c5073b65bb2d2ab972ef35ae|email_2d551974efbe5eb1f4dd53cd8bccb3d4|email_4e7bf8a1dff221bcc7dee79326d044e2|email_52f8d0a51ff9adfe22c7d846be3dc762|email_5ded7098ee02858043c513f581bb3431|email_667f8d2308d108ac10dcca25c7c89109|email_6e99a654c80dd6c43347423456427838|email_7f572f281c6c5168cebaa575e1c98fb4|email_80090cac61f8ea5c77152fc79142fe45|email_88b4cc5dfc46c398a6cb9d2d86c0ddac|email_892c2da916bfbd5f43af020954c7bee4|email_a24b5eb0465491a79f33ef20f46fcd03|email_bfcf702f09490fff61d6692e8a0fbef2|email_c6bf74c8515f38463b27084ec016033c|email_c6e84d4bfeb3979478ee9a35758a71cb|email_c9a64d708af9e33a41f585938826c24c|email_cce9eb8725631b3ae6645f4daed231ea|email_db9ce97eef104462321c70c6ccfd93b0|email_f9ff150eb45c66aadfc70a6a6f86d3bb,"raw_hashes=20, full_hashes=20, body_hashes=1"
exact_cluster_e678f5c7c834c8c6,exact_normalized_body,53,email_f03b6ddaa273c7e0b3d843c249eea5d4,epvme,email_03df05e18a9403625b77b74e596cee61|email_054f42b1afca4dac3b897fa89f737acd|email_093ef619e1a3ceb87d03c4a738deee46|email_145d590ad034868ddb7829ff1d6a6a96|email_18522924aa166ab0f747e62b34bfe7a2|email_19483f604205e7e616cd5b0559690a7a|email_1bd9416c1ffd6a2e7c17f1326b602626|email_231a3b72f4abd44d3f044b0cc756f3f0|email_3032ed790a88030968434b23ead123ce|email_3378c51c6521d1ea5ed4dc068f13b8f9|email_3c599be04c6586d79eb13dc9a8e742cf|email_403cea76284f5c3a11134a6c75e5a1a3|email_42924781dcf74f330edc25f74b0b3530|email_447ce862a3af88d83c86faf65ca2befb|email_531a943f7ea405045a5a5bba00dbfbd2|email_542023c8a17ffca2acc74c4051dce87d|email_5d21ae5fb0a5a8b735ea3f1c89b1538b|email_5e421fdf93d6ebc1912bf9a8f6df0a1a|email_5e584b1ae035deb4d77630bffccf95bf|email_61516eb836e31a67322f452e1d521218|email_624b5fc3588033c8d8c586df7b754e62|email_635474acb1658c32b7d72eeba5ae493b|email_67974affbbd1f5c2282dac04e5300b1b|email_6983e916c533b82bb8c9665be805fa79|email_6ec8a0aec4c8da34416a0737a39b3b39|email_73cb561627278d3f2709a2b424231294|email_74e4ce58d328b2cc38dcbf2ceb708b8a|email_7610c5f68d197b0f10ed039d1503ee75|email_78340ec48063d7b988a70a93b72a3fab|email_84b6a2e66c48af9e041e153f662c0741|email_8869e05d30b3ff9cc725081047ef76d4|email_8c15177def3055d24366fd9ee3b1ebec|email_955c3c77695dd4ca66cc4a6fd41e3726|email_a48b81639883f26d86fc90cc14871ef4|email_a9a742917ff37adcb8595b403b28beca|email_af654f477b9af2ecbe9bf81b781847a1|email_afaf0dbce4dcd0707b73ab449c79d899|email_b162e0254157a341be9ff2904cef47f8|email_b5887c2a51ff46594da2371f254ca5b3|email_b7998c86c92d52b57e10a80d8e108de2|email_bed0252605685103a9d249b2442af314|email_bee464d25fe7a9677068faa84449d136|email_bf9e3badecae93831dc88d4f8c68a492|email_c5b3834ce09c65aa4e9e74b5dc24b352|email_c5f73e898308f56d177ade91b92a63ed|email_d2714593e39b9cc961bc678b681a004f|email_d40ece03e53a8a7e12f83724a11cdd66|email_d633f50fd06f2963946821b5906dc34a|email_d6b7970535342beb87ea70cb32054554|email_ebafe6216f3c041a92cd83726605558f|email_edeced0537351287164ea9bec66d4177|email_f03b6ddaa273c7e0b3d843c249eea5d4|email_f860894aa38da0c933ad6dc760820daa,"raw_hashes=53, full_hashes=53, body_hashes=1"
exact_cluster_561800d64ee1c731,exact_normalized_body,2,email_0b4b17e942a336de47d9cf14d368b4d2,epvme,email_0b4b17e942a336de47d9cf14d368b4d2|email_dbd5490d2500e6c071166605aa956465,"raw_hashes=2, full_hashes=2, body_hashes=1"
exact_cluster_6fb6bf79308ad39a,exact_normalized_body,198,email_945187cb216622f766edbb43e51e95d3,epvme,email_00002c19854f954e775e93d89b0def79|email_002a42db717bfc6abab8944aea93961f|email_010333d777c923647a87f4898c2b4a6f|email_031e729544d8d275537cd8510c7e8ebe|email_0485335301ffa93dc93dd0dc2f336c3b|email_04c9b1a73071a492984803d49dd42b00|email_06b797b97b76b271209650cb36ebf1d5|email_08ce1b0f50b6f2a5d90f2086d6376796|email_091a9634757527fb22dc7b3dae54ecff|email_0bca0bb70f9b007275c4b7e0e00882aa|email_0e4c78d9cdfb2b9f84e5a8383759be3b|email_1076096afe7fdbb8f616481b2afe400c|email_11b6ea44294422211f5fc60f73065ac8|email_13d49ce1b2aa19f1aa102fc85f6b8020|email_1417f8ded9ba8da41614b48ae1c1b1ca|email_14594c4a6fa23538dcfd3556192af352|email_1513211f3d0da0873d4ac7ec05ed247f|email_15db179fc05c82b24a1f4b3cd338949a|email_191ff11d0b96b822e907d996016b927f|email_1aea948ae03c17dfc2e23c5cf1039035|email_1bc027c5161c84818a62255ed76c58ec|email_1bf479c793780bfa7d1ae0e0f6f499a6|email_1f9e854046f4f2bab205a88246fd3b84|email_21d184b4efdff6de793993695f2008ae|email_2219ff88fc3d436626d25c44e3ffbd44|email_232af443f913088bc01ee9dffa77bb66|email_23abd690ebef17cabbadb3f459a88bb4|email_2581b170efb296e8695676b2f0af76f4|email_26f1af218d7e49f21081eec4cf4f29a5|email_281136363a3f7efbbb3bc054b7b99aeb|email_2b2dd818e45fd2e4d417d3344222fba6|email_2b578dfd733700bdf9571c9ef302bb54|email_2cfad23bf0cc32287cde5c1c5b65dfd5|email_2df2487fe4bf3531d9111d40fb982b46|email_2ed77e8c636e5a0ce3c1990a6613f7e8|email_2f7763a4fac9a106d8cc24fa843ddcff|email_2fbfc5ee6d2cbc1f253bcf7ac004b125|email_3185cc8d7fa1bf69c25e0a7adad03d93|email_319a33d08099176b03765129858221c9|email_33cab59f71cba4dbcc552738d11ed27f|email_3550eee7271b546466ad3adcdfe65798|email_368244d132c03a6b07b24b0972a94c73|email_36efbb422a3089a5df9923a6dee32849|email_378a1995e484674e9c560aa72fee2b4f|email_3823dd2a85cd30907ea3c26687a0054e|email_39c8df3c7b822c0d10057ad7737eef74|email_39df54a2e8ab75097ca3aab288227c7b|email_3cc6c99a4f3b9759740d6f22ac8c06a1|email_3f39cb134b7efcd7c51303039b4b238a|email_41d896bd2f2a031e3294413597989aa7|email_4817e94fdb53160a404fef7e65a7a0c1|email_48cb770eb3b11a5dd7fe2de4dabff0e9|email_48dfd5f07bf4781815cbd6b70e7e0da0|email_4ae2f40fc43e3ef43dd23a3e3a80cfe9|email_4b2382c51b0102c3ec3bc2705a0a193e|email_4bb0f9e80fb6dcdf679e46184ce7b012|email_4ca8261dba31eb3b960709fc7498481b|email_4d4bd85414aa75679d095ffe10f37f24|email_4e21a416a4c03523d917c909963a7291|email_4e90072e3780a71c2c13feed51b85126|email_515c3a6d9343ae417484a7a5afd40124|email_51a89f5064d956424204f6a446991da0|email_51f6eed322a8d34c071819f798ea79da|email_529f747702b494c3ab31eb6219183914|email_52bbccd917b9da2cdc04fe187df97c37|email_5483ef535a130b1835cebc2f555923dd|email_55dd5b190a454bc724770f312a7b5104|email_5609031d178c692fe75c1ed97c5eb96b|email_563f3ffce82831caefd8592e9d27f8ad|email_579b48617370cc9b796d23f8f4ac9fbd|email_5c910672e9ce349ff8e089733a158e3e|email_5e161d9d63a707e069069fcded90494e|email_5e73f701a55e399fa4a52a3bbef4a62a|email_607a1979f93864caaa83e3d252ec1cb1|email_61cbc2884fed244649e8675e5be0383f|email_624fd7e0ab46e1e051402d36e3656a09|email_62886799037eff691d4933125c2a620a|email_63008f3d02a66d64713ec9e6d9250201|email_630724239908c92644821a2b7fac47e7|email_633133dccbbccdd6543b7a4a47d00fb5|email_63711da55039b446f8f6f9d5066528c8|email_637ff54acbb7058a064df770f25db7fe|email_63fa88896d7e0e1265428adc7bcfe7bc|email_65252b991ce026ebcb259072d8de50e9|email_65881d2728e00e1638ff5ab03bfa4f54|email_665ec3c5a9e1cdfdb84c0ed5d7ec07b2|email_6728e586abd1720b2b39ab54256676de|email_68fbd7008f288e32b41791464069ee62|email_69145ae29d405675b6b6f65d0e4c210d|email_6c8d6d8874cd9ae1fc5188de3fc7ff31|email_6c90ba2e93f2897703ed87d46bc1bf90|email_6da886db73f162119fea26b21ab1d44c|email_6f6d60903bd18396e4b816068cbd7901|email_718580dd6d0449e5692c274138ecfa68|email_7496c0ffb5e1bd953643569c7d5289b3|email_777fdaf2d5b6c08819c235ec6b555444|email_7911f2a6db77833a2e15ef7d8cb88c91|email_7a26fd58a336276af6558737da13b948|email_7ae630b55504d0c6a0ec932f0dd004e7|email_7b9389c4c194c887f11e3d4569a6104c|email_7c524c4151192053cbaf0dd596a24166|email_7d2464deb8146ff51c95f040f9b560ac|email_7d38efb86f0e5ce748a488ec8cc3a39b|email_7f32080e926444ed0442a297ee8d69cd|email_7f6da372034e2da7b7c72cfe0d93aa0c|email_82ae1a01ace35c48e59c37c25f575701|email_851780d5a35c146ad3733a27252b4588|email_8620f291bbdb079569de7a22e132213d|email_89f5310c51fb1ab2c65db5f94fe1d5fb|email_8a4f3abd43fdf682055fe4d3ca22c628|email_8a92dd837ca07e57da8e64ebb0c419b2|email_8d6aa1c19a5ecc71f7150721fb31c105|email_8d8cb5e4fbaef6363dcab23c8b187bb5|email_900392db048ff72d3fe02824ec153f9f|email_90d6eb872501a09717832e6fccf4fb24|email_91ff3dac3f80c141a97ae48754e6f14d|email_92a12a5dd27aca48348b6a5e75bc8913|email_94100dc0d93a15b6cb9fc735da370e35|email_945187cb216622f766edbb43e51e95d3|email_94728028e223f1e716beffd3ed573e0a|email_9489dd31ffda46c32a1a72d9ad79a5e4|email_969af79ff67da68cf47558b3c186cadd|email_991154cb142dd63c23fea45ae80e2dcd|email_9991b6ccab16050b2932f63a8d728c10|email_9af4aed2b96716058448f6c74848b696|email_a025de75068a7b9cf0d1a7c65f759cde|email_a1ec65ffbe6137856bb54e26f1cd3636|email_a398b6f4a84b5b3312689972a9066dbe|email_a442b4e98a02fb8e50273a1c2a0fdb4c|email_a70426092d4acb4301eafa278e9cc651|email_a71fb79e21b7763bb2ce0b6d464cd021|email_a9d316be4827127a1ecf7b9abd722839|email_a9fad3f4017045918bbcae0d867288c9|email_aa4820076b27820aa3069a91b61c6dde|email_ac56853add8ee7ede99b66cd54cce169|email_acf22c8ebeb02b68cebe1c41152cc8f9|email_ae2f23c7607b2b87a183496f9ea3325e|email_ae6a6861fa155c35d3f994860814486e|email_b04594caf34650b793b475fb8e260fc8|email_b0996cdb10a4ae886a8cf58e7902b237|email_b1bb2c7714f12f60f90d9ac892be3538|email_b2db27af9d0202e2e15375aafea6d70f|email_b389622d0d90ce6027a8455d37abf48c|email_b4570483dd5f33f7b446f8b24b36eb2a|email_b48fa119ff2b7e759e3edc93ec37b593|email_b532f8870aa50565726d8b1aedd0a3f4|email_b87e8a879508b94957c967d0fdf3e141|email_ba094ba6d68d73747f05c3a3dbe50e38|email_ba266667e66e0ccaab477de4e541f847|email_bac678191c3bfc0004af4f130776ac4f|email_bc5978e63d4197ab026403a04395fc78|email_bd42c9ed3f1dbae06fb2e61978382072|email_be2eba83e60068ce8131194ff1360489|email_be3b53f9e5372f27512f7f1ff51465d4|email_c1b35ab4b82ebcf0045abe2c31b1101c|email_c215f380743da7f9a06fffc01b91c385|email_c21b42715a28290f96dfc9214ceece1c|email_c68574e1bc5bca4e761b25bb796fb31b|email_c6cab2ca6d2d64eabe4f21fbc77894db|email_cad143779da86a85f121183a7b45bdda|email_cb60d7cbde7693195c9569f213265bad|email_cbe9187e2ae3149f6fdd04dcf7468a3f|email_cf561f914f2f4d344a59b3090c8044e2|email_cfc66ecc27b876dfe80001530f170170|email_d0c68df88479158691b27375b55192d7|email_d1f5288524cfeabe3d3ed728bc0fb670|email_d3fa835f0e2dfc1989f2a75ab9418052|email_d5524a1bac59b9e583d40d45901b8b46|email_d7c982ee8fa8fe15435706a078bb7f2d|email_d82612b4d6f745e0b473e533ebbf684d|email_db1edc300b3625b69cb6515af42499a2|email_dc32adf2996c97f3fad5c2abf2388dc3|email_dc7b6b8dd7922a1c88742dc72c0b97ee|email_dcd47a4cc1d0569d49e83e959011fef5|email_dee15a37106c94225d649982f911ef77|email_e0343e3963c795a47eff77444cf93767|email_e5f50b559592c681bd09212690369228|email_e61df49b36113a1505cec9ebd63d8d77|email_e6c1cfc6f265b5d114578330c2d4e57d|email_e6c1f5369286e84212c976bd578ced72|email_e71503d3e67dcd93f941cc6e80550be8|email_eb6eb036de8cadbc16b6be283d1a0f41|email_ebfbbbe6220498428891d5d1afa9cdb3|email_ecb23dda4dcbe2686fdd297384f0ddaa|email_ee7c8c59a41f43d44b577fc25c6868a4|email_efc182aea05e2948cf1a98ff3a05dfb1|email_f33fb632c708cd48f5fed1323a476e85|email_f3653cbc91928202877646abf8b75569|email_f57ef7963ff45cdbbc7668f47bc26c5a|email_f6ba164e4ad699a83d563663ad42e988|email_f8740dcdc1ff48c1e3d2a5201c6162b8|email_f98547ed0599064b8bb9f89e5e6363ed|email_f98c0a7294cb1a352ddcc25cb5024aeb|email_f99284ae6fafc7aac7284ec91bceb49b|email_fa4c07944ebb85357411432e386f1ca4|email_fc3b67ecbc242056bb5c6189bc06cd74|email_fcf204c5bf819e64103342182df9dba6|email_fd504b1f8ccae4b7ea9a9e2c857cfe09,"raw_hashes=198, full_hashes=198, body_hashes=1"
exact_cluster_cbb39be802f02981,exact_normalized_body,13,email_c2ecd3a0261c2960bbeebed70b349264,epvme,email_22be6f808671de41db76caceb56f5aa0|email_455e598766be267498147ff8b20d7652|email_586729cb2b58008bf81ec376ae71b3d2|email_72b9b0c7efcef4e221b946d94bdf1404|email_74c04074f201b5af7fb53d36cb3d7500|email_7a343c13e4080c8866db9f6145446f54|email_7af4eeb4be5f911acd38250a999c6810|email_8d73ea13a22821b5b56336335346747c|email_94ad5216eff0fc7bc52dcb3db63471f2|email_c2ecd3a0261c2960bbeebed70b349264|email_ddedad3b208be2a53ec84d659815982f|email_eb0c0d753c6b95fe75b4b4694dc1081a|email_fee4e661b635bfa6f5fca548d428ce73,"raw_hashes=13, full_hashes=13, body_hashes=1"
exact_cluster_674c83fe7c078688,exact_normalized_body,4,email_8569aa80c05623fc83e5496a87bc06cd,epvme,email_8569aa80c05623fc83e5496a87bc06cd|email_ab4387b7195ca39aac3cdea67158af42|email_ad2d9e000eb2f35bcc5b898df6080932|email_ed10517b27b69a0a15341729c2be143c,"raw_hashes=4, full_hashes=4, body_hashes=1"
exact_cluster_2619e85178af5f1c,exact_normalized_body,12,email_1d87bb1d1e36f9cb5d972b424c944279,epvme,email_1d87bb1d1e36f9cb5d972b424c944279|email_6a58888b7a1926cba35147136902da82|email_701a9dcfbd85f5734b4fef8bbd02dd74|email_86ecf1e4c4e54738aa91f2e1a08cf427|email_8e386183a946408d1d6405fec8eccaa7|email_a9bc9840f69825b5f3598ed1e1e1cee7|email_aecc5cfcc049d748c76063a0ad40dd58|email_b5b670d53c17bf6a2f42111bf3ce5d04|email_c148568d81800af6f4996a8f49de2ec0|email_e5b18ae4e13005a931ffeaa630390482|email_e8b4a32cbb335280b1dcc57f934d60e6|email_f10429ead44f4a31003ffbd3d3fdefec,"raw_hashes=12, full_hashes=12, body_hashes=1"
exact_cluster_30a9d31a534249df,exact_normalized_body,2,email_c5be057f9af8c388809284b0328351e8,epvme,email_9a1fc103c1d3cbd8af28458134712a42|email_c5be057f9af8c388809284b0328351e8,"raw_hashes=2, full_hashes=2, body_hashes=1"
exact_cluster_b114f4c0dcc9518f,exact_normalized_body,3,email_9602c65f95ecf303a57e643ef623e799,epvme,email_0cb5e3d9f7b84273491813b06591f54f|email_56583d37a8a86cacae91dcf8e3d02d6d|email_9602c65f95ecf303a57e643ef623e799,"raw_hashes=3, full_hashes=3, body_hashes=1"
exact_cluster_49aa5c7c9b2171c6,exact_normalized_body,9,email_c705f9178a96e613c76424f6a54005b9,epvme,email_10d43da7c7c9b848c77f8fe3b0967e59|email_6a1f3c896803f3ceb806222db1eda734|email_6e85409ad371b2d6cecac3500bf1a52e|email_748c1b76b324468db03a43caddd056c7|email_7aedfbffb9e7bc954a2e68ec8bd12fb8|email_bb63d3d72b3997a5ccc36e4384f689db|email_bf8c42548d0ae57b43d6148833ca1881|email_c705f9178a96e613c76424f6a54005b9|email_e28a01fe73a4b1e791ae644bb091c760,"raw_hashes=9, full_hashes=9, body_hashes=1"
exact_cluster_6898d72a21405808,exact_normalized_body,2,email_e256b71c92711ee4e0a824d3b2bddd1f,epvme,email_037922aec098d08ab0600f1e9ad75ffb|email_e256b71c92711ee4e0a824d3b2bddd1f,"raw_hashes=2, full_hashes=2, body_hashes=1"
exact_cluster_dabab00d3fa6781e,exact_normalized_body,4,email_149d9913d0199692f9c69bbc27d13a90,epvme,email_149d9913d0199692f9c69bbc27d13a90|email_1deca2cf38197538873540131ce4edc7|email_70f8a7f7596e958116ef565ac1fec012|email_ecfe9df58ad5a666b86150e0caba92f8,"raw_hashes=4, full_hashes=4, body_hashes=1"
exact_cluster_b244d82f5191b5e6,exact_normalized_body,2,email_a3a3600590e87cd2290cf46d794ed1d2,epvme,email_0f22fa595797a84d09c7c6017d154af5|email_a3a3600590e87cd2290cf46d794ed1d2,"raw_hashes=2, full_hashes=2, body_hashes=1"
exact_cluster_13ecb43d96d52c17,exact_normalized_body,3,email_f65ed52d6415f2297e152500cc572b72,epvme,email_0391a9cc6fa1897baac98cf78f11accb|email_194a3514f74dfdfb591d850cfd312c62|email_f65ed52d6415f2297e152500cc572b72,"raw_hashes=3, full_hashes=3, body_hashes=1"
exact_cluster_77f86bd1a0b0edfc,exact_normalized_body,2,email_afdda9b3bacdd76d6635186664b62e2c,epvme,email_a4cb5b2069bb6cfd3cc47d5a6a4b04d5|email_afdda9b3bacdd76d6635186664b62e2c,"raw_hashes=2, full_hashes=2, body_hashes=1"
exact_cluster_9927852cb299e079,exact_normalized_body,2,email_7eb76f9bb2d5f8fd0aca717f2927eed9,epvme,email_7eb76f9bb2d5f8fd0aca717f2927eed9|email_f3f50727427bc7857d8c1ba65f5e9e86,"raw_hashes=2, full_hashes=2, body_hashes=1"
exact_cluster_b582c1f2654dde1c,exact_normalized_body,3,email_2fd600d4fbc7105ba19af52cba4810f9,epvme,email_2fd600d4fbc7105ba19af52cba4810f9|email_8747a3b47c0d3031a2f4d7e0aedba6c2|email_9342179ffb8e5464b34a9bf308655309,"raw_hashes=3, full_hashes=3, body_hashes=1"
exact_cluster_4f20f105346ecd65,exact_normalized_body,3,email_37337976f6d86898ffdc9de6722138ce,epvme,email_282e14ba17d4864aada8bce63989ee46|email_37337976f6d86898ffdc9de6722138ce|email_e00e7983a4e79daf8f77f2b96bfe0ea7,"raw_hashes=3, full_hashes=3, body_hashes=1"
exact_cluster_f6c29cef9f90d501,exact_normalized_body,3,email_f2782921a82b689f33ee67c1fcb9ac85,epvme,email_04ae9682216298b8f7c58f39d2f04d79|email_1b717b5b5622edf1f954f08798a1ea67|email_f2782921a82b689f33ee67c1fcb9ac85,"raw_hashes=3, full_hashes=3, body_hashes=1"
exact_cluster_3e156a4beb7c0fef,exact_normalized_body,2,email_ab6d7e0e79c08d5e8fc31bc0070ec911,epvme,email_3d39f378e5c451fc49e4ca097f6f4a5b|email_ab6d7e0e79c08d5e8fc31bc0070ec911,"raw_hashes=2, full_hashes=2, body_hashes=1"
exact_cluster_59be6995397c1099,exact_normalized_body,2,email_d9a6a5460a7dde214839cde75a84adb4,epvme,email_2840e22f0fe832df79e2689627e9c94c|email_d9a6a5460a7dde214839cde75a84adb4,"raw_hashes=2, full_hashes=2, body_hashes=1"
exact_cluster_fb0829d5edd41b89,exact_normalized_body,9,email_2e3f31893bf00fa32e2233b5658b8dee,epvme,email_23342e8c23c1bf6d39d27fc5d40ec75f|email_2e3f31893bf00fa32e2233b5658b8dee|email_3f5ba3af763aee3bcb1decbe5dab5c22|email_5d9c23e916febe2d518d21ed60712889|email_b1beef821d84d02b110a6ebd231ec900|email_b4c669a8b593459525f17e5db13cb330|email_cd685a6e744c8b396b658ab62c5c5dbd|email_cd78eb461ffa03fc3c910eb5a30eb151|email_cf7a61fcbbd83e1cc1cc47afa2cdbf65,"raw_hashes=9, full_hashes=9, body_hashes=1"
exact_cluster_5ffee07afd60eee6,exact_normalized_body,2,email_b22749197adbe96bcb19266b431a2e24,epvme,email_21d066c225c1c661b019c7d8de1dc635|email_b22749197adbe96bcb19266b431a2e24,"raw_hashes=2, full_hashes=2, body_hashes=1"
exact_cluster_34afb3dd4075462f,exact_normalized_body,3,email_7d9f7a0379892232116aa5aa9b34548c,epvme,email_2a6d9a175fa6894208c3121a4057167f|email_7d9f7a0379892232116aa5aa9b34548c|email_b9e7bc2a818de954f9f601be637359c6,"raw_hashes=3, full_hashes=3, body_hashes=1"
exact_cluster_f3e1abad96be6ea1,exact_normalized_body,3,email_642ca33730d2f847d9c0c934f2faadff,epvme,email_168badd55d543e060540b921deb0b385|email_642ca33730d2f847d9c0c934f2faadff|email_cf89e846feab05c87fc5ea8032ef62cc,"raw_hashes=3, full_hashes=3, body_hashes=1"
exact_cluster_c11f5b461deccafe,exact_normalized_body,4,email_08ca9af92ddf92304cc176bd2e247a19,epvme,email_08ca9af92ddf92304cc176bd2e247a19|email_1bf05c7b59c4b34150ca131bf0d49857|email_41ad06a36e273e8fcdecd641cd8ac2a2|email_90d949830abf188ac2031acd04181a66,"raw_hashes=4, full_hashes=4, body_hashes=1"
exact_cluster_3dda2eb7e8036d8d,exact_normalized_body,3,email_eea6027aeb216b460e4e27c427aff6a1,epvme,email_6c887ed98772525499dd24f377b0ee22|email_76e763cd872576c0003bfef3186632a2|email_eea6027aeb216b460e4e27c427aff6a1,"raw_hashes=3, full_hashes=3, body_hashes=1"
exact_cluster_60323c3708f2c9eb,exact_normalized_body,4,email_9075092c2e0b750d2332311f1118e161,epvme,email_22890ab17513005b075998a86055a77a|email_3b15156b74c91666c65f9513d0dd899c|email_9075092c2e0b750d2332311f1118e161|email_c06a7b36ffaa7aded13d8f4192b110ed,"raw_hashes=4, full_hashes=4, body_hashes=1"
exact_cluster_bae008878453d541,exact_normalized_body,2,email_e055c6abc137dd773dbe7e6e37209fa4,epvme,email_71550963ef8471dd7c266cddc9b23bee|email_e055c6abc137dd773dbe7e6e37209fa4,"raw_hashes=2, full_hashes=2, body_hashes=1"
exact_cluster_ad6fbcb689df4651,exact_normalized_body,60,email_c7854f4ff85d02a0acc5d90551539ba4,epvme,email_0300cd8512fe6817e47724a29367f8eb|email_0505475754b80306fc068a64589d06d6|email_05cfc1500479e1573aa425bfdf5332ae|email_132fef92a64bfff1ee2aebb216c328d3|email_1d3c7ced2b8a6486b46dd3e5e51fefc7|email_1fa4209b39557cb1c7a6491ff15605e0|email_238c44ffa003b517cf1987b04cbe5c39|email_239d7b1f1a3f628d3b55ca0abe184c54|email_25aaf3bb7237f7a1cf7cc773fca0be2f|email_2f1d90494f84bca85a64075c80ea38a8|email_307fe8bc1b1ab583fa0ba84ccd54cbd6|email_35ecd17d3827604df9c1fd2516194a38|email_37ce1280853c2047060410d9e2ae065a|email_38dbf838630a608a5b9afe05c1afaaef|email_398c0287e4b6a9ab73e577fd49c6ffe6|email_3efab133c1bfba109f8ac9b718609fdd|email_47a39b8d056acaac033a4c7eec6e536f|email_4cf8496a9fc80b9d1d906bafffb78a6b|email_4db589f23f3841a785d63900e50626f2|email_5041831a6899a86e167a22285e457e8f|email_53ab202e1f85c31f75ddacde3bd7f13c|email_53eb6073d971f2f4de2f4aca71ee5d88|email_6113f9f380d6f75341fe80562ac1e0b9|email_61308e9d7274d7323c51f7c454319597|email_69839b363bbdd6497a69f07c85d6b48a|email_6b0854ed1526684973bf2ed1adae2350|email_6b66bcad3a4d05554e731fa76afb69bf|email_7060f15e7ca7a7a5b0e72410399640d8|email_72fe97bc9ace741f84f08595cb2480a7|email_789adf007e3404c50ddc234936541e03|email_7910bdc4db70f10b69dcfd52dc86af7e|email_7a7b1befb9e249c7737cc7e16e0be527|email_7b3f6ec67bf02e41a331e3d3c3c3a596|email_7ec343274ec9003ce059ed9eea64d366|email_993aa6fdef5ce1b2aeb6e9dc9b01ea28|email_9a11fd6e7d62a26900984841522d9a16|email_9d9d079f13aec0608df0527ae1dfc199|email_a53a0d2ac3367bc3fdb9417b0d8bc246|email_a86cf3f4fd8aea35fce3145654649a4c|email_b334852aff72804096d8ed2fdc911d96|email_be541c4d3bbf153894c7c5764a470779|email_bffbb34dd33570ef2716687ec07ee130|email_c01410dbd354ff6fba6881d2e220ccd6|email_c33bb8be742ca5f5da49564eabf84d37|email_c70b52cedc8b55a81dafb3cc4041a1ad|email_c7854f4ff85d02a0acc5d90551539ba4|email_c816995df6bb755494d57a5932a83f57|email_c9f8dc665d18df7402fbbcf1f981aabc|email_d4467d1ca83c8c113f819f054b0077ff|email_da6f6470852d6becc7a45829a41cd5c6|email_e51f555e12c27c3369d304570884ca1a|email_e9240083fccb7c333e03620b060746fc|email_ee1e0d0b79fddbf88463de325146b337|email_eec78625c6cfd4fa84ec5430e4998ae0|email_f59558e92574a28212e8e837478e0a08|email_f776630afe77298e0b4e7c1d0fe29789|email_f7f16b447abd8e8d74d1c47a65a7fcc5|email_f9390955c5b4f9d9e73695bf995ead22|email_fcf69da604cd199060362ba03a65a675|email_ff6f45978d5f137a08495607a2713a54,"raw_hashes=60, full_hashes=60, body_hashes=1"
exact_cluster_8b5c4c9f95f93d88,exact_normalized_body,11,email_37bbaa7f39dc44a91fb7107d59c89291,epvme,email_219ccf3d1b8b58c7fb18897100a8cb0d|email_21f8357a0261062436f465fb205b331d|email_2a5105f12141fac5bf10a39d1f305ee9|email_37bbaa7f39dc44a91fb7107d59c89291|email_3a7c70d356e6722de9ae2986dd1eed47|email_3bbb7face4510ef9f4a39430b4e1d1fc|email_3cc0d71a72f19d40d3f968602510784b|email_485d670678d03d77014dfbb0c7940547|email_99616106f89988d04c66738fe41300b1|email_b78772be6b52ddf74352b2e7a4b8f83b|email_dd90881b322b5d49acca4bc4795f9051,"raw_hashes=11, full_hashes=11, body_hashes=1"
exact_cluster_6bd8d81f04186801,exact_normalized_body,5,email_2738ae9c1ed604a269823853be2f1799,epvme,email_1aec0770bd9f8f6afe14976890e93de8|email_2738ae9c1ed604a269823853be2f1799|email_7078cc87b9d6cf286793efdd107d8578|email_8b09da11471a6c82eba117e6e307bcd2|email_dbf28054bcae7a8bfc2b41125b46ab6c,"raw_hashes=5, full_hashes=5, body_hashes=1"
exact_cluster_42326a5dbf702a5b,exact_normalized_body,2,email_e3c09aca8fdb7bb3fd9d1b269bc16950,epvme,email_9008ba1e48ed2600937e4fef77621445|email_e3c09aca8fdb7bb3fd9d1b269bc16950,"raw_hashes=2, full_hashes=2, body_hashes=1"
exact_cluster_f97ba67f0b9abf62,exact_normalized_body,2,email_a19a2018df7b590e3c92eba7bbdfe7d0,epvme,email_94c53a3b532b81de3be38772cdc8d22d|email_a19a2018df7b590e3c92eba7bbdfe7d0,"raw_hashes=2, full_hashes=2, body_hashes=1"
exact_cluster_e917d8cf4e17d81b,exact_normalized_body,2,email_72f7a4dc9a1362b9173bb94e436e479d,epvme,email_72f7a4dc9a1362b9173bb94e436e479d|email_e68526c0e2c4dce39d83f1cedcc1a7ab,"raw_hashes=2, full_hashes=2, body_hashes=1"
exact_cluster_fcfa1f26bd48d22b,exact_normalized_body,2,email_c06717c1e7baffb6f1f02efd2acac22b,epvme,email_58f7d0335e27bcb207e0e9c73f7ae04e|email_c06717c1e7baffb6f1f02efd2acac22b,"raw_hashes=2, full_hashes=2, body_hashes=1"
exact_cluster_8b16303fbb8d6e9e,exact_normalized_body,4,email_dfa1d1b7876e26af34922910307c6e54,epvme,email_587c7defd46e7ab61020945a301022c6|email_58f5d70034afb78118f021113adb9802|email_dfa1d1b7876e26af34922910307c6e54|email_f13e06a82465e2a569d00664bd09322c,"raw_hashes=4, full_hashes=4, body_hashes=1"
exact_cluster_fe36dc4bd7bc3e41,exact_normalized_body,3,email_ff27ee812f68d4886f641930dd872af0,epvme,email_2a8d2113d139e1548f9432c81e30313d|email_e75adf24ad0e2bc2259e9a274bcd44cf|email_ff27ee812f68d4886f641930dd872af0,"raw_hashes=3, full_hashes=3, body_hashes=1"
exact_cluster_b27f05f04a35e2a6,exact_normalized_body,2,email_344391b58fa60f61711f2095bccff950,epvme,email_1d08b3ad6ca6a5046c4d906c241b7914|email_344391b58fa60f61711f2095bccff950,"raw_hashes=2, full_hashes=2, body_hashes=1"
exact_cluster_da534899d7fb95cd,exact_normalized_body,3,email_cae3cc0a22f8d5b19aa9da45e02a374a,epvme,email_42777a1208afc39cd99a2e2ce5a7153e|email_69e55c78da5e8a51c3bdb58c216673f7|email_cae3cc0a22f8d5b19aa9da45e02a374a,"raw_hashes=3, full_hashes=3, body_hashes=1"
exact_cluster_aff3654ec86a19c4,exact_normalized_body,2,email_45eca26a371571aa9fdcfe89d66f06d1,epvme,email_447ce0d1194b1a9c0dc7444477448234|email_45eca26a371571aa9fdcfe89d66f06d1,"raw_hashes=2, full_hashes=2, body_hashes=1"
exact_cluster_fa6f6e61278403df,exact_normalized_body,2,email_54426939adecd3e00a8f576fd8468b53,epvme,email_54426939adecd3e00a8f576fd8468b53|email_5c9f1a5e860ddc1224c1dd0092c39195,"raw_hashes=2, full_hashes=2, body_hashes=1"
exact_cluster_2a30ce5adc51daf4,exact_normalized_body,2,email_65f6cbca7db26836473d071bbedf844a,epvme,email_65f6cbca7db26836473d071bbedf844a|email_d425e0980495b4018ad05853043a5545,"raw_hashes=2, full_hashes=2, body_hashes=1"
exact_cluster_91bdda5aa9a3f096,exact_normalized_body,2,email_627ef5e4db21534460bdbc0615f1aebc,epvme,email_627ef5e4db21534460bdbc0615f1aebc|email_f10fc1830fc3fc07fcd1980e7cdeb99e,"raw_hashes=2, full_hashes=2, body_hashes=1"
exact_cluster_5c414780098faac1,exact_normalized_body,3,email_6803ba2661d58d8af11978c4c2f6c794,epvme,email_6803ba2661d58d8af11978c4c2f6c794|email_d9f7d6d88ff223ac520f8433bca94614|email_fbd2987ae75652d78684b5a6027435d5,"raw_hashes=3, full_hashes=3, body_hashes=1"
exact_cluster_1b088b8d9d68e953,exact_normalized_body,2,email_0d9fa1e25e4d2b19b6614be318732388,epvme,email_0d9fa1e25e4d2b19b6614be318732388|email_c5f96498fb127d92885cb306deb982eb,"raw_hashes=2, full_hashes=2, body_hashes=1"
exact_cluster_9cfc3c59f60945ed,exact_normalized_body,2,email_0395ea7bf4e997d02e841bfa4a56c76e,epvme,email_0395ea7bf4e997d02e841bfa4a56c76e|email_84a1e5a7e80acdec063811abaab105b1,"raw_hashes=2, full_hashes=2, body_hashes=1"
exact_cluster_a7a2049f131e0290,exact_normalized_body,4,email_8fda66863081bdf99ab14bc81c5fa19c,epvme,email_3c6f0586aa1c1131ce8b18a7f7f7991b|email_8fda66863081bdf99ab14bc81c5fa19c|email_a1e93caef65a32eecfcd7b37143f2bca|email_aec1ecb2945e6c93ca6b83371df84692,"raw_hashes=4, full_hashes=4, body_hashes=1"
exact_cluster_3b58836b893b59d8,exact_normalized_body,2,email_4c97a1ff89a15b1a20942bae1a2a8cc9,epvme,email_087330b5640dc0cf45c15e0e50ff74e9|email_4c97a1ff89a15b1a20942bae1a2a8cc9,"raw_hashes=2, full_hashes=2, body_hashes=1"
exact_cluster_7460a19d9fe1da3c,exact_normalized_body,2,email_ead8262b321d7a3f3cd5cb5f6dd518b6,epvme,email_2985efb25ce934767b0b2589215e10ca|email_ead8262b321d7a3f3cd5cb5f6dd518b6,"raw_hashes=2, full_hashes=2, body_hashes=1"
exact_cluster_d3c4f86507320794,exact_normalized_body,2,email_607a2dbd813e9c8b4a78dcff3709b9e8,epvme,email_168636012e4bca6e57e4cb006bc96407|email_607a2dbd813e9c8b4a78dcff3709b9e8,"raw_hashes=2, full_hashes=2, body_hashes=1"
exact_cluster_508a73dc0e1f74eb,exact_normalized_body,2,email_eea3f05fe015c89573f48d1831316601,epvme,email_eea3f05fe015c89573f48d1831316601|email_fd83362c0026814df7505a2ce7115421,"raw_hashes=2, full_hashes=2, body_hashes=1"
exact_cluster_379ca43b18c35947,exact_normalized_body,2,email_78584b15f181bf35909a3f184533c1e1,epvme,email_78584b15f181bf35909a3f184533c1e1|email_c6a40a4be4bbed03b4b4ad67d2cc4e5c,"raw_hashes=2, full_hashes=2, body_hashes=1"
exact_cluster_71f715fa3a473b14,exact_normalized_body,2,email_0573490f51e4e4e366718e6a02d53673,epvme,email_0573490f51e4e4e366718e6a02d53673|email_ce85cdcf25d390f96725e3672a38f08f,"raw_hashes=2, full_hashes=2, body_hashes=1"
exact_cluster_127e5342dbfedb79,exact_normalized_body,2,email_ae7ca05ffeeff5917d13371c5e1a50ed,epvme,email_988463fdf420906a9d9acba2868b59a3|email_ae7ca05ffeeff5917d13371c5e1a50ed,"raw_hashes=2, full_hashes=2, body_hashes=1"
exact_cluster_2c00398e8efba882,exact_normalized_body,5,email_25d028ba29760483173d758466d26c97,epvme,email_25d028ba29760483173d758466d26c97|email_2f9e59bd6816088b322447369bb6f481|email_9ec4e704a92801c9b9155e8f92c2eb71|email_dd030a09d065c448f00a412e2c4ab6ff|email_f059ba206f37e9b2f837df8154cedb5f,"raw_hashes=5, full_hashes=5, body_hashes=1"
exact_cluster_0cd4c68f41d3e9da,exact_normalized_body,3,email_f01a8bbff2596a71bcdfd435185f8797,epvme,email_4ce6cf0d68bf4a091ebb7b4e0c074aa0|email_6320ed83fb10f4e995627bbe98cf31e9|email_f01a8bbff2596a71bcdfd435185f8797,"raw_hashes=3, full_hashes=3, body_hashes=1"
exact_cluster_cd3b631a7bea9614,exact_normalized_body,2,email_f36b02214280f75b179f944289d177b6,epvme,email_0e739b424ec05fb23915ad9774e3ae91|email_f36b02214280f75b179f944289d177b6,"raw_hashes=2, full_hashes=2, body_hashes=1"
exact_cluster_dfe461b3fe733fa6,exact_normalized_body,4,email_21149613f44f8fcc8a2683f2349318a9,epvme,email_113d8c995424f8bbcf204b2a8b67d478|email_21149613f44f8fcc8a2683f2349318a9|email_69183ef2eb2308e1bb283a8fadec606e|email_e099110d38d8b173fb9f62e44c20df93,"raw_hashes=4, full_hashes=4, body_hashes=1"
exact_cluster_fdbe134a122b0408,exact_normalized_body,4,email_af095ae226c8273fc03809910f64af3f,epvme,email_212ba923bf34e9d4f5c3c605cabac1d0|email_af095ae226c8273fc03809910f64af3f|email_fa4a17a55b5afc1ec71549332422408f|email_febc226f59fdc165769b585dfc4ec62f,"raw_hashes=4, full_hashes=4, body_hashes=1"
exact_cluster_e17f6f93fb69fd07,exact_normalized_body,3,email_f8b11fa254b5f6dc82ca38d5a9ea4c7c,epvme,email_62b78fcd3fb5e3a5a6f32891cc0670c4|email_b6df8d6f2ce73a1016a0426d8046a638|email_f8b11fa254b5f6dc82ca38d5a9ea4c7c,"raw_hashes=3, full_hashes=3, body_hashes=1"
exact_cluster_b1b6a682f147ba9f,exact_normalized_body,3,email_8f2684bcb307814807410e3ed4613906,epvme,email_1c213d8aa5dcaf86c0bf9a0328adb0ed|email_8f2684bcb307814807410e3ed4613906|email_b8197a4246c1b9be8eef2ebae292d5df,"raw_hashes=3, full_hashes=3, body_hashes=1"
exact_cluster_4c23ea86e45f9e4c,exact_normalized_body,3,email_17a90dd49ac7f3ad29c60001f30ce651,epvme,email_17a90dd49ac7f3ad29c60001f30ce651|email_ba65896c50902549571363ec3869f611|email_d30e6863d693aebc8f0ea0bf7087c621,"raw_hashes=3, full_hashes=3, body_hashes=1"
exact_cluster_6a64cab50ddd90c0,exact_normalized_body,3,email_fb9f17b4a97918f60cc187bca2c01fe4,epvme,email_22ff2859eae63c66ba3891b5cc6a8d3d|email_e141f23ce07f47e3a273a600544fc1da|email_fb9f17b4a97918f60cc187bca2c01fe4,"raw_hashes=3, full_hashes=3, body_hashes=1"
exact_cluster_03c9bc2d0a913400,exact_normalized_body,2,email_a099480fc7d648a4075c5d93d1f5b0b4,epvme,email_a099480fc7d648a4075c5d93d1f5b0b4|email_d30bda0b99262e43351e90fb8b49c75e,"raw_hashes=2, full_hashes=2, body_hashes=1"
exact_cluster_3d3ebc610cf3c1e1,exact_normalized_body,2,email_966330d625411154ea52e9d14576e4eb,epvme,email_29f70007e51bf6a05c220322370b25f0|email_966330d625411154ea52e9d14576e4eb,"raw_hashes=2, full_hashes=2, body_hashes=1"
exact_cluster_850268f27ec0e8a4,exact_normalized_body,3,email_e6a4890eac8a5c2a17e05347a34037d5,epvme,email_1fdf7f2f63e980b6420ef5d7c0a25828|email_27dcfd0a9438d232cb375ad39d5f0e89|email_e6a4890eac8a5c2a17e05347a34037d5,"raw_hashes=3, full_hashes=3, body_hashes=1"
exact_cluster_9fc271c1a7c2184a,exact_normalized_body,6,email_99daa66607152a96938b1c90a0f7645c,epvme,email_37476d173ff7cf253b0831fe7aa52d96|email_495d4eec4b2e9e22ff8f9745809e4796|email_4ba4f4436859718b8bb6f5701052d695|email_99daa66607152a96938b1c90a0f7645c|email_dd35193c8cd5b7f9422e2f3765c70232|email_fe9661f1585d5cca8ebf24ac5bd31409,"raw_hashes=6, full_hashes=6, body_hashes=1"
exact_cluster_b3318a0e0cb7ea9c,exact_normalized_body,3,email_4f8196233c34f3baf1f1fe1f4724dbcf,epvme,email_4f8196233c34f3baf1f1fe1f4724dbcf|email_7752bc07879e7bdfec91aa51b462bf81|email_f03e6e714f0d64e43e33f10d398b2259,"raw_hashes=3, full_hashes=3, body_hashes=1"
exact_cluster_ea5d5be25b6d50dd,exact_normalized_body,2,email_468c4566a3e6de8c686325781e9e6dc9,epvme,email_468c4566a3e6de8c686325781e9e6dc9|email_847724a75d75978873f175b7aa710ef1,"raw_hashes=2, full_hashes=2, body_hashes=1"
exact_cluster_a04ffd778a94fde1,exact_normalized_body,2,email_06957a994eed947e94e7afbe03fa6538,epvme,email_06957a994eed947e94e7afbe03fa6538|email_8a174d2958182fb3a63d439ff54472f2,"raw_hashes=2, full_hashes=2, body_hashes=1"
exact_cluster_ed811c2f696b2b4f,exact_normalized_body,3,email_06f2d63dce9c24519fa2158860a3ad18,epvme,email_06f2d63dce9c24519fa2158860a3ad18|email_d754ba3ee1437866c2488d32a738b79b|email_defc217a18afb45b90293febd25c037a,"raw_hashes=3, full_hashes=3, body_hashes=1"
exact_cluster_963a98d57c70fdce,exact_normalized_body,2,email_29da127bdf256de2326c6cbe5206e744,epvme,email_29da127bdf256de2326c6cbe5206e744|email_fc0cf19075c0ca6c0ee4fc5485ef6be5,"raw_hashes=2, full_hashes=2, body_hashes=1"
exact_cluster_59478c56413fe22c,exact_normalized_body,2,email_1dcf1913033388acc1494287d9c1deab,epvme,email_1dcf1913033388acc1494287d9c1deab|email_e8a569511b9686718f64bb2a9327b770,"raw_hashes=2, full_hashes=2, body_hashes=1"
exact_cluster_807dae392853b62e,exact_normalized_body,2,email_95a89283141daa5ed572833138f06995,epvme,email_132b00473e0338a57e81d09ff8dd8bfe|email_95a89283141daa5ed572833138f06995,"raw_hashes=2, full_hashes=2, body_hashes=1"
exact_cluster_9a2402b690acfd80,exact_normalized_body,2,email_8ae0364b4420fd9a8dc9368916be649f,epvme,email_7db37cc2e777a5664ca8c74df38c733c|email_8ae0364b4420fd9a8dc9368916be649f,"raw_hashes=2, full_hashes=2, body_hashes=1"
exact_cluster_c410c81ae3f022e1,exact_normalized_body,2,email_9e7537333a68c1cee09acca35be2b5b9,epvme,email_9e7537333a68c1cee09acca35be2b5b9|email_c68f711db61eb793f4c8c3b15728a61c,"raw_hashes=2, full_hashes=2, body_hashes=1"
exact_cluster_b2fb960e0df52b40,exact_normalized_body,2,email_986287da5a8928f54b9944f9137ca5bc,epvme,email_986287da5a8928f54b9944f9137ca5bc|email_b00cdf7ab9e8e8e87d4112dcf21bf67d,"raw_hashes=2, full_hashes=2, body_hashes=1"
exact_cluster_7dd572edfabf823e,exact_normalized_body,2,email_3fed25d8cfd1f6ad963a00a2ce90bd1e,epvme,email_3fed25d8cfd1f6ad963a00a2ce90bd1e|email_d965598bb6621b446d23d9a083f9b43a,"raw_hashes=2, full_hashes=2, body_hashes=1"
exact_cluster_ce9a83a768c1f5a1,exact_normalized_body,2,email_1b882ef239efd47534423f26f962d83c,epvme,email_1b882ef239efd47534423f26f962d83c|email_c20894883fa1b1324c1d0315a31a7df6,"raw_hashes=2, full_hashes=2, body_hashes=1"
exact_cluster_968b78f86a6db980,exact_normalized_body,2,email_b140e24143619c1191a1f9a8faaea472,epvme,email_954442f5530d3dbec072fe6705b53f59|email_b140e24143619c1191a1f9a8faaea472,"raw_hashes=2, full_hashes=2, body_hashes=1"
exact_cluster_476f590013cc269c,exact_normalized_body,2,email_44b1f5f5f7232293c7e73d88b34dd6ff,epvme,email_44b1f5f5f7232293c7e73d88b34dd6ff|email_6a7b5c1a9562da49dabc81245ac840e6,"raw_hashes=2, full_hashes=2, body_hashes=1"
exact_cluster_c3565b9af216a145,exact_normalized_body,2,email_87244b8e26c1dd052515d0424de46dbd,epvme,email_7a0b2803b538f1742365de06e80f0fd3|email_87244b8e26c1dd052515d0424de46dbd,"raw_hashes=2, full_hashes=2, body_hashes=1"
exact_cluster_a1865ca889382a1f,exact_normalized_body,2,email_be988adcd6b76e2d1c052f93239c1d8a,epvme,email_3385c9d8c7e1d704ab10409442ea1452|email_be988adcd6b76e2d1c052f93239c1d8a,"raw_hashes=2, full_hashes=2, body_hashes=1"
exact_cluster_32f2cf51ced1abcc,exact_normalized_body,3,email_607235be81e3838934d65d9f88ad9fbf,epvme,email_607235be81e3838934d65d9f88ad9fbf|email_a15429cf506f2f61211655542a962b08|email_bb7f777ec369b43c11196916a42933b0,"raw_hashes=3, full_hashes=3, body_hashes=1"
exact_cluster_b1447eb9cb9fb926,exact_normalized_body,2,email_eb414c7bae0c327c61854dc0cae5e19a,epvme,email_dbf73d8ea08b4baee4458d6c938f5ca6|email_eb414c7bae0c327c61854dc0cae5e19a,"raw_hashes=2, full_hashes=2, body_hashes=1"
exact_cluster_466e34b5370a98e4,exact_normalized_body,2,email_89522e780b4b0365d27c5ea098872d63,epvme,email_89522e780b4b0365d27c5ea098872d63|email_e3911d60f9c1777c1972eb3064dabb2c,"raw_hashes=2, full_hashes=2, body_hashes=1"
exact_cluster_43a18fbd681caba8,exact_normalized_body,2,email_70306f295e8d5618bd5a54f4d4e40582,epvme,email_346c3da7d6265cf4c6d755d24e6c8d3e|email_70306f295e8d5618bd5a54f4d4e40582,"raw_hashes=2, full_hashes=2, body_hashes=1"
exact_cluster_93e7d67010ea31d9,exact_normalized_body,2,email_98ed6b63ddef14fe579f9cffa9f4caa9,epvme,email_98ed6b63ddef14fe579f9cffa9f4caa9|email_c4c072c77a61d64b8b52e5102dd96531,"raw_hashes=2, full_hashes=2, body_hashes=1"
exact_cluster_92fdb5b839133da3,exact_normalized_body,2,email_f3e619496e7b55a02f8ce133d9320f7e,epvme,email_cc91e521454eecd9e2471df05d80cde4|email_f3e619496e7b55a02f8ce133d9320f7e,"raw_hashes=2, full_hashes=2, body_hashes=1"
exact_cluster_3c1224bf4e1cf47f,exact_normalized_body,2,email_25e6bdb88fb6b9c2b190667c71b92ccc,epvme,email_25e6bdb88fb6b9c2b190667c71b92ccc|email_7ba78f4928c1a83ef173f66c30efe6d4,"raw_hashes=2, full_hashes=2, body_hashes=1"
exact_cluster_2ceb27c18995e971,exact_normalized_body,2,email_2316f485a00003e3e44b795bb2746061,epvme,email_2316f485a00003e3e44b795bb2746061|email_942e7ec547038caaebe3a0006c18d289,"raw_hashes=2, full_hashes=2, body_hashes=1"
exact_cluster_1cb01e4c02ac0c56,exact_normalized_body,2,email_3814549bcb0865c5e968f704f4fb6af9,epvme,email_3814549bcb0865c5e968f704f4fb6af9|email_6f6573b13edf924de28ec632dd9bb7e6,"raw_hashes=2, full_hashes=2, body_hashes=1"
exact_cluster_5a0611a2269e4987,exact_normalized_body,2,email_e1fc44823a8040bc6e8b2616c27419c0,epvme,email_e1fc44823a8040bc6e8b2616c27419c0|email_ec5b2e8ef241a97a6fa4b9dfa2e13c8b,"raw_hashes=2, full_hashes=2, body_hashes=1"
exact_cluster_f3b1c64cb671b792,exact_normalized_body,2,email_10559ed12017b7bda4c826c25bb9eb33,epvme,email_10559ed12017b7bda4c826c25bb9eb33|email_5bc28d8bf992905173799e4ea9c15168,"raw_hashes=2, full_hashes=2, body_hashes=1"
exact_cluster_ce844bed6f43cc91,exact_normalized_body,3,email_c4a290d64e5cf3d2558b2f964380a881,epvme,email_12985ed45e5aacdf00dcd5627d3198d2|email_831b358455636da0f63d759a1db3fdec|email_c4a290d64e5cf3d2558b2f964380a881,"raw_hashes=3, full_hashes=3, body_hashes=1"
exact_cluster_0bc8a909d2e74a7a,exact_normalized_body,2,email_beab1b379edf106e673eff9c1a4b1083,epvme,email_299dee8fbd133dde8cbe5170b3410224|email_beab1b379edf106e673eff9c1a4b1083,"raw_hashes=2, full_hashes=2, body_hashes=1"
exact_cluster_1e18f897e08d50b2,exact_normalized_body,2,email_99f05247c197286eafa0380fb325ec35,epvme,email_85d596b018e038ada03a9bb187c2c452|email_99f05247c197286eafa0380fb325ec35,"raw_hashes=2, full_hashes=2, body_hashes=1"
exact_cluster_a26f9a76ad35e812,exact_normalized_body,2,email_ef11e1b9d41965e1861034a70d03f318,epvme,email_3a7ea5dce5edd80ac029edde43dee032|email_ef11e1b9d41965e1861034a70d03f318,"raw_hashes=2, full_hashes=2, body_hashes=1"
exact_cluster_4e34b772cdb5dc32,exact_normalized_body,3,email_55cf5bc7d330c1ceba3653a6830d1ca2,epvme,email_55cf5bc7d330c1ceba3653a6830d1ca2|email_789fc4183978ba092b79a9e115ff8e0a|email_dbd73121f30b9910fe612df93276a561,"raw_hashes=3, full_hashes=3, body_hashes=1"
exact_cluster_106f939efea98b98,exact_normalized_body,2,email_ab7fc9feb955e69e2b5c8cd779b4be9e,epvme,email_7b9917e4f4bd7b8baed234539ae6db40|email_ab7fc9feb955e69e2b5c8cd779b4be9e,"raw_hashes=2, full_hashes=2, body_hashes=1"
exact_cluster_fa70f4e85fe24acb,exact_raw_bytes,2,email_04080c15678f1314d0504214537068e9,ceas08,email_04080c15678f1314d0504214537068e9|email_04080c15678f1314d0504214537068e9,"raw_hashes=1, full_hashes=1, body_hashes=1"
exact_cluster_c53fc3433611dd9b,exact_raw_bytes,38,email_859bc1f70312db68357a40257b70ea89,clair,email_859bc1f70312db68357a40257b70ea89|email_859bc1f70312db68357a40257b70ea89|email_859bc1f70312db68357a40257b70ea89|email_859bc1f70312db68357a40257b70ea89|email_859bc1f70312db68357a40257b70ea89|email_859bc1f70312db68357a40257b70ea89|email_859bc1f70312db68357a40257b70ea89|email_859bc1f70312db68357a40257b70ea89|email_859bc1f70312db68357a40257b70ea89|email_859bc1f70312db68357a40257b70ea89|email_859bc1f70312db68357a40257b70ea89|email_859bc1f70312db68357a40257b70ea89|email_859bc1f70312db68357a40257b70ea89|email_859bc1f70312db68357a40257b70ea89|email_859bc1f70312db68357a40257b70ea89|email_859bc1f70312db68357a40257b70ea89|email_859bc1f70312db68357a40257b70ea89|email_859bc1f70312db68357a40257b70ea89|email_859bc1f70312db68357a40257b70ea89|email_859bc1f70312db68357a40257b70ea89|email_859bc1f70312db68357a40257b70ea89|email_859bc1f70312db68357a40257b70ea89|email_859bc1f70312db68357a40257b70ea89|email_859bc1f70312db68357a40257b70ea89|email_859bc1f70312db68357a40257b70ea89|email_859bc1f70312db68357a40257b70ea89|email_859bc1f70312db68357a40257b70ea89|email_859bc1f70312db68357a40257b70ea89|email_859bc1f70312db68357a40257b70ea89|email_859bc1f70312db68357a40257b70ea89|email_859bc1f70312db68357a40257b70ea89|email_859bc1f70312db68357a40257b70ea89|email_859bc1f70312db68357a40257b70ea89|email_859bc1f70312db68357a40257b70ea89|email_859bc1f70312db68357a40257b70ea89|email_859bc1f70312db68357a40257b70ea89|email_859bc1f70312db68357a40257b70ea89|email_859bc1f70312db68357a40257b70ea89,"raw_hashes=1, full_hashes=1, body_hashes=1"
exact_cluster_0c2948bebfe4a497,exact_raw_bytes,2,email_c56329f2b8e3d81a6a6e021ad399394c,clair,email_c56329f2b8e3d81a6a6e021ad399394c|email_c56329f2b8e3d81a6a6e021ad399394c,"raw_hashes=1, full_hashes=1, body_hashes=1"
exact_cluster_b3b660c2c9595b3a,exact_raw_bytes,10,email_cf42a575f07ec2f42efd757ab37ebfd1,clair,email_cf42a575f07ec2f42efd757ab37ebfd1|email_cf42a575f07ec2f42efd757ab37ebfd1|email_cf42a575f07ec2f42efd757ab37ebfd1|email_cf42a575f07ec2f42efd757ab37ebfd1|email_cf42a575f07ec2f42efd757ab37ebfd1|email_cf42a575f07ec2f42efd757ab37ebfd1|email_cf42a575f07ec2f42efd757ab37ebfd1|email_cf42a575f07ec2f42efd757ab37ebfd1|email_cf42a575f07ec2f42efd757ab37ebfd1|email_cf42a575f07ec2f42efd757ab37ebfd1,"raw_hashes=1, full_hashes=1, body_hashes=1"
exact_cluster_edc59bb711e07e0b,exact_raw_bytes,16,email_fec163f11d59e02703123c6efaaff9f1,clair,email_fec163f11d59e02703123c6efaaff9f1|email_fec163f11d59e02703123c6efaaff9f1|email_fec163f11d59e02703123c6efaaff9f1|email_fec163f11d59e02703123c6efaaff9f1|email_fec163f11d59e02703123c6efaaff9f1|email_fec163f11d59e02703123c6efaaff9f1|email_fec163f11d59e02703123c6efaaff9f1|email_fec163f11d59e02703123c6efaaff9f1|email_fec163f11d59e02703123c6efaaff9f1|email_fec163f11d59e02703123c6efaaff9f1|email_fec163f11d59e02703123c6efaaff9f1|email_fec163f11d59e02703123c6efaaff9f1|email_fec163f11d59e02703123c6efaaff9f1|email_fec163f11d59e02703123c6efaaff9f1|email_fec163f11d59e02703123c6efaaff9f1|email_fec163f11d59e02703123c6efaaff9f1,"raw_hashes=1, full_hashes=1, body_hashes=1"
exact_cluster_79f2939fabd8977a,exact_raw_bytes,3,email_d5eacbe6a2e4fead17f376629d42d0ec,clair,email_d5eacbe6a2e4fead17f376629d42d0ec|email_d5eacbe6a2e4fead17f376629d42d0ec|email_d5eacbe6a2e4fead17f376629d42d0ec,"raw_hashes=1, full_hashes=1, body_hashes=1"
exact_cluster_5190f81ddb4c7ca3,exact_raw_bytes,2,email_712a74da645d6208ec4e8a332a361331,clair,email_712a74da645d6208ec4e8a332a361331|email_712a74da645d6208ec4e8a332a361331,"raw_hashes=1, full_hashes=1, body_hashes=1"
exact_cluster_d3068d22a6b8baf7,exact_raw_bytes,2,email_227ce053cbe72f806fd2ad464ab3fcc4,clair,email_227ce053cbe72f806fd2ad464ab3fcc4|email_227ce053cbe72f806fd2ad464ab3fcc4,"raw_hashes=1, full_hashes=1, body_hashes=1"
exact_cluster_b79d00162afecd37,exact_raw_bytes,30,email_c229249a83d539449d412bafdf327263,clair,email_c229249a83d539449d412bafdf327263|email_c229249a83d539449d412bafdf327263|email_c229249a83d539449d412bafdf327263|email_c229249a83d539449d412bafdf327263|email_c229249a83d539449d412bafdf327263|email_c229249a83d539449d412bafdf327263|email_c229249a83d539449d412bafdf327263|email_c229249a83d539449d412bafdf327263|email_c229249a83d539449d412bafdf327263|email_c229249a83d539449d412bafdf327263|email_c229249a83d539449d412bafdf327263|email_c229249a83d539449d412bafdf327263|email_c229249a83d539449d412bafdf327263|email_c229249a83d539449d412bafdf327263|email_c229249a83d539449d412bafdf327263|email_c229249a83d539449d412bafdf327263|email_c229249a83d539449d412bafdf327263|email_c229249a83d539449d412bafdf327263|email_c229249a83d539449d412bafdf327263|email_c229249a83d539449d412bafdf327263|email_c229249a83d539449d412bafdf327263|email_c229249a83d539449d412bafdf327263|email_c229249a83d539449d412bafdf327263|email_c229249a83d539449d412bafdf327263|email_c229249a83d539449d412bafdf327263|email_c229249a83d539449d412bafdf327263|email_c229249a83d539449d412bafdf327263|email_c229249a83d539449d412bafdf327263|email_c229249a83d539449d412bafdf327263|email_c229249a83d539449d412bafdf327263,"raw_hashes=1, full_hashes=1, body_hashes=1"
exact_cluster_d89642d55191f7e0,exact_raw_bytes,3,email_a1c39b45c0dead34048a7a1faf303f90,clair,email_a1c39b45c0dead34048a7a1faf303f90|email_a1c39b45c0dead34048a7a1faf303f90|email_a1c39b45c0dead34048a7a1faf303f90,"raw_hashes=1, full_hashes=1, body_hashes=1"
exact_cluster_e8a390527f31fb53,exact_raw_bytes,2,email_2834f5a0445ba7157c4c8836506115e9,clair,email_2834f5a0445ba7157c4c8836506115e9|email_2834f5a0445ba7157c4c8836506115e9,"raw_hashes=1, full_hashes=1, body_hashes=1"
exact_cluster_bc4bc2594df3e859,exact_raw_bytes,2,email_4ea56b506d9b3575c8939b015fdaf5d7,clair,email_4ea56b506d9b3575c8939b015fdaf5d7|email_4ea56b506d9b3575c8939b015fdaf5d7,"raw_hashes=1, full_hashes=1, body_hashes=1"
exact_cluster_ab8d9fd122697f03,exact_raw_bytes,2,email_9ad2b255ab38c511daeb19aafab36ca6,clair,email_9ad2b255ab38c511daeb19aafab36ca6|email_9ad2b255ab38c511daeb19aafab36ca6,"raw_hashes=1, full_hashes=1, body_hashes=1"
exact_cluster_d5369a22fc2042b7,exact_raw_bytes,6,email_935a3c6b1a96b5feaea8d9f62e7515e9,clair,email_935a3c6b1a96b5feaea8d9f62e7515e9|email_935a3c6b1a96b5feaea8d9f62e7515e9|email_935a3c6b1a96b5feaea8d9f62e7515e9|email_935a3c6b1a96b5feaea8d9f62e7515e9|email_935a3c6b1a96b5feaea8d9f62e7515e9|email_935a3c6b1a96b5feaea8d9f62e7515e9,"raw_hashes=1, full_hashes=1, body_hashes=1"
exact_cluster_0fba66466917cd69,exact_raw_bytes,2,email_6a2cb76e852a225c122106f8bcb032b8,clair,email_6a2cb76e852a225c122106f8bcb032b8|email_6a2cb76e852a225c122106f8bcb032b8,"raw_hashes=1, full_hashes=1, body_hashes=1"
exact_cluster_f704bb7ec9b9e037,exact_raw_bytes,2,email_567b2d1d8be4eb61090f16c18016aed9,clair,email_567b2d1d8be4eb61090f16c18016aed9|email_567b2d1d8be4eb61090f16c18016aed9,"raw_hashes=1, full_hashes=1, body_hashes=1"
exact_cluster_31059915df47a9a4,exact_raw_bytes,2,email_6aa241a85203d6e22ae63b604bfa7513,clair,email_6aa241a85203d6e22ae63b604bfa7513|email_6aa241a85203d6e22ae63b604bfa7513,"raw_hashes=1, full_hashes=1, body_hashes=1"
exact_cluster_f7ed6aa8d03f555c,exact_raw_bytes,8,email_221b11b709248a6d7b45fc34bb7bc095,clair,email_221b11b709248a6d7b45fc34bb7bc095|email_221b11b709248a6d7b45fc34bb7bc095|email_221b11b709248a6d7b45fc34bb7bc095|email_221b11b709248a6d7b45fc34bb7bc095|email_221b11b709248a6d7b45fc34bb7bc095|email_221b11b709248a6d7b45fc34bb7bc095|email_221b11b709248a6d7b45fc34bb7bc095|email_221b11b709248a6d7b45fc34bb7bc095,"raw_hashes=1, full_hashes=1, body_hashes=1"
exact_cluster_7eacebfa6c9189eb,exact_raw_bytes,2,email_1741d519f912de05dc521ff8e3204955,clair,email_1741d519f912de05dc521ff8e3204955|email_1741d519f912de05dc521ff8e3204955,"raw_hashes=1, full_hashes=1, body_hashes=1"
exact_cluster_4bd64583edb4c9c6,exact_raw_bytes,2,email_3b0aa1c772b3e21f6cdfb41c8822caf7,clair,email_3b0aa1c772b3e21f6cdfb41c8822caf7|email_3b0aa1c772b3e21f6cdfb41c8822caf7,"raw_hashes=1, full_hashes=1, body_hashes=1"
exact_cluster_8990b31c6a15521f,exact_raw_bytes,2,email_1f599e34717015adf09caf6e140385df,clair,email_1f599e34717015adf09caf6e140385df|email_1f599e34717015adf09caf6e140385df,"raw_hashes=1, full_hashes=1, body_hashes=1"
exact_cluster_d313b157a313e230,exact_raw_bytes,2,email_f064a366a957351fb7e721c79ddd4182,clair,email_f064a366a957351fb7e721c79ddd4182|email_f064a366a957351fb7e721c79ddd4182,"raw_hashes=1, full_hashes=1, body_hashes=1"
exact_cluster_693624f4789c02b2,exact_raw_bytes,4,email_24c447f3c96beef289f33adaede1c354,clair,email_24c447f3c96beef289f33adaede1c354|email_24c447f3c96beef289f33adaede1c354|email_24c447f3c96beef289f33adaede1c354|email_24c447f3c96beef289f33adaede1c354,"raw_hashes=1, full_hashes=1, body_hashes=1"
exact_cluster_dfabf20b289b5c56,exact_raw_bytes,3,email_bd680f7c618aee9686b3a7937ce22e0a,clair,email_bd680f7c618aee9686b3a7937ce22e0a|email_bd680f7c618aee9686b3a7937ce22e0a|email_bd680f7c618aee9686b3a7937ce22e0a,"raw_hashes=1, full_hashes=1, body_hashes=1"
exact_cluster_809e7e3c50648ab6,exact_raw_bytes,2,email_e2be4f7f631bede516363b9f23d2b63b,clair,email_e2be4f7f631bede516363b9f23d2b63b|email_e2be4f7f631bede516363b9f23d2b63b,"raw_hashes=1, full_hashes=1, body_hashes=1"
exact_cluster_bdda6ad16077db82,exact_raw_bytes,4,email_e5ddffc33d55135635762d673cab7993,clair,email_e5ddffc33d55135635762d673cab7993|email_e5ddffc33d55135635762d673cab7993|email_e5ddffc33d55135635762d673cab7993|email_e5ddffc33d55135635762d673cab7993,"raw_hashes=1, full_hashes=1, body_hashes=1"
exact_cluster_2265aacee5191ae2,exact_raw_bytes,5,email_d7a8138978a7077130f8442f24d7c68a,clair,email_d7a8138978a7077130f8442f24d7c68a|email_d7a8138978a7077130f8442f24d7c68a|email_d7a8138978a7077130f8442f24d7c68a|email_d7a8138978a7077130f8442f24d7c68a|email_d7a8138978a7077130f8442f24d7c68a,"raw_hashes=1, full_hashes=1, body_hashes=1"
exact_cluster_6989ec60616f1b20,exact_raw_bytes,2,email_99b0b5e99bbf65bc978b7e4a3c6ab92b,clair,email_99b0b5e99bbf65bc978b7e4a3c6ab92b|email_99b0b5e99bbf65bc978b7e4a3c6ab92b,"raw_hashes=1, full_hashes=1, body_hashes=1"
exact_cluster_c8e5aec6aacee769,exact_raw_bytes,2,email_67b60aa7ccbe21cd1f2034599d6aea0f,clair,email_67b60aa7ccbe21cd1f2034599d6aea0f|email_67b60aa7ccbe21cd1f2034599d6aea0f,"raw_hashes=1, full_hashes=1, body_hashes=1"
exact_cluster_4e0b596f300e6204,exact_raw_bytes,2,email_29362af3bbb1d0c87154196f443e5a13,clair,email_29362af3bbb1d0c87154196f443e5a13|email_29362af3bbb1d0c87154196f443e5a13,"raw_hashes=1, full_hashes=1, body_hashes=1"
exact_cluster_f29435f3db946451,exact_raw_bytes,2,email_2dee947f1cb7971016fffeec8ac7146e,clair,email_2dee947f1cb7971016fffeec8ac7146e|email_2dee947f1cb7971016fffeec8ac7146e,"raw_hashes=1, full_hashes=1, body_hashes=1"
exact_cluster_d50211f3807a99af,exact_raw_bytes,4,email_b517e66e4256acbd8345107a7bcdaa33,clair,email_b517e66e4256acbd8345107a7bcdaa33|email_b517e66e4256acbd8345107a7bcdaa33|email_b517e66e4256acbd8345107a7bcdaa33|email_b517e66e4256acbd8345107a7bcdaa33,"raw_hashes=1, full_hashes=1, body_hashes=1"
exact_cluster_10fbe4ace9507f16,exact_raw_bytes,2,email_065092b27e75ad7cda91903ee185912f,clair,email_065092b27e75ad7cda91903ee185912f|email_065092b27e75ad7cda91903ee185912f,"raw_hashes=1, full_hashes=1, body_hashes=1"
exact_cluster_cafa0879e944e370,exact_raw_bytes,3,email_765d93635fb76f689b3a464329d31f37,clair,email_765d93635fb76f689b3a464329d31f37|email_765d93635fb76f689b3a464329d31f37|email_765d93635fb76f689b3a464329d31f37,"raw_hashes=1, full_hashes=1, body_hashes=1"
exact_cluster_2a991b8de7740a18,exact_raw_bytes,2,email_47406342d53488d654f48d981b16d174,clair,email_47406342d53488d654f48d981b16d174|email_47406342d53488d654f48d981b16d174,"raw_hashes=1, full_hashes=1, body_hashes=1"
exact_cluster_075ccb8248dee46c,exact_raw_bytes,2,email_151c48965b4ac162bac791eb4a07974b,clair,email_151c48965b4ac162bac791eb4a07974b|email_151c48965b4ac162bac791eb4a07974b,"raw_hashes=1, full_hashes=1, body_hashes=1"
exact_cluster_cd6fff93f34eb99a,exact_raw_bytes,3,email_8b43ba4baab4d20a8010c6a48d3e6d4b,clair,email_8b43ba4baab4d20a8010c6a48d3e6d4b|email_8b43ba4baab4d20a8010c6a48d3e6d4b|email_8b43ba4baab4d20a8010c6a48d3e6d4b,"raw_hashes=1, full_hashes=1, body_hashes=1"
exact_cluster_c389cc5b01d029d0,exact_raw_bytes,2,email_e883ff5927a425f20d1a1f30b783adf1,clair,email_e883ff5927a425f20d1a1f30b783adf1|email_e883ff5927a425f20d1a1f30b783adf1,"raw_hashes=1, full_hashes=1, body_hashes=1"
exact_cluster_fa70089925929819,exact_raw_bytes,3,email_727914731ba9692098ca179cff7c48de,clair,email_727914731ba9692098ca179cff7c48de|email_727914731ba9692098ca179cff7c48de|email_727914731ba9692098ca179cff7c48de,"raw_hashes=1, full_hashes=1, body_hashes=1"
exact_cluster_cc44742940ac896e,exact_raw_bytes,2,email_1e0b4fb1085f9cfb8a128acf449bb730,clair,email_1e0b4fb1085f9cfb8a128acf449bb730|email_1e0b4fb1085f9cfb8a128acf449bb730,"raw_hashes=1, full_hashes=1, body_hashes=1"
exact_cluster_70f7171348b58d11,exact_raw_bytes,2,email_4a20fbf4a2c2341e74b4f9dd334542fa,clair,email_4a20fbf4a2c2341e74b4f9dd334542fa|email_4a20fbf4a2c2341e74b4f9dd334542fa,"raw_hashes=1, full_hashes=1, body_hashes=1"
exact_cluster_e4a1509780bf1268,exact_raw_bytes,3,email_0889ef346b527fc74d0d2f2f339b42cd,clair,email_0889ef346b527fc74d0d2f2f339b42cd|email_0889ef346b527fc74d0d2f2f339b42cd|email_0889ef346b527fc74d0d2f2f339b42cd,"raw_hashes=1, full_hashes=1, body_hashes=1"
exact_cluster_fcd937ed0883cf35,exact_raw_bytes,2,email_41790e2e59589c66fd1eea2463bb2b8d,clair,email_41790e2e59589c66fd1eea2463bb2b8d|email_41790e2e59589c66fd1eea2463bb2b8d,"raw_hashes=1, full_hashes=1, body_hashes=1"
exact_cluster_36026a227fe23e37,exact_raw_bytes,2,email_5cccd9b27ae00a7fe92719dd9cb5a141,clair,email_5cccd9b27ae00a7fe92719dd9cb5a141|email_5cccd9b27ae00a7fe92719dd9cb5a141,"raw_hashes=1, full_hashes=1, body_hashes=1"
exact_cluster_7944936e73e8dab8,exact_raw_bytes,2,email_1e3c2895795eeb10f2d8699163a47668,clair,email_1e3c2895795eeb10f2d8699163a47668|email_1e3c2895795eeb10f2d8699163a47668,"raw_hashes=1, full_hashes=1, body_hashes=1"
exact_cluster_ac3748caf8d90612,exact_raw_bytes,7,email_f22d4e75983e84878070372dd8af945e,clair,email_f22d4e75983e84878070372dd8af945e|email_f22d4e75983e84878070372dd8af945e|email_f22d4e75983e84878070372dd8af945e|email_f22d4e75983e84878070372dd8af945e|email_f22d4e75983e84878070372dd8af945e|email_f22d4e75983e84878070372dd8af945e|email_f22d4e75983e84878070372dd8af945e,"raw_hashes=1, full_hashes=1, body_hashes=1"
exact_cluster_1e36f64ec7196ca1,exact_raw_bytes,3,email_c9e975c7432909ba6240388087f4fbef,clair,email_c9e975c7432909ba6240388087f4fbef|email_c9e975c7432909ba6240388087f4fbef|email_c9e975c7432909ba6240388087f4fbef,"raw_hashes=1, full_hashes=1, body_hashes=1"
exact_cluster_546a3889645d97e7,exact_raw_bytes,2,email_4567a14096bbd139ff895469bd4da77c,clair,email_4567a14096bbd139ff895469bd4da77c|email_4567a14096bbd139ff895469bd4da77c,"raw_hashes=1, full_hashes=1, body_hashes=1"
exact_cluster_16df31b950215cff,exact_raw_bytes,11,email_c6e350290358c671795370ed265b3ae8,clair,email_c6e350290358c671795370ed265b3ae8|email_c6e350290358c671795370ed265b3ae8|email_c6e350290358c671795370ed265b3ae8|email_c6e350290358c671795370ed265b3ae8|email_c6e350290358c671795370ed265b3ae8|email_c6e350290358c671795370ed265b3ae8|email_c6e350290358c671795370ed265b3ae8|email_c6e350290358c671795370ed265b3ae8|email_c6e350290358c671795370ed265b3ae8|email_c6e350290358c671795370ed265b3ae8|email_c6e350290358c671795370ed265b3ae8,"raw_hashes=1, full_hashes=1, body_hashes=1"
exact_cluster_a5ae013e1e17fd1d,exact_raw_bytes,2,email_385814d455f7f28a7c1f8999cd45708c,clair,email_385814d455f7f28a7c1f8999cd45708c|email_385814d455f7f28a7c1f8999cd45708c,"raw_hashes=1, full_hashes=1, body_hashes=1"
exact_cluster_eed3429f1a233ff9,exact_raw_bytes,2,email_2cc6b4b34c470644f1997dd40b17c85b,clair,email_2cc6b4b34c470644f1997dd40b17c85b|email_2cc6b4b34c470644f1997dd40b17c85b,"raw_hashes=1, full_hashes=1, body_hashes=1"
exact_cluster_10ccfc486c6dd8bb,exact_raw_bytes,2,email_02a552ae70a4177ec2566a16fbe81893,clair,email_02a552ae70a4177ec2566a16fbe81893|email_02a552ae70a4177ec2566a16fbe81893,"raw_hashes=1, full_hashes=1, body_hashes=1"
exact_cluster_e544e51f5be5cc5e,exact_raw_bytes,3,email_0ad662a3bf22c8a6c09b3fdabab5102c,clair,email_0ad662a3bf22c8a6c09b3fdabab5102c|email_0ad662a3bf22c8a6c09b3fdabab5102c|email_0ad662a3bf22c8a6c09b3fdabab5102c,"raw_hashes=1, full_hashes=1, body_hashes=1"
exact_cluster_2476a97480b6da32,exact_raw_bytes,2,email_4d90cc833073ff7baf0ac0316d3710cd,clair,email_4d90cc833073ff7baf0ac0316d3710cd|email_4d90cc833073ff7baf0ac0316d3710cd,"raw_hashes=1, full_hashes=1, body_hashes=1"
exact_cluster_807a1954e24ac850,exact_raw_bytes,2,email_c171037f773cdd61bbf4b52545ef2f6d,clair,email_c171037f773cdd61bbf4b52545ef2f6d|email_c171037f773cdd61bbf4b52545ef2f6d,"raw_hashes=1, full_hashes=1, body_hashes=1"
exact_cluster_8d0f3afa0e98602f,exact_raw_bytes,2,email_009093276db2fca934f82ad0536c65c0,clair,email_009093276db2fca934f82ad0536c65c0|email_009093276db2fca934f82ad0536c65c0,"raw_hashes=1, full_hashes=1, body_hashes=1"
exact_cluster_9827714f99a33b9c,exact_raw_bytes,2,email_51618d59b9f7c7cd885b6b1ee694ee98,clair,email_51618d59b9f7c7cd885b6b1ee694ee98|email_51618d59b9f7c7cd885b6b1ee694ee98,"raw_hashes=1, full_hashes=1, body_hashes=1"
exact_cluster_3b5654bae6c01bea,exact_raw_bytes,2,email_8f564bb88e5f457aa5dd3ad2b84f8a97,clair,email_8f564bb88e5f457aa5dd3ad2b84f8a97|email_8f564bb88e5f457aa5dd3ad2b84f8a97,"raw_hashes=1, full_hashes=1, body_hashes=1"
exact_cluster_631657bac8bc1119,exact_raw_bytes,2,email_ab9c57d87fbe7dbb5665cfb2bd6ff511,clair,email_ab9c57d87fbe7dbb5665cfb2bd6ff511|email_ab9c57d87fbe7dbb5665cfb2bd6ff511,"raw_hashes=1, full_hashes=1, body_hashes=1"
exact_cluster_b6ce78e5ec4ffdb7,exact_raw_bytes,2,email_7c70fa7448e26790e63b40836083b1a9,clair,email_7c70fa7448e26790e63b40836083b1a9|email_7c70fa7448e26790e63b40836083b1a9,"raw_hashes=1, full_hashes=1, body_hashes=1"
exact_cluster_8a1b8f20ab8d7e8f,exact_raw_bytes,2,email_166071addf66d7f00be60b7f78b5f65d,clair,email_166071addf66d7f00be60b7f78b5f65d|email_166071addf66d7f00be60b7f78b5f65d,"raw_hashes=1, full_hashes=1, body_hashes=1"
exact_cluster_591da7af7db635b7,exact_raw_bytes,2,email_1c3e3d875eedfa747b74fc51628d12a3,clair,email_1c3e3d875eedfa747b74fc51628d12a3|email_1c3e3d875eedfa747b74fc51628d12a3,"raw_hashes=1, full_hashes=1, body_hashes=1"
exact_cluster_230010cd9054cb1b,exact_raw_bytes,3,email_e11c9cb7774f936aedec66d6a3d7e23c,clair,email_e11c9cb7774f936aedec66d6a3d7e23c|email_e11c9cb7774f936aedec66d6a3d7e23c|email_e11c9cb7774f936aedec66d6a3d7e23c,"raw_hashes=1, full_hashes=1, body_hashes=1"
exact_cluster_ffe6ff75404f0646,exact_raw_bytes,2,email_382691446391c52f841145604b506885,clair,email_382691446391c52f841145604b506885|email_382691446391c52f841145604b506885,"raw_hashes=1, full_hashes=1, body_hashes=1"
exact_cluster_be9a27c59d22b3c7,exact_raw_bytes,2,email_eef12267c1f7d7d35045aa8656d1ecff,clair,email_eef12267c1f7d7d35045aa8656d1ecff|email_eef12267c1f7d7d35045aa8656d1ecff,"raw_hashes=1, full_hashes=1, body_hashes=1"
exact_cluster_8fa9daf1a1042232,exact_raw_bytes,2,email_2c0f26bd241aa98b5104c2e341711773,clair,email_2c0f26bd241aa98b5104c2e341711773|email_2c0f26bd241aa98b5104c2e341711773,"raw_hashes=1, full_hashes=1, body_hashes=1"
exact_cluster_b49955d30b18c213,exact_raw_bytes,2,email_c118c1e45f011aedd4c1a516d8471c37,clair,email_c118c1e45f011aedd4c1a516d8471c37|email_c118c1e45f011aedd4c1a516d8471c37,"raw_hashes=1, full_hashes=1, body_hashes=1"
exact_cluster_ff5d920eeacaccd5,exact_normalized_full,3,email_9e9ac1be1c3f645eb37150a90cb162f8,spamassassin,email_35d434cb40b85fbe9d9e7263e3e2b36b|email_9e9ac1be1c3f645eb37150a90cb162f8|email_d00207bd0c1a019189982780df6a255e,"raw_hashes=3, full_hashes=1, body_hashes=1"
exact_cluster_01201ac82421ba48,exact_normalized_full,2,email_353459c0081b107eabe48e69d1baf1ac,spamassassin,email_353459c0081b107eabe48e69d1baf1ac|email_549e292affeb5ff4adb7e6f454535b0b,"raw_hashes=2, full_hashes=1, body_hashes=1"
exact_cluster_090daae40779dc17,exact_normalized_full,2,email_23fb0621b9d870b3baf352f6edd204b5,spamassassin,email_23fb0621b9d870b3baf352f6edd204b5|email_5c836b0229986f1c458c5dfff183d534,"raw_hashes=2, full_hashes=1, body_hashes=1"
exact_cluster_5e5d0f0bc1c72d38,exact_normalized_full,2,email_45758f129a42d16bfaf37718510c2c4a,spamassassin,email_45758f129a42d16bfaf37718510c2c4a|email_6a6d76e90a20609bdd79abc5f3293cc4,"raw_hashes=2, full_hashes=1, body_hashes=1"
exact_cluster_4b9869124c29705b,exact_normalized_full,2,email_7476cbbfe9efdea9b712b27164402c3c,spamassassin,email_4b284ee38aeca6d2c6b4321ec2e81d38|email_7476cbbfe9efdea9b712b27164402c3c,"raw_hashes=2, full_hashes=1, body_hashes=1"
exact_cluster_d82009fac59415c2,exact_normalized_full,4,email_5419409dc6f7def9f43eeac6f3c91d3c,spamassassin,email_0939d9fb790efbb791050d43e3742d45|email_1d839ffc9d33f7d5ec01e7b70afd4350|email_5419409dc6f7def9f43eeac6f3c91d3c|email_fd1ef9bfaea9dd6fa49022e495591f94,"raw_hashes=4, full_hashes=1, body_hashes=1"
exact_cluster_15ea06a53a27f20a,exact_normalized_full,4,email_bca4c9482c3bde6e361fc118209f6491,spamassassin,email_47007052fe194eecbb93868e29406c4d|email_62a5098c7e46c5158fa0edd022101edd|email_bca4c9482c3bde6e361fc118209f6491|email_c1a95179fe138d844d442b407091a21b,"raw_hashes=4, full_hashes=1, body_hashes=1"
exact_cluster_4d0fc19ea0843614,exact_normalized_full,4,email_578328b6cfabe6888bce8f674a268ef5,spamassassin,email_296fbacd560195751bb0081ecf3e354d|email_578328b6cfabe6888bce8f674a268ef5|email_7cca8eac440d39dae864b50195e33001|email_a941c1227feab6f34c11b395c1ab2123,"raw_hashes=4, full_hashes=1, body_hashes=1"
exact_cluster_1c578104f80d4d6e,exact_normalized_full,4,email_c03a9759870fb4ce8bdf0fee039f0c07,spamassassin,email_2c3a2443ab9d57eed49c63f7e66dfadc|email_85aa7c87e445fc0ad52f78845831e194|email_922596428ae8c65cb8248ffb7b147f1d|email_c03a9759870fb4ce8bdf0fee039f0c07,"raw_hashes=4, full_hashes=1, body_hashes=1"
exact_cluster_e2c238ba02addda8,exact_normalized_full,3,email_fb9ea4f302d0427ec882092102453ec6,spamassassin,email_80908f5b867340c0a9810630328e36ca|email_baac42fa18838adf25d2a1ebd064e8f6|email_fb9ea4f302d0427ec882092102453ec6,"raw_hashes=3, full_hashes=1, body_hashes=1"
exact_cluster_447907f4762854e9,exact_normalized_full,3,email_367a5ed191f69de43537556d2150a378,spamassassin,email_367a5ed191f69de43537556d2150a378|email_d6a237b34ecd4496e7158fba905d474c|email_e05e3c2941d3f54d87282a298994838b,"raw_hashes=3, full_hashes=1, body_hashes=1"
exact_cluster_199123d57b7b021a,exact_normalized_full,3,email_39acb05567dfde0192ad0b1203bfb7ca,spamassassin,email_1ea31bb5a0305f35084747695e5a34a3|email_39acb05567dfde0192ad0b1203bfb7ca|email_5cbc073728784f890bf53328d284d1b3,"raw_hashes=3, full_hashes=1, body_hashes=1"
exact_cluster_ddb2f28ed9c22594,exact_normalized_full,3,email_9aad4260f0f5076d1a3a8e76a5316a62,spamassassin,email_69c3726d811e2a96e8a395600b326e2d|email_9aad4260f0f5076d1a3a8e76a5316a62|email_bb2b6040a144a7160a4c43d27058d266,"raw_hashes=3, full_hashes=1, body_hashes=1"
exact_cluster_77737ed19cebb9c2,exact_normalized_full,3,email_354fad370d591420864b2cd168d48173,spamassassin,email_0d5a71edc94df01ff6795bd2992203ee|email_354fad370d591420864b2cd168d48173|email_6fd7880d604926c0096c33737f53d58f,"raw_hashes=3, full_hashes=1, body_hashes=1"
